,id,question_type,exam_tips
0,1,TMC,"1. Remember Lambda's 15-minute execution limit. For longer-running tasks, consider ECS Fargate or EC2.
2. S3 Object Lock provides immutable storage with compliance features. Versioning must be enabled to use Object Lock.
3. Eliminate options that don't meet the core requirements. Look for solutions that are over-engineered, under-powered, or miss key constraints mentioned in the question.
4. This tests high-performing architecture design. Focus on scalability, performance optimization, and right-sizing resources."
1,2,TMC,"1. Focus on the key requirements: cost optimization, high availability, scalability. Always choose solutions that directly address these specific needs.
2. Remember Lambda's 15-minute execution limit. For longer-running tasks, consider ECS Fargate or EC2.
3. DynamoDB on-demand provides instant scaling without capacity planning, while provisioned capacity requires pre-planning but can be more cost-effective for predictable workloads.
4. S3 Object Lock provides immutable storage with compliance features. Versioning must be enabled to use Object Lock.
5. Eliminate options that don't meet the core requirements. Look for solutions that are over-engineered, under-powered, or miss key constraints mentioned in the question."
2,3,TMC,"1. Remember Lambda's 15-minute execution limit. For longer-running tasks, consider ECS Fargate or EC2.
2. Spot Instances can be interrupted with 2-minute notice. Never use for stateful or critical workloads that cannot tolerate interruptions.
3. Eliminate options that don't meet the core requirements. Look for solutions that are over-engineered, under-powered, or miss key constraints mentioned in the question.
4. This tests resilient architecture design. Focus on fault tolerance, disaster recovery, and high availability patterns."
3,4,TMCMA,"1. Focus on the key requirements: high availability. Always choose solutions that directly address these specific needs.
2. Eliminate options that don't meet the core requirements. Look for solutions that are over-engineered, under-powered, or miss key constraints mentioned in the question.
3. This tests high-performing architecture design. Focus on scalability, performance optimization, and right-sizing resources."
4,5,TMC,"1. Eliminate options that don't meet the core requirements. Look for solutions that are over-engineered, under-powered, or miss key constraints mentioned in the question.
2. This tests secure architecture design. Focus on defense in depth, least privilege, and data protection.
3. Read the question carefully and identify all requirements before evaluating options.
4. Managed services are generally preferred over self-managed solutions for operational efficiency.
5. Consider the trade-offs between cost, performance, and operational complexity when choosing between options."
5,6,TMCMA,"1. Eliminate options that don't meet the core requirements. Look for solutions that are over-engineered, under-powered, or miss key constraints mentioned in the question.
2. This tests high-performing architecture design. Focus on scalability, performance optimization, and right-sizing resources.
3. Read the question carefully and identify all requirements before evaluating options.
4. Managed services are generally preferred over self-managed solutions for operational efficiency.
5. Consider the trade-offs between cost, performance, and operational complexity when choosing between options."
6,7,TMC,"1. Focus on the key requirements: high availability. Always choose solutions that directly address these specific needs.
2. Eliminate options that don't meet the core requirements. Look for solutions that are over-engineered, under-powered, or miss key constraints mentioned in the question.
3. This tests resilient architecture design. Focus on fault tolerance, disaster recovery, and high availability patterns."
7,8,TMC,"1. S3 Object Lock provides immutable storage with compliance features. Versioning must be enabled to use Object Lock.
2. Eliminate options that don't meet the core requirements. Look for solutions that are over-engineered, under-powered, or miss key constraints mentioned in the question.
3. Apply the Cost Optimization pillar: right-size resources, use appropriate pricing models (on-demand vs reserved vs spot), and eliminate waste.
4. This tests cost-optimized architecture design. Focus on resource optimization, pricing models, and cost monitoring."
8,9,TMC,"1. Eliminate options that don't meet the core requirements. Look for solutions that are over-engineered, under-powered, or miss key constraints mentioned in the question.
2. This tests secure architecture design. Focus on defense in depth, least privilege, and data protection.
3. Read the question carefully and identify all requirements before evaluating options.
4. Managed services are generally preferred over self-managed solutions for operational efficiency.
5. Consider the trade-offs between cost, performance, and operational complexity when choosing between options."
9,10,TMCMA,"1. Focus on the key requirements: cost optimization. Always choose solutions that directly address these specific needs.
2. Remember Lambda's 15-minute execution limit. For longer-running tasks, consider ECS Fargate or EC2.
3. S3 Object Lock provides immutable storage with compliance features. Versioning must be enabled to use Object Lock.
4. Eliminate options that don't meet the core requirements. Look for solutions that are over-engineered, under-powered, or miss key constraints mentioned in the question.
5. Apply the Cost Optimization pillar: right-size resources, use appropriate pricing models (on-demand vs reserved vs spot), and eliminate waste."
10,11,TMC,"1. Focus on the key requirements: security. Always choose solutions that directly address these specific needs.
2. S3 Object Lock provides immutable storage with compliance features. Versioning must be enabled to use Object Lock.
3. Eliminate options that don't meet the core requirements. Look for solutions that are over-engineered, under-powered, or miss key constraints mentioned in the question.
4. This tests secure architecture design. Focus on defense in depth, least privilege, and data protection."
11,12,TMC,"1. S3 Object Lock provides immutable storage with compliance features. Versioning must be enabled to use Object Lock.
2. Eliminate options that don't meet the core requirements. Look for solutions that are over-engineered, under-powered, or miss key constraints mentioned in the question.
3. This tests secure architecture design. Focus on defense in depth, least privilege, and data protection."
12,13,TMC,"1. S3 Object Lock provides immutable storage with compliance features. Versioning must be enabled to use Object Lock.
2. Eliminate options that don't meet the core requirements. Look for solutions that are over-engineered, under-powered, or miss key constraints mentioned in the question.
3. Apply the Cost Optimization pillar: right-size resources, use appropriate pricing models (on-demand vs reserved vs spot), and eliminate waste.
4. This tests cost-optimized architecture design. Focus on resource optimization, pricing models, and cost monitoring."
13,14,TMC,"1. Remember Lambda's 15-minute execution limit. For longer-running tasks, consider ECS Fargate or EC2.
2. Eliminate options that don't meet the core requirements. Look for solutions that are over-engineered, under-powered, or miss key constraints mentioned in the question.
3. This tests secure architecture design. Focus on defense in depth, least privilege, and data protection."
14,15,TMC,"1. Focus on the key requirements: scalability. Always choose solutions that directly address these specific needs.
2. S3 Object Lock provides immutable storage with compliance features. Versioning must be enabled to use Object Lock.
3. Eliminate options that don't meet the core requirements. Look for solutions that are over-engineered, under-powered, or miss key constraints mentioned in the question.
4. Apply the Cost Optimization pillar: right-size resources, use appropriate pricing models (on-demand vs reserved vs spot), and eliminate waste.
5. This tests cost-optimized architecture design. Focus on resource optimization, pricing models, and cost monitoring."
15,16,TMC,"1. DynamoDB on-demand provides instant scaling without capacity planning, while provisioned capacity requires pre-planning but can be more cost-effective for predictable workloads.
2. Eliminate options that don't meet the core requirements. Look for solutions that are over-engineered, under-powered, or miss key constraints mentioned in the question.
3. This tests resilient architecture design. Focus on fault tolerance, disaster recovery, and high availability patterns."
16,17,TMC,"1. Remember Lambda's 15-minute execution limit. For longer-running tasks, consider ECS Fargate or EC2.
2. Eliminate options that don't meet the core requirements. Look for solutions that are over-engineered, under-powered, or miss key constraints mentioned in the question.
3. Apply the Cost Optimization pillar: right-size resources, use appropriate pricing models (on-demand vs reserved vs spot), and eliminate waste.
4. This tests cost-optimized architecture design. Focus on resource optimization, pricing models, and cost monitoring."
17,18,TMCMA,"1. Focus on the key requirements: performance optimization. Always choose solutions that directly address these specific needs.
2. Eliminate options that don't meet the core requirements. Look for solutions that are over-engineered, under-powered, or miss key constraints mentioned in the question.
3. This tests high-performing architecture design. Focus on scalability, performance optimization, and right-sizing resources."
18,19,TMCMA,"1. Eliminate options that don't meet the core requirements. Look for solutions that are over-engineered, under-powered, or miss key constraints mentioned in the question.
2. This tests secure architecture design. Focus on defense in depth, least privilege, and data protection.
3. Read the question carefully and identify all requirements before evaluating options.
4. Managed services are generally preferred over self-managed solutions for operational efficiency.
5. Consider the trade-offs between cost, performance, and operational complexity when choosing between options."
19,20,TMC,"1. S3 Object Lock provides immutable storage with compliance features. Versioning must be enabled to use Object Lock.
2. Eliminate options that don't meet the core requirements. Look for solutions that are over-engineered, under-powered, or miss key constraints mentioned in the question.
3. This tests secure architecture design. Focus on defense in depth, least privilege, and data protection."
20,21,TMC,"1. Eliminate options that don't meet the core requirements. Look for solutions that are over-engineered, under-powered, or miss key constraints mentioned in the question.
2. This tests secure architecture design. Focus on defense in depth, least privilege, and data protection.
3. Read the question carefully and identify all requirements before evaluating options.
4. Managed services are generally preferred over self-managed solutions for operational efficiency.
5. Consider the trade-offs between cost, performance, and operational complexity when choosing between options."
21,22,TMC,"1. Focus on the key requirements: security. Always choose solutions that directly address these specific needs.
2. S3 Object Lock provides immutable storage with compliance features. Versioning must be enabled to use Object Lock.
3. Eliminate options that don't meet the core requirements. Look for solutions that are over-engineered, under-powered, or miss key constraints mentioned in the question.
4. This tests secure architecture design. Focus on defense in depth, least privilege, and data protection."
22,23,TMC,"1. Eliminate options that don't meet the core requirements. Look for solutions that are over-engineered, under-powered, or miss key constraints mentioned in the question.
2. Apply the Cost Optimization pillar: right-size resources, use appropriate pricing models (on-demand vs reserved vs spot), and eliminate waste.
3. This tests secure architecture design. Focus on defense in depth, least privilege, and data protection."
23,24,TMC,"1. Eliminate options that don't meet the core requirements. Look for solutions that are over-engineered, under-powered, or miss key constraints mentioned in the question.
2. Apply the Cost Optimization pillar: right-size resources, use appropriate pricing models (on-demand vs reserved vs spot), and eliminate waste.
3. This tests cost-optimized architecture design. Focus on resource optimization, pricing models, and cost monitoring."
24,25,TMC,"1. S3 Object Lock provides immutable storage with compliance features. Versioning must be enabled to use Object Lock.
2. Eliminate options that don't meet the core requirements. Look for solutions that are over-engineered, under-powered, or miss key constraints mentioned in the question.
3. This tests secure architecture design. Focus on defense in depth, least privilege, and data protection."
25,26,TMC,"1. S3 Object Lock provides immutable storage with compliance features. Versioning must be enabled to use Object Lock.
2. Eliminate options that don't meet the core requirements. Look for solutions that are over-engineered, under-powered, or miss key constraints mentioned in the question.
3. This tests secure architecture design. Focus on defense in depth, least privilege, and data protection."
26,27,TMC,"1. Eliminate options that don't meet the core requirements. Look for solutions that are over-engineered, under-powered, or miss key constraints mentioned in the question.
2. Apply the Reliability pillar: design for failure, use multiple AZs, implement automated recovery, and choose managed services when possible.
3. This tests resilient architecture design. Focus on fault tolerance, disaster recovery, and high availability patterns."
27,28,TMC,"1. Focus on the key requirements: cost optimization, scalability. Always choose solutions that directly address these specific needs.
2. S3 Object Lock provides immutable storage with compliance features. Versioning must be enabled to use Object Lock.
3. Eliminate options that don't meet the core requirements. Look for solutions that are over-engineered, under-powered, or miss key constraints mentioned in the question.
4. Apply the Cost Optimization pillar: right-size resources, use appropriate pricing models (on-demand vs reserved vs spot), and eliminate waste.
5. This tests high-performing architecture design. Focus on scalability, performance optimization, and right-sizing resources."
28,29,TMC,"1. S3 Object Lock provides immutable storage with compliance features. Versioning must be enabled to use Object Lock.
2. Eliminate options that don't meet the core requirements. Look for solutions that are over-engineered, under-powered, or miss key constraints mentioned in the question.
3. Apply the Cost Optimization pillar: right-size resources, use appropriate pricing models (on-demand vs reserved vs spot), and eliminate waste.
4. This tests cost-optimized architecture design. Focus on resource optimization, pricing models, and cost monitoring."
29,30,TMC,"1. Focus on the key requirements: high availability. Always choose solutions that directly address these specific needs.
2. Eliminate options that don't meet the core requirements. Look for solutions that are over-engineered, under-powered, or miss key constraints mentioned in the question.
3. This tests resilient architecture design. Focus on fault tolerance, disaster recovery, and high availability patterns."
30,31,TMC,"1. Focus on the key requirements: performance optimization. Always choose solutions that directly address these specific needs.
2. S3 Object Lock provides immutable storage with compliance features. Versioning must be enabled to use Object Lock.
3. Eliminate options that don't meet the core requirements. Look for solutions that are over-engineered, under-powered, or miss key constraints mentioned in the question.
4. This tests high-performing architecture design. Focus on scalability, performance optimization, and right-sizing resources."
31,32,TMC,"1. Focus on the key requirements: cost optimization, minimal operational overhead. Always choose solutions that directly address these specific needs.
2. NAT Gateway is fully managed and preferred over NAT Instance for operational efficiency. NAT resources must be in public subnets to provide internet access to private subnets.
3. Eliminate options that don't meet the core requirements. Look for solutions that are over-engineered, under-powered, or miss key constraints mentioned in the question.
4. Apply the Cost Optimization pillar: right-size resources, use appropriate pricing models (on-demand vs reserved vs spot), and eliminate waste.
5. This tests resilient architecture design. Focus on fault tolerance, disaster recovery, and high availability patterns."
32,33,TMC,"1. Focus on the key requirements: performance optimization. Always choose solutions that directly address these specific needs.
2. Eliminate options that don't meet the core requirements. Look for solutions that are over-engineered, under-powered, or miss key constraints mentioned in the question.
3. This tests high-performing architecture design. Focus on scalability, performance optimization, and right-sizing resources."
33,34,TMC,"1. Focus on the key requirements: security. Always choose solutions that directly address these specific needs.
2. Remember Lambda's 15-minute execution limit. For longer-running tasks, consider ECS Fargate or EC2.
3. S3 Object Lock provides immutable storage with compliance features. Versioning must be enabled to use Object Lock.
4. Eliminate options that don't meet the core requirements. Look for solutions that are over-engineered, under-powered, or miss key constraints mentioned in the question.
5. This tests secure architecture design. Focus on defense in depth, least privilege, and data protection."
34,35,TMC,"1. Focus on the key requirements: security. Always choose solutions that directly address these specific needs.
2. S3 Object Lock provides immutable storage with compliance features. Versioning must be enabled to use Object Lock.
3. Eliminate options that don't meet the core requirements. Look for solutions that are over-engineered, under-powered, or miss key constraints mentioned in the question.
4. This tests secure architecture design. Focus on defense in depth, least privilege, and data protection."
35,36,TMC,"1. Focus on the key requirements: scalability, performance optimization. Always choose solutions that directly address these specific needs.
2. S3 Object Lock provides immutable storage with compliance features. Versioning must be enabled to use Object Lock.
3. Eliminate options that don't meet the core requirements. Look for solutions that are over-engineered, under-powered, or miss key constraints mentioned in the question.
4. This tests high-performing architecture design. Focus on scalability, performance optimization, and right-sizing resources."
36,37,TMC,"1. Focus on the key requirements: security. Always choose solutions that directly address these specific needs.
2. Eliminate options that don't meet the core requirements. Look for solutions that are over-engineered, under-powered, or miss key constraints mentioned in the question.
3. This tests secure architecture design. Focus on defense in depth, least privilege, and data protection."
37,38,TMC,"1. S3 Object Lock provides immutable storage with compliance features. Versioning must be enabled to use Object Lock.
2. Eliminate options that don't meet the core requirements. Look for solutions that are over-engineered, under-powered, or miss key constraints mentioned in the question.
3. Apply the Cost Optimization pillar: right-size resources, use appropriate pricing models (on-demand vs reserved vs spot), and eliminate waste.
4. This tests cost-optimized architecture design. Focus on resource optimization, pricing models, and cost monitoring."
38,39,TMC,"1. Eliminate options that don't meet the core requirements. Look for solutions that are over-engineered, under-powered, or miss key constraints mentioned in the question.
2. Apply the Reliability pillar: design for failure, use multiple AZs, implement automated recovery, and choose managed services when possible.
3. This tests resilient architecture design. Focus on fault tolerance, disaster recovery, and high availability patterns."
39,40,TMC,"1. Focus on the key requirements: security. Always choose solutions that directly address these specific needs.
2. S3 Object Lock provides immutable storage with compliance features. Versioning must be enabled to use Object Lock.
3. Eliminate options that don't meet the core requirements. Look for solutions that are over-engineered, under-powered, or miss key constraints mentioned in the question.
4. This tests secure architecture design. Focus on defense in depth, least privilege, and data protection."
40,41,TMC,"1. Remember Lambda's 15-minute execution limit. For longer-running tasks, consider ECS Fargate or EC2.
2. S3 Object Lock provides immutable storage with compliance features. Versioning must be enabled to use Object Lock.
3. Spot Instances can be interrupted with 2-minute notice. Never use for stateful or critical workloads that cannot tolerate interruptions.
4. Eliminate options that don't meet the core requirements. Look for solutions that are over-engineered, under-powered, or miss key constraints mentioned in the question.
5. Apply the Cost Optimization pillar: right-size resources, use appropriate pricing models (on-demand vs reserved vs spot), and eliminate waste."
41,42,TMCMA,"1. Eliminate options that don't meet the core requirements. Look for solutions that are over-engineered, under-powered, or miss key constraints mentioned in the question.
2. This tests cost-optimized architecture design. Focus on resource optimization, pricing models, and cost monitoring.
3. Read the question carefully and identify all requirements before evaluating options.
4. Managed services are generally preferred over self-managed solutions for operational efficiency.
5. Consider the trade-offs between cost, performance, and operational complexity when choosing between options."
42,43,TMC,"1. Eliminate options that don't meet the core requirements. Look for solutions that are over-engineered, under-powered, or miss key constraints mentioned in the question.
2. This tests resilient architecture design. Focus on fault tolerance, disaster recovery, and high availability patterns.
3. Read the question carefully and identify all requirements before evaluating options.
4. Managed services are generally preferred over self-managed solutions for operational efficiency.
5. Consider the trade-offs between cost, performance, and operational complexity when choosing between options."
43,44,TMC,"1. Eliminate options that don't meet the core requirements. Look for solutions that are over-engineered, under-powered, or miss key constraints mentioned in the question.
2. Apply the Reliability pillar: design for failure, use multiple AZs, implement automated recovery, and choose managed services when possible.
3. Apply the Cost Optimization pillar: right-size resources, use appropriate pricing models (on-demand vs reserved vs spot), and eliminate waste.
4. This tests cost-optimized architecture design. Focus on resource optimization, pricing models, and cost monitoring."
44,45,TMC,"1. Eliminate options that don't meet the core requirements. Look for solutions that are over-engineered, under-powered, or miss key constraints mentioned in the question.
2. Apply the Cost Optimization pillar: right-size resources, use appropriate pricing models (on-demand vs reserved vs spot), and eliminate waste.
3. This tests cost-optimized architecture design. Focus on resource optimization, pricing models, and cost monitoring."
45,46,TMC,"1. Remember Lambda's 15-minute execution limit. For longer-running tasks, consider ECS Fargate or EC2.
2. S3 Object Lock provides immutable storage with compliance features. Versioning must be enabled to use Object Lock.
3. Eliminate options that don't meet the core requirements. Look for solutions that are over-engineered, under-powered, or miss key constraints mentioned in the question.
4. Apply the Cost Optimization pillar: right-size resources, use appropriate pricing models (on-demand vs reserved vs spot), and eliminate waste.
5. This tests cost-optimized architecture design. Focus on resource optimization, pricing models, and cost monitoring."
46,47,TMC,"1. Remember Lambda's 15-minute execution limit. For longer-running tasks, consider ECS Fargate or EC2.
2. Eliminate options that don't meet the core requirements. Look for solutions that are over-engineered, under-powered, or miss key constraints mentioned in the question.
3. This tests resilient architecture design. Focus on fault tolerance, disaster recovery, and high availability patterns."
47,48,TMC,"1. Eliminate options that don't meet the core requirements. Look for solutions that are over-engineered, under-powered, or miss key constraints mentioned in the question.
2. Apply the Cost Optimization pillar: right-size resources, use appropriate pricing models (on-demand vs reserved vs spot), and eliminate waste.
3. This tests high-performing architecture design. Focus on scalability, performance optimization, and right-sizing resources."
48,49,TMC,"1. Focus on the key requirements: cost optimization. Always choose solutions that directly address these specific needs.
2. DynamoDB on-demand provides instant scaling without capacity planning, while provisioned capacity requires pre-planning but can be more cost-effective for predictable workloads.
3. Eliminate options that don't meet the core requirements. Look for solutions that are over-engineered, under-powered, or miss key constraints mentioned in the question.
4. Apply the Cost Optimization pillar: right-size resources, use appropriate pricing models (on-demand vs reserved vs spot), and eliminate waste.
5. This tests cost-optimized architecture design. Focus on resource optimization, pricing models, and cost monitoring."
49,50,TMC,"1. Eliminate options that don't meet the core requirements. Look for solutions that are over-engineered, under-powered, or miss key constraints mentioned in the question.
2. This tests resilient architecture design. Focus on fault tolerance, disaster recovery, and high availability patterns.
3. Read the question carefully and identify all requirements before evaluating options.
4. Managed services are generally preferred over self-managed solutions for operational efficiency.
5. Consider the trade-offs between cost, performance, and operational complexity when choosing between options."
50,51,TMC,"1. Remember Lambda's 15-minute execution limit. For longer-running tasks, consider ECS Fargate or EC2.
2. S3 Object Lock provides immutable storage with compliance features. Versioning must be enabled to use Object Lock.
3. Eliminate options that don't meet the core requirements. Look for solutions that are over-engineered, under-powered, or miss key constraints mentioned in the question.
4. This tests secure architecture design. Focus on defense in depth, least privilege, and data protection."
51,52,TMC,"1. Eliminate options that don't meet the core requirements. Look for solutions that are over-engineered, under-powered, or miss key constraints mentioned in the question.
2. This tests high-performing architecture design. Focus on scalability, performance optimization, and right-sizing resources.
3. Read the question carefully and identify all requirements before evaluating options.
4. Managed services are generally preferred over self-managed solutions for operational efficiency.
5. Consider the trade-offs between cost, performance, and operational complexity when choosing between options."
52,53,TMC,"1. Eliminate options that don't meet the core requirements. Look for solutions that are over-engineered, under-powered, or miss key constraints mentioned in the question.
2. Apply the Cost Optimization pillar: right-size resources, use appropriate pricing models (on-demand vs reserved vs spot), and eliminate waste.
3. This tests cost-optimized architecture design. Focus on resource optimization, pricing models, and cost monitoring."
53,54,TMC,"1. Focus on the key requirements: security. Always choose solutions that directly address these specific needs.
2. Eliminate options that don't meet the core requirements. Look for solutions that are over-engineered, under-powered, or miss key constraints mentioned in the question.
3. This tests secure architecture design. Focus on defense in depth, least privilege, and data protection."
54,55,TMC,"1. S3 Object Lock provides immutable storage with compliance features. Versioning must be enabled to use Object Lock.
2. Eliminate options that don't meet the core requirements. Look for solutions that are over-engineered, under-powered, or miss key constraints mentioned in the question.
3. This tests secure architecture design. Focus on defense in depth, least privilege, and data protection."
55,56,TMC,"1. Remember Lambda's 15-minute execution limit. For longer-running tasks, consider ECS Fargate or EC2.
2. DynamoDB on-demand provides instant scaling without capacity planning, while provisioned capacity requires pre-planning but can be more cost-effective for predictable workloads.
3. Eliminate options that don't meet the core requirements. Look for solutions that are over-engineered, under-powered, or miss key constraints mentioned in the question.
4. This tests resilient architecture design. Focus on fault tolerance, disaster recovery, and high availability patterns."
56,57,TMC,"1. Remember Lambda's 15-minute execution limit. For longer-running tasks, consider ECS Fargate or EC2.
2. Eliminate options that don't meet the core requirements. Look for solutions that are over-engineered, under-powered, or miss key constraints mentioned in the question.
3. This tests resilient architecture design. Focus on fault tolerance, disaster recovery, and high availability patterns."
57,58,TMC,"1. Focus on the key requirements: high availability. Always choose solutions that directly address these specific needs.
2. DynamoDB on-demand provides instant scaling without capacity planning, while provisioned capacity requires pre-planning but can be more cost-effective for predictable workloads.
3. Eliminate options that don't meet the core requirements. Look for solutions that are over-engineered, under-powered, or miss key constraints mentioned in the question.
4. This tests resilient architecture design. Focus on fault tolerance, disaster recovery, and high availability patterns."
58,59,TMCMA,"1. Focus on the key requirements: high availability. Always choose solutions that directly address these specific needs.
2. Eliminate options that don't meet the core requirements. Look for solutions that are over-engineered, under-powered, or miss key constraints mentioned in the question.
3. Apply the Reliability pillar: design for failure, use multiple AZs, implement automated recovery, and choose managed services when possible.
4. This tests resilient architecture design. Focus on fault tolerance, disaster recovery, and high availability patterns."
59,60,TMC,"1. Remember Lambda's 15-minute execution limit. For longer-running tasks, consider ECS Fargate or EC2.
2. S3 Object Lock provides immutable storage with compliance features. Versioning must be enabled to use Object Lock.
3. Eliminate options that don't meet the core requirements. Look for solutions that are over-engineered, under-powered, or miss key constraints mentioned in the question.
4. This tests high-performing architecture design. Focus on scalability, performance optimization, and right-sizing resources."
60,61,TMC,"1. S3 Object Lock provides immutable storage with compliance features. Versioning must be enabled to use Object Lock.
2. Eliminate options that don't meet the core requirements. Look for solutions that are over-engineered, under-powered, or miss key constraints mentioned in the question.
3. This tests high-performing architecture design. Focus on scalability, performance optimization, and right-sizing resources."
61,62,TMC,"1. Focus on the key requirements: security. Always choose solutions that directly address these specific needs.
2. Eliminate options that don't meet the core requirements. Look for solutions that are over-engineered, under-powered, or miss key constraints mentioned in the question.
3. This tests secure architecture design. Focus on defense in depth, least privilege, and data protection."
62,63,TMC,"1. S3 Object Lock provides immutable storage with compliance features. Versioning must be enabled to use Object Lock.
2. Eliminate options that don't meet the core requirements. Look for solutions that are over-engineered, under-powered, or miss key constraints mentioned in the question.
3. Apply the Cost Optimization pillar: right-size resources, use appropriate pricing models (on-demand vs reserved vs spot), and eliminate waste.
4. This tests cost-optimized architecture design. Focus on resource optimization, pricing models, and cost monitoring."
63,64,TMC,"1. Remember Lambda's 15-minute execution limit. For longer-running tasks, consider ECS Fargate or EC2.
2. S3 Object Lock provides immutable storage with compliance features. Versioning must be enabled to use Object Lock.
3. Eliminate options that don't meet the core requirements. Look for solutions that are over-engineered, under-powered, or miss key constraints mentioned in the question.
4. Apply the Cost Optimization pillar: right-size resources, use appropriate pricing models (on-demand vs reserved vs spot), and eliminate waste.
5. This tests cost-optimized architecture design. Focus on resource optimization, pricing models, and cost monitoring."
64,65,TMC,"1. S3 Object Lock provides immutable storage with compliance features. Versioning must be enabled to use Object Lock.
2. Eliminate options that don't meet the core requirements. Look for solutions that are over-engineered, under-powered, or miss key constraints mentioned in the question.
3. This tests high-performing architecture design. Focus on scalability, performance optimization, and right-sizing resources."
65,66,TMC,"1. Focus on the key requirements: high availability. Always choose solutions that directly address these specific needs.
2. Remember Lambda's 15-minute execution limit. For longer-running tasks, consider ECS Fargate or EC2.
3. S3 Object Lock provides immutable storage with compliance features. Versioning must be enabled to use Object Lock.
4. Eliminate options that don't meet the core requirements. Look for solutions that are over-engineered, under-powered, or miss key constraints mentioned in the question.
5. This tests resilient architecture design. Focus on fault tolerance, disaster recovery, and high availability patterns."
66,67,TMC,"1. DynamoDB on-demand provides instant scaling without capacity planning, while provisioned capacity requires pre-planning but can be more cost-effective for predictable workloads.
2. Eliminate options that don't meet the core requirements. Look for solutions that are over-engineered, under-powered, or miss key constraints mentioned in the question.
3. Apply the Cost Optimization pillar: right-size resources, use appropriate pricing models (on-demand vs reserved vs spot), and eliminate waste.
4. This tests cost-optimized architecture design. Focus on resource optimization, pricing models, and cost monitoring."
67,68,TMC,"1. Focus on the key requirements: security. Always choose solutions that directly address these specific needs.
2. S3 Object Lock provides immutable storage with compliance features. Versioning must be enabled to use Object Lock.
3. Eliminate options that don't meet the core requirements. Look for solutions that are over-engineered, under-powered, or miss key constraints mentioned in the question.
4. This tests secure architecture design. Focus on defense in depth, least privilege, and data protection."
68,69,TMC,"1. Eliminate options that don't meet the core requirements. Look for solutions that are over-engineered, under-powered, or miss key constraints mentioned in the question.
2. This tests high-performing architecture design. Focus on scalability, performance optimization, and right-sizing resources.
3. Read the question carefully and identify all requirements before evaluating options.
4. Managed services are generally preferred over self-managed solutions for operational efficiency.
5. Consider the trade-offs between cost, performance, and operational complexity when choosing between options."
69,70,TMC,"1. S3 Object Lock provides immutable storage with compliance features. Versioning must be enabled to use Object Lock.
2. Eliminate options that don't meet the core requirements. Look for solutions that are over-engineered, under-powered, or miss key constraints mentioned in the question.
3. This tests secure architecture design. Focus on defense in depth, least privilege, and data protection."
70,71,TMC,"1. Remember Lambda's 15-minute execution limit. For longer-running tasks, consider ECS Fargate or EC2.
2. DynamoDB on-demand provides instant scaling without capacity planning, while provisioned capacity requires pre-planning but can be more cost-effective for predictable workloads.
3. Eliminate options that don't meet the core requirements. Look for solutions that are over-engineered, under-powered, or miss key constraints mentioned in the question.
4. This tests high-performing architecture design. Focus on scalability, performance optimization, and right-sizing resources."
71,72,TMCMA,"1. Eliminate options that don't meet the core requirements. Look for solutions that are over-engineered, under-powered, or miss key constraints mentioned in the question.
2. Apply the Cost Optimization pillar: right-size resources, use appropriate pricing models (on-demand vs reserved vs spot), and eliminate waste.
3. This tests cost-optimized architecture design. Focus on resource optimization, pricing models, and cost monitoring."
72,73,TMC,"1. S3 Object Lock provides immutable storage with compliance features. Versioning must be enabled to use Object Lock.
2. Eliminate options that don't meet the core requirements. Look for solutions that are over-engineered, under-powered, or miss key constraints mentioned in the question.
3. This tests secure architecture design. Focus on defense in depth, least privilege, and data protection."
73,74,TMC,"1. Eliminate options that don't meet the core requirements. Look for solutions that are over-engineered, under-powered, or miss key constraints mentioned in the question.
2. Apply the Cost Optimization pillar: right-size resources, use appropriate pricing models (on-demand vs reserved vs spot), and eliminate waste.
3. This tests cost-optimized architecture design. Focus on resource optimization, pricing models, and cost monitoring."
74,75,TMC,"1. S3 Object Lock provides immutable storage with compliance features. Versioning must be enabled to use Object Lock.
2. Eliminate options that don't meet the core requirements. Look for solutions that are over-engineered, under-powered, or miss key constraints mentioned in the question.
3. This tests resilient architecture design. Focus on fault tolerance, disaster recovery, and high availability patterns."
75,76,TMCMA,"1. Focus on the key requirements: security. Always choose solutions that directly address these specific needs.
2. Eliminate options that don't meet the core requirements. Look for solutions that are over-engineered, under-powered, or miss key constraints mentioned in the question.
3. This tests secure architecture design. Focus on defense in depth, least privilege, and data protection."
76,77,TMC,"1. Focus on the key requirements: cost optimization. Always choose solutions that directly address these specific needs.
2. Remember Lambda's 15-minute execution limit. For longer-running tasks, consider ECS Fargate or EC2.
3. DynamoDB on-demand provides instant scaling without capacity planning, while provisioned capacity requires pre-planning but can be more cost-effective for predictable workloads.
4. Eliminate options that don't meet the core requirements. Look for solutions that are over-engineered, under-powered, or miss key constraints mentioned in the question.
5. Apply the Cost Optimization pillar: right-size resources, use appropriate pricing models (on-demand vs reserved vs spot), and eliminate waste."
77,78,TMC,"1. Focus on the key requirements: high availability. Always choose solutions that directly address these specific needs.
2. S3 Object Lock provides immutable storage with compliance features. Versioning must be enabled to use Object Lock.
3. Eliminate options that don't meet the core requirements. Look for solutions that are over-engineered, under-powered, or miss key constraints mentioned in the question.
4. This tests resilient architecture design. Focus on fault tolerance, disaster recovery, and high availability patterns."
78,79,TMC,"1. Focus on the key requirements: high availability, scalability. Always choose solutions that directly address these specific needs.
2. S3 Object Lock provides immutable storage with compliance features. Versioning must be enabled to use Object Lock.
3. Eliminate options that don't meet the core requirements. Look for solutions that are over-engineered, under-powered, or miss key constraints mentioned in the question.
4. This tests resilient architecture design. Focus on fault tolerance, disaster recovery, and high availability patterns."
79,80,TMC,"1. S3 Object Lock provides immutable storage with compliance features. Versioning must be enabled to use Object Lock.
2. Eliminate options that don't meet the core requirements. Look for solutions that are over-engineered, under-powered, or miss key constraints mentioned in the question.
3. Apply the Cost Optimization pillar: right-size resources, use appropriate pricing models (on-demand vs reserved vs spot), and eliminate waste.
4. This tests cost-optimized architecture design. Focus on resource optimization, pricing models, and cost monitoring."
80,81,TMC,"1. S3 Object Lock provides immutable storage with compliance features. Versioning must be enabled to use Object Lock.
2. Eliminate options that don't meet the core requirements. Look for solutions that are over-engineered, under-powered, or miss key constraints mentioned in the question.
3. This tests cost-optimized architecture design. Focus on resource optimization, pricing models, and cost monitoring."
81,82,TMC,"1. Focus on the key requirements: security. Always choose solutions that directly address these specific needs.
2. Eliminate options that don't meet the core requirements. Look for solutions that are over-engineered, under-powered, or miss key constraints mentioned in the question.
3. This tests secure architecture design. Focus on defense in depth, least privilege, and data protection."
82,83,TMC,"1. Focus on the key requirements: cost optimization, high availability, scalability. Always choose solutions that directly address these specific needs.
2. Eliminate options that don't meet the core requirements. Look for solutions that are over-engineered, under-powered, or miss key constraints mentioned in the question.
3. Apply the Cost Optimization pillar: right-size resources, use appropriate pricing models (on-demand vs reserved vs spot), and eliminate waste.
4. This tests high-performing architecture design. Focus on scalability, performance optimization, and right-sizing resources."
83,84,TMC,"1. Remember Lambda's 15-minute execution limit. For longer-running tasks, consider ECS Fargate or EC2.
2. S3 Object Lock provides immutable storage with compliance features. Versioning must be enabled to use Object Lock.
3. Eliminate options that don't meet the core requirements. Look for solutions that are over-engineered, under-powered, or miss key constraints mentioned in the question.
4. Apply the Cost Optimization pillar: right-size resources, use appropriate pricing models (on-demand vs reserved vs spot), and eliminate waste.
5. This tests cost-optimized architecture design. Focus on resource optimization, pricing models, and cost monitoring."
84,85,TMC,"1. Focus on the key requirements: scalability. Always choose solutions that directly address these specific needs.
2. Remember Lambda's 15-minute execution limit. For longer-running tasks, consider ECS Fargate or EC2.
3. DynamoDB on-demand provides instant scaling without capacity planning, while provisioned capacity requires pre-planning but can be more cost-effective for predictable workloads.
4. S3 Object Lock provides immutable storage with compliance features. Versioning must be enabled to use Object Lock.
5. Eliminate options that don't meet the core requirements. Look for solutions that are over-engineered, under-powered, or miss key constraints mentioned in the question."
85,86,TMC,"1. Remember Lambda's 15-minute execution limit. For longer-running tasks, consider ECS Fargate or EC2.
2. Eliminate options that don't meet the core requirements. Look for solutions that are over-engineered, under-powered, or miss key constraints mentioned in the question.
3. This tests high-performing architecture design. Focus on scalability, performance optimization, and right-sizing resources."
86,87,TMC,"1. Eliminate options that don't meet the core requirements. Look for solutions that are over-engineered, under-powered, or miss key constraints mentioned in the question.
2. This tests resilient architecture design. Focus on fault tolerance, disaster recovery, and high availability patterns.
3. Read the question carefully and identify all requirements before evaluating options.
4. Managed services are generally preferred over self-managed solutions for operational efficiency.
5. Consider the trade-offs between cost, performance, and operational complexity when choosing between options."
87,88,TMC,"1. Focus on the key requirements: high availability, security. Always choose solutions that directly address these specific needs.
2. Eliminate options that don't meet the core requirements. Look for solutions that are over-engineered, under-powered, or miss key constraints mentioned in the question.
3. This tests resilient architecture design. Focus on fault tolerance, disaster recovery, and high availability patterns."
88,89,TMCMA,"1. Remember Lambda's 15-minute execution limit. For longer-running tasks, consider ECS Fargate or EC2.
2. S3 Object Lock provides immutable storage with compliance features. Versioning must be enabled to use Object Lock.
3. Eliminate options that don't meet the core requirements. Look for solutions that are over-engineered, under-powered, or miss key constraints mentioned in the question.
4. This tests high-performing architecture design. Focus on scalability, performance optimization, and right-sizing resources."
89,90,TMC,"1. Focus on the key requirements: high availability, security, performance optimization. Always choose solutions that directly address these specific needs.
2. S3 Object Lock provides immutable storage with compliance features. Versioning must be enabled to use Object Lock.
3. Eliminate options that don't meet the core requirements. Look for solutions that are over-engineered, under-powered, or miss key constraints mentioned in the question.
4. This tests high-performing architecture design. Focus on scalability, performance optimization, and right-sizing resources."
90,91,TMC,"1. Eliminate options that don't meet the core requirements. Look for solutions that are over-engineered, under-powered, or miss key constraints mentioned in the question.
2. This tests high-performing architecture design. Focus on scalability, performance optimization, and right-sizing resources.
3. Read the question carefully and identify all requirements before evaluating options.
4. Managed services are generally preferred over self-managed solutions for operational efficiency.
5. Consider the trade-offs between cost, performance, and operational complexity when choosing between options."
91,92,TMC,"1. Eliminate options that don't meet the core requirements. Look for solutions that are over-engineered, under-powered, or miss key constraints mentioned in the question.
2. This tests secure architecture design. Focus on defense in depth, least privilege, and data protection.
3. Read the question carefully and identify all requirements before evaluating options.
4. Managed services are generally preferred over self-managed solutions for operational efficiency.
5. Consider the trade-offs between cost, performance, and operational complexity when choosing between options."
92,93,TMC,"1. Remember Lambda's 15-minute execution limit. For longer-running tasks, consider ECS Fargate or EC2.
2. S3 Object Lock provides immutable storage with compliance features. Versioning must be enabled to use Object Lock.
3. Eliminate options that don't meet the core requirements. Look for solutions that are over-engineered, under-powered, or miss key constraints mentioned in the question.
4. Apply the Cost Optimization pillar: right-size resources, use appropriate pricing models (on-demand vs reserved vs spot), and eliminate waste.
5. This tests cost-optimized architecture design. Focus on resource optimization, pricing models, and cost monitoring."
93,94,TMC,"1. Focus on the key requirements: cost optimization, minimal operational overhead. Always choose solutions that directly address these specific needs.
2. Remember Lambda's 15-minute execution limit. For longer-running tasks, consider ECS Fargate or EC2.
3. Eliminate options that don't meet the core requirements. Look for solutions that are over-engineered, under-powered, or miss key constraints mentioned in the question.
4. Apply the Cost Optimization pillar: right-size resources, use appropriate pricing models (on-demand vs reserved vs spot), and eliminate waste.
5. This tests resilient architecture design. Focus on fault tolerance, disaster recovery, and high availability patterns."
94,95,TMCMA,"1. Remember Lambda's 15-minute execution limit. For longer-running tasks, consider ECS Fargate or EC2.
2. S3 Object Lock provides immutable storage with compliance features. Versioning must be enabled to use Object Lock.
3. Eliminate options that don't meet the core requirements. Look for solutions that are over-engineered, under-powered, or miss key constraints mentioned in the question.
4. This tests high-performing architecture design. Focus on scalability, performance optimization, and right-sizing resources."
95,96,TMCMA,"1. Remember Lambda's 15-minute execution limit. For longer-running tasks, consider ECS Fargate or EC2.
2. DynamoDB on-demand provides instant scaling without capacity planning, while provisioned capacity requires pre-planning but can be more cost-effective for predictable workloads.
3. S3 Object Lock provides immutable storage with compliance features. Versioning must be enabled to use Object Lock.
4. Eliminate options that don't meet the core requirements. Look for solutions that are over-engineered, under-powered, or miss key constraints mentioned in the question.
5. Apply the Cost Optimization pillar: right-size resources, use appropriate pricing models (on-demand vs reserved vs spot), and eliminate waste."
96,97,TMC,"1. DynamoDB on-demand provides instant scaling without capacity planning, while provisioned capacity requires pre-planning but can be more cost-effective for predictable workloads.
2. Eliminate options that don't meet the core requirements. Look for solutions that are over-engineered, under-powered, or miss key constraints mentioned in the question.
3. This tests high-performing architecture design. Focus on scalability, performance optimization, and right-sizing resources."
97,98,TMCMA,"1. Focus on the key requirements: security. Always choose solutions that directly address these specific needs.
2. Remember Lambda's 15-minute execution limit. For longer-running tasks, consider ECS Fargate or EC2.
3. S3 Object Lock provides immutable storage with compliance features. Versioning must be enabled to use Object Lock.
4. Eliminate options that don't meet the core requirements. Look for solutions that are over-engineered, under-powered, or miss key constraints mentioned in the question.
5. This tests secure architecture design. Focus on defense in depth, least privilege, and data protection."
98,99,TMC,"1. Focus on the key requirements: security. Always choose solutions that directly address these specific needs.
2. Remember Lambda's 15-minute execution limit. For longer-running tasks, consider ECS Fargate or EC2.
3. Eliminate options that don't meet the core requirements. Look for solutions that are over-engineered, under-powered, or miss key constraints mentioned in the question.
4. This tests secure architecture design. Focus on defense in depth, least privilege, and data protection."
99,100,TMC,"1. Remember Lambda's 15-minute execution limit. For longer-running tasks, consider ECS Fargate or EC2.
2. NAT Gateway is fully managed and preferred over NAT Instance for operational efficiency. NAT resources must be in public subnets to provide internet access to private subnets.
3. Eliminate options that don't meet the core requirements. Look for solutions that are over-engineered, under-powered, or miss key constraints mentioned in the question.
4. Apply the Reliability pillar: design for failure, use multiple AZs, implement automated recovery, and choose managed services when possible.
5. This tests resilient architecture design. Focus on fault tolerance, disaster recovery, and high availability patterns."
100,101,TMC,"1. Eliminate options that don't meet the core requirements. Look for solutions that are over-engineered, under-powered, or miss key constraints mentioned in the question.
2. This tests high-performing architecture design. Focus on scalability, performance optimization, and right-sizing resources.
3. Read the question carefully and identify all requirements before evaluating options.
4. Managed services are generally preferred over self-managed solutions for operational efficiency.
5. Consider the trade-offs between cost, performance, and operational complexity when choosing between options."
101,102,TMC,"1. Focus on the key requirements: cost optimization. Always choose solutions that directly address these specific needs.
2. Remember Lambda's 15-minute execution limit. For longer-running tasks, consider ECS Fargate or EC2.
3. Eliminate options that don't meet the core requirements. Look for solutions that are over-engineered, under-powered, or miss key constraints mentioned in the question.
4. Apply the Cost Optimization pillar: right-size resources, use appropriate pricing models (on-demand vs reserved vs spot), and eliminate waste.
5. This tests cost-optimized architecture design. Focus on resource optimization, pricing models, and cost monitoring."
102,103,TMC,"1. Focus on the key requirements: security. Always choose solutions that directly address these specific needs.
2. NAT Gateway is fully managed and preferred over NAT Instance for operational efficiency. NAT resources must be in public subnets to provide internet access to private subnets.
3. Eliminate options that don't meet the core requirements. Look for solutions that are over-engineered, under-powered, or miss key constraints mentioned in the question.
4. This tests secure architecture design. Focus on defense in depth, least privilege, and data protection."
103,104,TMC,"1. Remember Lambda's 15-minute execution limit. For longer-running tasks, consider ECS Fargate or EC2.
2. Eliminate options that don't meet the core requirements. Look for solutions that are over-engineered, under-powered, or miss key constraints mentioned in the question.
3. This tests resilient architecture design. Focus on fault tolerance, disaster recovery, and high availability patterns."
104,105,TMC,"1. Focus on the key requirements: performance optimization. Always choose solutions that directly address these specific needs.
2. Remember Lambda's 15-minute execution limit. For longer-running tasks, consider ECS Fargate or EC2.
3. DynamoDB on-demand provides instant scaling without capacity planning, while provisioned capacity requires pre-planning but can be more cost-effective for predictable workloads.
4. Eliminate options that don't meet the core requirements. Look for solutions that are over-engineered, under-powered, or miss key constraints mentioned in the question.
5. This tests high-performing architecture design. Focus on scalability, performance optimization, and right-sizing resources."
105,106,TMC,"1. Focus on the key requirements: performance optimization. Always choose solutions that directly address these specific needs.
2. Eliminate options that don't meet the core requirements. Look for solutions that are over-engineered, under-powered, or miss key constraints mentioned in the question.
3. Apply the Cost Optimization pillar: right-size resources, use appropriate pricing models (on-demand vs reserved vs spot), and eliminate waste.
4. This tests high-performing architecture design. Focus on scalability, performance optimization, and right-sizing resources."
106,107,TMCMA,"1. S3 Object Lock provides immutable storage with compliance features. Versioning must be enabled to use Object Lock.
2. Eliminate options that don't meet the core requirements. Look for solutions that are over-engineered, under-powered, or miss key constraints mentioned in the question.
3. This tests secure architecture design. Focus on defense in depth, least privilege, and data protection."
107,108,TMC,"1. Eliminate options that don't meet the core requirements. Look for solutions that are over-engineered, under-powered, or miss key constraints mentioned in the question.
2. Apply the Cost Optimization pillar: right-size resources, use appropriate pricing models (on-demand vs reserved vs spot), and eliminate waste.
3. This tests cost-optimized architecture design. Focus on resource optimization, pricing models, and cost monitoring."
108,109,TMCMA,"1. Focus on the key requirements: security. Always choose solutions that directly address these specific needs.
2. Remember Lambda's 15-minute execution limit. For longer-running tasks, consider ECS Fargate or EC2.
3. Eliminate options that don't meet the core requirements. Look for solutions that are over-engineered, under-powered, or miss key constraints mentioned in the question.
4. This tests secure architecture design. Focus on defense in depth, least privilege, and data protection."
109,110,TMC,"1. Focus on the key requirements: scalability. Always choose solutions that directly address these specific needs.
2. Eliminate options that don't meet the core requirements. Look for solutions that are over-engineered, under-powered, or miss key constraints mentioned in the question.
3. This tests high-performing architecture design. Focus on scalability, performance optimization, and right-sizing resources."
110,111,TMC,"1. Focus on the key requirements: security. Always choose solutions that directly address these specific needs.
2. Eliminate options that don't meet the core requirements. Look for solutions that are over-engineered, under-powered, or miss key constraints mentioned in the question.
3. This tests secure architecture design. Focus on defense in depth, least privilege, and data protection."
111,112,TMC,"1. Focus on the key requirements: cost optimization. Always choose solutions that directly address these specific needs.
2. Remember Lambda's 15-minute execution limit. For longer-running tasks, consider ECS Fargate or EC2.
3. S3 Object Lock provides immutable storage with compliance features. Versioning must be enabled to use Object Lock.
4. Eliminate options that don't meet the core requirements. Look for solutions that are over-engineered, under-powered, or miss key constraints mentioned in the question.
5. Apply the Cost Optimization pillar: right-size resources, use appropriate pricing models (on-demand vs reserved vs spot), and eliminate waste."
112,113,TMC,"1. Remember Lambda's 15-minute execution limit. For longer-running tasks, consider ECS Fargate or EC2.
2. DynamoDB on-demand provides instant scaling without capacity planning, while provisioned capacity requires pre-planning but can be more cost-effective for predictable workloads.
3. S3 Object Lock provides immutable storage with compliance features. Versioning must be enabled to use Object Lock.
4. Eliminate options that don't meet the core requirements. Look for solutions that are over-engineered, under-powered, or miss key constraints mentioned in the question.
5. This tests high-performing architecture design. Focus on scalability, performance optimization, and right-sizing resources."
113,114,TMC,"1. Remember Lambda's 15-minute execution limit. For longer-running tasks, consider ECS Fargate or EC2.
2. S3 Object Lock provides immutable storage with compliance features. Versioning must be enabled to use Object Lock.
3. Eliminate options that don't meet the core requirements. Look for solutions that are over-engineered, under-powered, or miss key constraints mentioned in the question.
4. This tests cost-optimized architecture design. Focus on resource optimization, pricing models, and cost monitoring."
114,115,TMC,"1. Eliminate options that don't meet the core requirements. Look for solutions that are over-engineered, under-powered, or miss key constraints mentioned in the question.
2. This tests high-performing architecture design. Focus on scalability, performance optimization, and right-sizing resources.
3. Read the question carefully and identify all requirements before evaluating options.
4. Managed services are generally preferred over self-managed solutions for operational efficiency.
5. Consider the trade-offs between cost, performance, and operational complexity when choosing between options."
115,116,TMCMA,"1. Focus on the key requirements: scalability. Always choose solutions that directly address these specific needs.
2. Remember Lambda's 15-minute execution limit. For longer-running tasks, consider ECS Fargate or EC2.
3. Eliminate options that don't meet the core requirements. Look for solutions that are over-engineered, under-powered, or miss key constraints mentioned in the question.
4. This tests high-performing architecture design. Focus on scalability, performance optimization, and right-sizing resources."
116,117,TMC,"1. DynamoDB on-demand provides instant scaling without capacity planning, while provisioned capacity requires pre-planning but can be more cost-effective for predictable workloads.
2. Eliminate options that don't meet the core requirements. Look for solutions that are over-engineered, under-powered, or miss key constraints mentioned in the question.
3. Apply the Cost Optimization pillar: right-size resources, use appropriate pricing models (on-demand vs reserved vs spot), and eliminate waste.
4. This tests cost-optimized architecture design. Focus on resource optimization, pricing models, and cost monitoring."
117,118,TMCMA,"1. S3 Object Lock provides immutable storage with compliance features. Versioning must be enabled to use Object Lock.
2. Eliminate options that don't meet the core requirements. Look for solutions that are over-engineered, under-powered, or miss key constraints mentioned in the question.
3. This tests resilient architecture design. Focus on fault tolerance, disaster recovery, and high availability patterns."
118,119,TMC,"1. DynamoDB on-demand provides instant scaling without capacity planning, while provisioned capacity requires pre-planning but can be more cost-effective for predictable workloads.
2. S3 Object Lock provides immutable storage with compliance features. Versioning must be enabled to use Object Lock.
3. Eliminate options that don't meet the core requirements. Look for solutions that are over-engineered, under-powered, or miss key constraints mentioned in the question.
4. This tests cost-optimized architecture design. Focus on resource optimization, pricing models, and cost monitoring."
119,120,TMC,"1. S3 Object Lock provides immutable storage with compliance features. Versioning must be enabled to use Object Lock.
2. Eliminate options that don't meet the core requirements. Look for solutions that are over-engineered, under-powered, or miss key constraints mentioned in the question.
3. This tests high-performing architecture design. Focus on scalability, performance optimization, and right-sizing resources."
120,121,TMC,"1. Focus on the key requirements: scalability. Always choose solutions that directly address these specific needs.
2. Eliminate options that don't meet the core requirements. Look for solutions that are over-engineered, under-powered, or miss key constraints mentioned in the question.
3. Apply the Cost Optimization pillar: right-size resources, use appropriate pricing models (on-demand vs reserved vs spot), and eliminate waste.
4. This tests cost-optimized architecture design. Focus on resource optimization, pricing models, and cost monitoring."
121,122,TMC,"1. DynamoDB on-demand provides instant scaling without capacity planning, while provisioned capacity requires pre-planning but can be more cost-effective for predictable workloads.
2. S3 Object Lock provides immutable storage with compliance features. Versioning must be enabled to use Object Lock.
3. Eliminate options that don't meet the core requirements. Look for solutions that are over-engineered, under-powered, or miss key constraints mentioned in the question.
4. This tests high-performing architecture design. Focus on scalability, performance optimization, and right-sizing resources."
122,123,TMC,"1. Eliminate options that don't meet the core requirements. Look for solutions that are over-engineered, under-powered, or miss key constraints mentioned in the question.
2. This tests high-performing architecture design. Focus on scalability, performance optimization, and right-sizing resources.
3. Read the question carefully and identify all requirements before evaluating options.
4. Managed services are generally preferred over self-managed solutions for operational efficiency.
5. Consider the trade-offs between cost, performance, and operational complexity when choosing between options."
123,124,TMC,"1. S3 Object Lock provides immutable storage with compliance features. Versioning must be enabled to use Object Lock.
2. Eliminate options that don't meet the core requirements. Look for solutions that are over-engineered, under-powered, or miss key constraints mentioned in the question.
3. Apply the Reliability pillar: design for failure, use multiple AZs, implement automated recovery, and choose managed services when possible.
4. This tests resilient architecture design. Focus on fault tolerance, disaster recovery, and high availability patterns."
124,125,TMC,"1. Remember Lambda's 15-minute execution limit. For longer-running tasks, consider ECS Fargate or EC2.
2. S3 Object Lock provides immutable storage with compliance features. Versioning must be enabled to use Object Lock.
3. Eliminate options that don't meet the core requirements. Look for solutions that are over-engineered, under-powered, or miss key constraints mentioned in the question.
4. This tests secure architecture design. Focus on defense in depth, least privilege, and data protection."
125,126,TMC,"1. Focus on the key requirements: performance optimization. Always choose solutions that directly address these specific needs.
2. DynamoDB on-demand provides instant scaling without capacity planning, while provisioned capacity requires pre-planning but can be more cost-effective for predictable workloads.
3. Eliminate options that don't meet the core requirements. Look for solutions that are over-engineered, under-powered, or miss key constraints mentioned in the question.
4. This tests high-performing architecture design. Focus on scalability, performance optimization, and right-sizing resources."
126,127,TMC,"1. Remember Lambda's 15-minute execution limit. For longer-running tasks, consider ECS Fargate or EC2.
2. S3 Object Lock provides immutable storage with compliance features. Versioning must be enabled to use Object Lock.
3. Eliminate options that don't meet the core requirements. Look for solutions that are over-engineered, under-powered, or miss key constraints mentioned in the question.
4. This tests secure architecture design. Focus on defense in depth, least privilege, and data protection."
127,128,TMC,"1. S3 Object Lock provides immutable storage with compliance features. Versioning must be enabled to use Object Lock.
2. Eliminate options that don't meet the core requirements. Look for solutions that are over-engineered, under-powered, or miss key constraints mentioned in the question.
3. Apply the Cost Optimization pillar: right-size resources, use appropriate pricing models (on-demand vs reserved vs spot), and eliminate waste.
4. This tests cost-optimized architecture design. Focus on resource optimization, pricing models, and cost monitoring."
128,129,TMC,"1. Remember Lambda's 15-minute execution limit. For longer-running tasks, consider ECS Fargate or EC2.
2. DynamoDB on-demand provides instant scaling without capacity planning, while provisioned capacity requires pre-planning but can be more cost-effective for predictable workloads.
3. Eliminate options that don't meet the core requirements. Look for solutions that are over-engineered, under-powered, or miss key constraints mentioned in the question.
4. This tests high-performing architecture design. Focus on scalability, performance optimization, and right-sizing resources."
129,130,TMC,"1. Eliminate options that don't meet the core requirements. Look for solutions that are over-engineered, under-powered, or miss key constraints mentioned in the question.
2. This tests high-performing architecture design. Focus on scalability, performance optimization, and right-sizing resources.
3. Read the question carefully and identify all requirements before evaluating options.
4. Managed services are generally preferred over self-managed solutions for operational efficiency.
5. Consider the trade-offs between cost, performance, and operational complexity when choosing between options."
130,131,TMC,"1. Remember Lambda's 15-minute execution limit. For longer-running tasks, consider ECS Fargate or EC2.
2. DynamoDB on-demand provides instant scaling without capacity planning, while provisioned capacity requires pre-planning but can be more cost-effective for predictable workloads.
3. Eliminate options that don't meet the core requirements. Look for solutions that are over-engineered, under-powered, or miss key constraints mentioned in the question.
4. Apply the Cost Optimization pillar: right-size resources, use appropriate pricing models (on-demand vs reserved vs spot), and eliminate waste.
5. This tests cost-optimized architecture design. Focus on resource optimization, pricing models, and cost monitoring."
131,132,TMC,"1. DynamoDB on-demand provides instant scaling without capacity planning, while provisioned capacity requires pre-planning but can be more cost-effective for predictable workloads.
2. Eliminate options that don't meet the core requirements. Look for solutions that are over-engineered, under-powered, or miss key constraints mentioned in the question.
3. Apply the Cost Optimization pillar: right-size resources, use appropriate pricing models (on-demand vs reserved vs spot), and eliminate waste.
4. This tests cost-optimized architecture design. Focus on resource optimization, pricing models, and cost monitoring."
132,133,TMC,"1. Focus on the key requirements: scalability. Always choose solutions that directly address these specific needs.
2. Remember Lambda's 15-minute execution limit. For longer-running tasks, consider ECS Fargate or EC2.
3. DynamoDB on-demand provides instant scaling without capacity planning, while provisioned capacity requires pre-planning but can be more cost-effective for predictable workloads.
4. Eliminate options that don't meet the core requirements. Look for solutions that are over-engineered, under-powered, or miss key constraints mentioned in the question.
5. This tests high-performing architecture design. Focus on scalability, performance optimization, and right-sizing resources."
133,134,TMC,"1. DynamoDB on-demand provides instant scaling without capacity planning, while provisioned capacity requires pre-planning but can be more cost-effective for predictable workloads.
2. S3 Object Lock provides immutable storage with compliance features. Versioning must be enabled to use Object Lock.
3. Eliminate options that don't meet the core requirements. Look for solutions that are over-engineered, under-powered, or miss key constraints mentioned in the question.
4. Apply the Cost Optimization pillar: right-size resources, use appropriate pricing models (on-demand vs reserved vs spot), and eliminate waste.
5. This tests high-performing architecture design. Focus on scalability, performance optimization, and right-sizing resources."
134,135,TMC,"1. Remember Lambda's 15-minute execution limit. For longer-running tasks, consider ECS Fargate or EC2.
2. DynamoDB on-demand provides instant scaling without capacity planning, while provisioned capacity requires pre-planning but can be more cost-effective for predictable workloads.
3. Eliminate options that don't meet the core requirements. Look for solutions that are over-engineered, under-powered, or miss key constraints mentioned in the question.
4. Apply the Reliability pillar: design for failure, use multiple AZs, implement automated recovery, and choose managed services when possible.
5. Apply the Cost Optimization pillar: right-size resources, use appropriate pricing models (on-demand vs reserved vs spot), and eliminate waste."
135,136,TMC,"1. Eliminate options that don't meet the core requirements. Look for solutions that are over-engineered, under-powered, or miss key constraints mentioned in the question.
2. This tests high-performing architecture design. Focus on scalability, performance optimization, and right-sizing resources.
3. Read the question carefully and identify all requirements before evaluating options.
4. Managed services are generally preferred over self-managed solutions for operational efficiency.
5. Consider the trade-offs between cost, performance, and operational complexity when choosing between options."
136,137,TMC,"1. Remember Lambda's 15-minute execution limit. For longer-running tasks, consider ECS Fargate or EC2.
2. S3 Object Lock provides immutable storage with compliance features. Versioning must be enabled to use Object Lock.
3. Eliminate options that don't meet the core requirements. Look for solutions that are over-engineered, under-powered, or miss key constraints mentioned in the question.
4. This tests high-performing architecture design. Focus on scalability, performance optimization, and right-sizing resources."
137,138,TMC,"1. S3 Object Lock provides immutable storage with compliance features. Versioning must be enabled to use Object Lock.
2. Eliminate options that don't meet the core requirements. Look for solutions that are over-engineered, under-powered, or miss key constraints mentioned in the question.
3. This tests high-performing architecture design. Focus on scalability, performance optimization, and right-sizing resources."
138,139,TMC,"1. DynamoDB on-demand provides instant scaling without capacity planning, while provisioned capacity requires pre-planning but can be more cost-effective for predictable workloads.
2. S3 Object Lock provides immutable storage with compliance features. Versioning must be enabled to use Object Lock.
3. Eliminate options that don't meet the core requirements. Look for solutions that are over-engineered, under-powered, or miss key constraints mentioned in the question.
4. This tests high-performing architecture design. Focus on scalability, performance optimization, and right-sizing resources."
139,140,TMC,"1. Remember Lambda's 15-minute execution limit. For longer-running tasks, consider ECS Fargate or EC2.
2. Eliminate options that don't meet the core requirements. Look for solutions that are over-engineered, under-powered, or miss key constraints mentioned in the question.
3. This tests high-performing architecture design. Focus on scalability, performance optimization, and right-sizing resources."
140,141,TMC,"1. Focus on the key requirements: security. Always choose solutions that directly address these specific needs.
2. Eliminate options that don't meet the core requirements. Look for solutions that are over-engineered, under-powered, or miss key constraints mentioned in the question.
3. This tests secure architecture design. Focus on defense in depth, least privilege, and data protection."
141,142,TMCMA,"1. Remember Lambda's 15-minute execution limit. For longer-running tasks, consider ECS Fargate or EC2.
2. Eliminate options that don't meet the core requirements. Look for solutions that are over-engineered, under-powered, or miss key constraints mentioned in the question.
3. This tests secure architecture design. Focus on defense in depth, least privilege, and data protection."
142,143,TMC,"1. Remember Lambda's 15-minute execution limit. For longer-running tasks, consider ECS Fargate or EC2.
2. S3 Object Lock provides immutable storage with compliance features. Versioning must be enabled to use Object Lock.
3. Eliminate options that don't meet the core requirements. Look for solutions that are over-engineered, under-powered, or miss key constraints mentioned in the question.
4. This tests resilient architecture design. Focus on fault tolerance, disaster recovery, and high availability patterns."
143,144,TMC,"1. S3 Object Lock provides immutable storage with compliance features. Versioning must be enabled to use Object Lock.
2. Eliminate options that don't meet the core requirements. Look for solutions that are over-engineered, under-powered, or miss key constraints mentioned in the question.
3. Apply the Cost Optimization pillar: right-size resources, use appropriate pricing models (on-demand vs reserved vs spot), and eliminate waste.
4. This tests cost-optimized architecture design. Focus on resource optimization, pricing models, and cost monitoring."
144,145,TMCMA,"1. Remember Lambda's 15-minute execution limit. For longer-running tasks, consider ECS Fargate or EC2.
2. DynamoDB on-demand provides instant scaling without capacity planning, while provisioned capacity requires pre-planning but can be more cost-effective for predictable workloads.
3. Eliminate options that don't meet the core requirements. Look for solutions that are over-engineered, under-powered, or miss key constraints mentioned in the question.
4. This tests high-performing architecture design. Focus on scalability, performance optimization, and right-sizing resources."
145,146,TMC,"1. Focus on the key requirements: performance optimization. Always choose solutions that directly address these specific needs.
2. Eliminate options that don't meet the core requirements. Look for solutions that are over-engineered, under-powered, or miss key constraints mentioned in the question.
3. Apply the Cost Optimization pillar: right-size resources, use appropriate pricing models (on-demand vs reserved vs spot), and eliminate waste.
4. This tests cost-optimized architecture design. Focus on resource optimization, pricing models, and cost monitoring."
146,147,TMC,"1. Eliminate options that don't meet the core requirements. Look for solutions that are over-engineered, under-powered, or miss key constraints mentioned in the question.
2. Apply the Cost Optimization pillar: right-size resources, use appropriate pricing models (on-demand vs reserved vs spot), and eliminate waste.
3. This tests cost-optimized architecture design. Focus on resource optimization, pricing models, and cost monitoring."
147,148,TMC,"1. Eliminate options that don't meet the core requirements. Look for solutions that are over-engineered, under-powered, or miss key constraints mentioned in the question.
2. This tests high-performing architecture design. Focus on scalability, performance optimization, and right-sizing resources.
3. Read the question carefully and identify all requirements before evaluating options.
4. Managed services are generally preferred over self-managed solutions for operational efficiency.
5. Consider the trade-offs between cost, performance, and operational complexity when choosing between options."
148,149,TMC,"1. Focus on the key requirements: security. Always choose solutions that directly address these specific needs.
2. DynamoDB on-demand provides instant scaling without capacity planning, while provisioned capacity requires pre-planning but can be more cost-effective for predictable workloads.
3. S3 Object Lock provides immutable storage with compliance features. Versioning must be enabled to use Object Lock.
4. Eliminate options that don't meet the core requirements. Look for solutions that are over-engineered, under-powered, or miss key constraints mentioned in the question.
5. This tests secure architecture design. Focus on defense in depth, least privilege, and data protection."
149,150,TMC,"1. Remember Lambda's 15-minute execution limit. For longer-running tasks, consider ECS Fargate or EC2.
2. S3 Object Lock provides immutable storage with compliance features. Versioning must be enabled to use Object Lock.
3. Eliminate options that don't meet the core requirements. Look for solutions that are over-engineered, under-powered, or miss key constraints mentioned in the question.
4. This tests cost-optimized architecture design. Focus on resource optimization, pricing models, and cost monitoring."
150,151,TMC,"1. Remember Lambda's 15-minute execution limit. For longer-running tasks, consider ECS Fargate or EC2.
2. S3 Object Lock provides immutable storage with compliance features. Versioning must be enabled to use Object Lock.
3. Eliminate options that don't meet the core requirements. Look for solutions that are over-engineered, under-powered, or miss key constraints mentioned in the question.
4. This tests high-performing architecture design. Focus on scalability, performance optimization, and right-sizing resources."
151,152,TMC,"1. S3 Object Lock provides immutable storage with compliance features. Versioning must be enabled to use Object Lock.
2. Eliminate options that don't meet the core requirements. Look for solutions that are over-engineered, under-powered, or miss key constraints mentioned in the question.
3. This tests high-performing architecture design. Focus on scalability, performance optimization, and right-sizing resources."
152,153,TMC,"1. Focus on the key requirements: minimal operational overhead. Always choose solutions that directly address these specific needs.
2. Eliminate options that don't meet the core requirements. Look for solutions that are over-engineered, under-powered, or miss key constraints mentioned in the question.
3. Apply the Cost Optimization pillar: right-size resources, use appropriate pricing models (on-demand vs reserved vs spot), and eliminate waste.
4. This tests secure architecture design. Focus on defense in depth, least privilege, and data protection."
153,154,TMC,"1. Spot Instances can be interrupted with 2-minute notice. Never use for stateful or critical workloads that cannot tolerate interruptions.
2. Eliminate options that don't meet the core requirements. Look for solutions that are over-engineered, under-powered, or miss key constraints mentioned in the question.
3. This tests high-performing architecture design. Focus on scalability, performance optimization, and right-sizing resources."
154,155,TMC,"1. Eliminate options that don't meet the core requirements. Look for solutions that are over-engineered, under-powered, or miss key constraints mentioned in the question.
2. This tests resilient architecture design. Focus on fault tolerance, disaster recovery, and high availability patterns.
3. Read the question carefully and identify all requirements before evaluating options.
4. Managed services are generally preferred over self-managed solutions for operational efficiency.
5. Consider the trade-offs between cost, performance, and operational complexity when choosing between options."
155,156,TMCMA,"1. S3 Object Lock provides immutable storage with compliance features. Versioning must be enabled to use Object Lock.
2. Eliminate options that don't meet the core requirements. Look for solutions that are over-engineered, under-powered, or miss key constraints mentioned in the question.
3. This tests high-performing architecture design. Focus on scalability, performance optimization, and right-sizing resources."
156,157,TMC,"1. S3 Object Lock provides immutable storage with compliance features. Versioning must be enabled to use Object Lock.
2. Eliminate options that don't meet the core requirements. Look for solutions that are over-engineered, under-powered, or miss key constraints mentioned in the question.
3. This tests cost-optimized architecture design. Focus on resource optimization, pricing models, and cost monitoring."
157,158,TMC,"1. Remember Lambda's 15-minute execution limit. For longer-running tasks, consider ECS Fargate or EC2.
2. Eliminate options that don't meet the core requirements. Look for solutions that are over-engineered, under-powered, or miss key constraints mentioned in the question.
3. This tests secure architecture design. Focus on defense in depth, least privilege, and data protection."
158,159,TMC,"1. Focus on the key requirements: cost optimization. Always choose solutions that directly address these specific needs.
2. S3 Object Lock provides immutable storage with compliance features. Versioning must be enabled to use Object Lock.
3. NAT Gateway is fully managed and preferred over NAT Instance for operational efficiency. NAT resources must be in public subnets to provide internet access to private subnets.
4. Eliminate options that don't meet the core requirements. Look for solutions that are over-engineered, under-powered, or miss key constraints mentioned in the question.
5. Apply the Cost Optimization pillar: right-size resources, use appropriate pricing models (on-demand vs reserved vs spot), and eliminate waste."
159,160,TMC,"1. S3 Object Lock provides immutable storage with compliance features. Versioning must be enabled to use Object Lock.
2. Eliminate options that don't meet the core requirements. Look for solutions that are over-engineered, under-powered, or miss key constraints mentioned in the question.
3. This tests high-performing architecture design. Focus on scalability, performance optimization, and right-sizing resources."
160,161,TMC,"1. Remember Lambda's 15-minute execution limit. For longer-running tasks, consider ECS Fargate or EC2.
2. S3 Object Lock provides immutable storage with compliance features. Versioning must be enabled to use Object Lock.
3. Eliminate options that don't meet the core requirements. Look for solutions that are over-engineered, under-powered, or miss key constraints mentioned in the question.
4. Apply the Reliability pillar: design for failure, use multiple AZs, implement automated recovery, and choose managed services when possible.
5. This tests resilient architecture design. Focus on fault tolerance, disaster recovery, and high availability patterns."
161,162,TMC,"1. S3 Object Lock provides immutable storage with compliance features. Versioning must be enabled to use Object Lock.
2. Eliminate options that don't meet the core requirements. Look for solutions that are over-engineered, under-powered, or miss key constraints mentioned in the question.
3. This tests secure architecture design. Focus on defense in depth, least privilege, and data protection."
162,163,TMC,"1. S3 Object Lock provides immutable storage with compliance features. Versioning must be enabled to use Object Lock.
2. NAT Gateway is fully managed and preferred over NAT Instance for operational efficiency. NAT resources must be in public subnets to provide internet access to private subnets.
3. Eliminate options that don't meet the core requirements. Look for solutions that are over-engineered, under-powered, or miss key constraints mentioned in the question.
4. This tests resilient architecture design. Focus on fault tolerance, disaster recovery, and high availability patterns."
163,164,TMC,"1. S3 Object Lock provides immutable storage with compliance features. Versioning must be enabled to use Object Lock.
2. Eliminate options that don't meet the core requirements. Look for solutions that are over-engineered, under-powered, or miss key constraints mentioned in the question.
3. This tests secure architecture design. Focus on defense in depth, least privilege, and data protection."
164,165,TMC,"1. Focus on the key requirements: high availability, scalability. Always choose solutions that directly address these specific needs.
2. S3 Object Lock provides immutable storage with compliance features. Versioning must be enabled to use Object Lock.
3. Eliminate options that don't meet the core requirements. Look for solutions that are over-engineered, under-powered, or miss key constraints mentioned in the question.
4. This tests resilient architecture design. Focus on fault tolerance, disaster recovery, and high availability patterns."
165,166,TMC,"1. Focus on the key requirements: performance optimization. Always choose solutions that directly address these specific needs.
2. DynamoDB on-demand provides instant scaling without capacity planning, while provisioned capacity requires pre-planning but can be more cost-effective for predictable workloads.
3. Eliminate options that don't meet the core requirements. Look for solutions that are over-engineered, under-powered, or miss key constraints mentioned in the question.
4. This tests high-performing architecture design. Focus on scalability, performance optimization, and right-sizing resources."
166,167,TMC,"1. S3 Object Lock provides immutable storage with compliance features. Versioning must be enabled to use Object Lock.
2. Eliminate options that don't meet the core requirements. Look for solutions that are over-engineered, under-powered, or miss key constraints mentioned in the question.
3. This tests resilient architecture design. Focus on fault tolerance, disaster recovery, and high availability patterns."
167,168,TMC,"1. Remember Lambda's 15-minute execution limit. For longer-running tasks, consider ECS Fargate or EC2.
2. S3 Object Lock provides immutable storage with compliance features. Versioning must be enabled to use Object Lock.
3. Eliminate options that don't meet the core requirements. Look for solutions that are over-engineered, under-powered, or miss key constraints mentioned in the question.
4. This tests secure architecture design. Focus on defense in depth, least privilege, and data protection."
168,169,TMC,"1. Remember Lambda's 15-minute execution limit. For longer-running tasks, consider ECS Fargate or EC2.
2. Eliminate options that don't meet the core requirements. Look for solutions that are over-engineered, under-powered, or miss key constraints mentioned in the question.
3. Apply the Cost Optimization pillar: right-size resources, use appropriate pricing models (on-demand vs reserved vs spot), and eliminate waste.
4. This tests cost-optimized architecture design. Focus on resource optimization, pricing models, and cost monitoring."
169,170,TMC,"1. Remember Lambda's 15-minute execution limit. For longer-running tasks, consider ECS Fargate or EC2.
2. S3 Object Lock provides immutable storage with compliance features. Versioning must be enabled to use Object Lock.
3. Eliminate options that don't meet the core requirements. Look for solutions that are over-engineered, under-powered, or miss key constraints mentioned in the question.
4. This tests high-performing architecture design. Focus on scalability, performance optimization, and right-sizing resources."
170,171,TMC,"1. Eliminate options that don't meet the core requirements. Look for solutions that are over-engineered, under-powered, or miss key constraints mentioned in the question.
2. This tests secure architecture design. Focus on defense in depth, least privilege, and data protection.
3. Read the question carefully and identify all requirements before evaluating options.
4. Managed services are generally preferred over self-managed solutions for operational efficiency.
5. Consider the trade-offs between cost, performance, and operational complexity when choosing between options."
171,172,TMC,"1. Eliminate options that don't meet the core requirements. Look for solutions that are over-engineered, under-powered, or miss key constraints mentioned in the question.
2. This tests secure architecture design. Focus on defense in depth, least privilege, and data protection.
3. Read the question carefully and identify all requirements before evaluating options.
4. Managed services are generally preferred over self-managed solutions for operational efficiency.
5. Consider the trade-offs between cost, performance, and operational complexity when choosing between options."
172,173,TMC,"1. Focus on the key requirements: cost optimization. Always choose solutions that directly address these specific needs.
2. Remember Lambda's 15-minute execution limit. For longer-running tasks, consider ECS Fargate or EC2.
3. Eliminate options that don't meet the core requirements. Look for solutions that are over-engineered, under-powered, or miss key constraints mentioned in the question.
4. Apply the Cost Optimization pillar: right-size resources, use appropriate pricing models (on-demand vs reserved vs spot), and eliminate waste.
5. This tests resilient architecture design. Focus on fault tolerance, disaster recovery, and high availability patterns."
173,174,TMC,"1. Eliminate options that don't meet the core requirements. Look for solutions that are over-engineered, under-powered, or miss key constraints mentioned in the question.
2. This tests resilient architecture design. Focus on fault tolerance, disaster recovery, and high availability patterns.
3. Read the question carefully and identify all requirements before evaluating options.
4. Managed services are generally preferred over self-managed solutions for operational efficiency.
5. Consider the trade-offs between cost, performance, and operational complexity when choosing between options."
174,175,TMC,"1. Remember Lambda's 15-minute execution limit. For longer-running tasks, consider ECS Fargate or EC2.
2. Eliminate options that don't meet the core requirements. Look for solutions that are over-engineered, under-powered, or miss key constraints mentioned in the question.
3. This tests secure architecture design. Focus on defense in depth, least privilege, and data protection."
175,176,TMC,"1. Focus on the key requirements: cost optimization. Always choose solutions that directly address these specific needs.
2. S3 Object Lock provides immutable storage with compliance features. Versioning must be enabled to use Object Lock.
3. Eliminate options that don't meet the core requirements. Look for solutions that are over-engineered, under-powered, or miss key constraints mentioned in the question.
4. Apply the Cost Optimization pillar: right-size resources, use appropriate pricing models (on-demand vs reserved vs spot), and eliminate waste.
5. This tests cost-optimized architecture design. Focus on resource optimization, pricing models, and cost monitoring."
176,177,TMC,"1. Eliminate options that don't meet the core requirements. Look for solutions that are over-engineered, under-powered, or miss key constraints mentioned in the question.
2. This tests secure architecture design. Focus on defense in depth, least privilege, and data protection.
3. Read the question carefully and identify all requirements before evaluating options.
4. Managed services are generally preferred over self-managed solutions for operational efficiency.
5. Consider the trade-offs between cost, performance, and operational complexity when choosing between options."
177,178,TMC,"1. Spot Instances can be interrupted with 2-minute notice. Never use for stateful or critical workloads that cannot tolerate interruptions.
2. Eliminate options that don't meet the core requirements. Look for solutions that are over-engineered, under-powered, or miss key constraints mentioned in the question.
3. Apply the Cost Optimization pillar: right-size resources, use appropriate pricing models (on-demand vs reserved vs spot), and eliminate waste.
4. This tests cost-optimized architecture design. Focus on resource optimization, pricing models, and cost monitoring."
178,179,TMC,"1. Remember Lambda's 15-minute execution limit. For longer-running tasks, consider ECS Fargate or EC2.
2. Eliminate options that don't meet the core requirements. Look for solutions that are over-engineered, under-powered, or miss key constraints mentioned in the question.
3. This tests resilient architecture design. Focus on fault tolerance, disaster recovery, and high availability patterns."
179,180,TMC,"1. Focus on the key requirements: performance optimization. Always choose solutions that directly address these specific needs.
2. S3 Object Lock provides immutable storage with compliance features. Versioning must be enabled to use Object Lock.
3. Eliminate options that don't meet the core requirements. Look for solutions that are over-engineered, under-powered, or miss key constraints mentioned in the question.
4. This tests high-performing architecture design. Focus on scalability, performance optimization, and right-sizing resources."
180,181,TMC,"1. DynamoDB on-demand provides instant scaling without capacity planning, while provisioned capacity requires pre-planning but can be more cost-effective for predictable workloads.
2. Eliminate options that don't meet the core requirements. Look for solutions that are over-engineered, under-powered, or miss key constraints mentioned in the question.
3. This tests high-performing architecture design. Focus on scalability, performance optimization, and right-sizing resources."
181,182,TMC,"1. Eliminate options that don't meet the core requirements. Look for solutions that are over-engineered, under-powered, or miss key constraints mentioned in the question.
2. This tests secure architecture design. Focus on defense in depth, least privilege, and data protection.
3. Read the question carefully and identify all requirements before evaluating options.
4. Managed services are generally preferred over self-managed solutions for operational efficiency.
5. Consider the trade-offs between cost, performance, and operational complexity when choosing between options."
182,183,TMC,"1. Eliminate options that don't meet the core requirements. Look for solutions that are over-engineered, under-powered, or miss key constraints mentioned in the question.
2. Apply the Cost Optimization pillar: right-size resources, use appropriate pricing models (on-demand vs reserved vs spot), and eliminate waste.
3. This tests cost-optimized architecture design. Focus on resource optimization, pricing models, and cost monitoring."
183,184,TMC,"1. Eliminate options that don't meet the core requirements. Look for solutions that are over-engineered, under-powered, or miss key constraints mentioned in the question.
2. Apply the Cost Optimization pillar: right-size resources, use appropriate pricing models (on-demand vs reserved vs spot), and eliminate waste.
3. This tests cost-optimized architecture design. Focus on resource optimization, pricing models, and cost monitoring."
184,185,TMC,"1. S3 Object Lock provides immutable storage with compliance features. Versioning must be enabled to use Object Lock.
2. Eliminate options that don't meet the core requirements. Look for solutions that are over-engineered, under-powered, or miss key constraints mentioned in the question.
3. Apply the Reliability pillar: design for failure, use multiple AZs, implement automated recovery, and choose managed services when possible.
4. Apply the Cost Optimization pillar: right-size resources, use appropriate pricing models (on-demand vs reserved vs spot), and eliminate waste.
5. This tests cost-optimized architecture design. Focus on resource optimization, pricing models, and cost monitoring."
185,186,TMC,"1. Focus on the key requirements: high availability. Always choose solutions that directly address these specific needs.
2. Remember Lambda's 15-minute execution limit. For longer-running tasks, consider ECS Fargate or EC2.
3. S3 Object Lock provides immutable storage with compliance features. Versioning must be enabled to use Object Lock.
4. Eliminate options that don't meet the core requirements. Look for solutions that are over-engineered, under-powered, or miss key constraints mentioned in the question.
5. Apply the Cost Optimization pillar: right-size resources, use appropriate pricing models (on-demand vs reserved vs spot), and eliminate waste."
186,187,TMC,"1. Eliminate options that don't meet the core requirements. Look for solutions that are over-engineered, under-powered, or miss key constraints mentioned in the question.
2. This tests resilient architecture design. Focus on fault tolerance, disaster recovery, and high availability patterns.
3. Read the question carefully and identify all requirements before evaluating options.
4. Managed services are generally preferred over self-managed solutions for operational efficiency.
5. Consider the trade-offs between cost, performance, and operational complexity when choosing between options."
187,188,TMC,"1. Eliminate options that don't meet the core requirements. Look for solutions that are over-engineered, under-powered, or miss key constraints mentioned in the question.
2. This tests resilient architecture design. Focus on fault tolerance, disaster recovery, and high availability patterns.
3. Read the question carefully and identify all requirements before evaluating options.
4. Managed services are generally preferred over self-managed solutions for operational efficiency.
5. Consider the trade-offs between cost, performance, and operational complexity when choosing between options."
188,189,TMC,"1. S3 Object Lock provides immutable storage with compliance features. Versioning must be enabled to use Object Lock.
2. Eliminate options that don't meet the core requirements. Look for solutions that are over-engineered, under-powered, or miss key constraints mentioned in the question.
3. This tests cost-optimized architecture design. Focus on resource optimization, pricing models, and cost monitoring."
189,190,TMC,"1. S3 Object Lock provides immutable storage with compliance features. Versioning must be enabled to use Object Lock.
2. Eliminate options that don't meet the core requirements. Look for solutions that are over-engineered, under-powered, or miss key constraints mentioned in the question.
3. This tests high-performing architecture design. Focus on scalability, performance optimization, and right-sizing resources."
190,191,TMC,"1. Eliminate options that don't meet the core requirements. Look for solutions that are over-engineered, under-powered, or miss key constraints mentioned in the question.
2. This tests resilient architecture design. Focus on fault tolerance, disaster recovery, and high availability patterns.
3. Read the question carefully and identify all requirements before evaluating options.
4. Managed services are generally preferred over self-managed solutions for operational efficiency.
5. Consider the trade-offs between cost, performance, and operational complexity when choosing between options."
191,192,TMC,"1. Remember Lambda's 15-minute execution limit. For longer-running tasks, consider ECS Fargate or EC2.
2. S3 Object Lock provides immutable storage with compliance features. Versioning must be enabled to use Object Lock.
3. Eliminate options that don't meet the core requirements. Look for solutions that are over-engineered, under-powered, or miss key constraints mentioned in the question.
4. This tests secure architecture design. Focus on defense in depth, least privilege, and data protection."
192,193,TMCMA,"1. Eliminate options that don't meet the core requirements. Look for solutions that are over-engineered, under-powered, or miss key constraints mentioned in the question.
2. This tests high-performing architecture design. Focus on scalability, performance optimization, and right-sizing resources.
3. Read the question carefully and identify all requirements before evaluating options.
4. Managed services are generally preferred over self-managed solutions for operational efficiency.
5. Consider the trade-offs between cost, performance, and operational complexity when choosing between options."
193,194,TMC,"1. Focus on the key requirements: scalability. Always choose solutions that directly address these specific needs.
2. Remember Lambda's 15-minute execution limit. For longer-running tasks, consider ECS Fargate or EC2.
3. Eliminate options that don't meet the core requirements. Look for solutions that are over-engineered, under-powered, or miss key constraints mentioned in the question.
4. Apply the Cost Optimization pillar: right-size resources, use appropriate pricing models (on-demand vs reserved vs spot), and eliminate waste.
5. This tests high-performing architecture design. Focus on scalability, performance optimization, and right-sizing resources."
194,195,TMC,"1. Eliminate options that don't meet the core requirements. Look for solutions that are over-engineered, under-powered, or miss key constraints mentioned in the question.
2. Apply the Reliability pillar: design for failure, use multiple AZs, implement automated recovery, and choose managed services when possible.
3. This tests resilient architecture design. Focus on fault tolerance, disaster recovery, and high availability patterns."
195,196,TMC,"1. Focus on the key requirements: cost optimization. Always choose solutions that directly address these specific needs.
2. S3 Object Lock provides immutable storage with compliance features. Versioning must be enabled to use Object Lock.
3. Eliminate options that don't meet the core requirements. Look for solutions that are over-engineered, under-powered, or miss key constraints mentioned in the question.
4. Apply the Cost Optimization pillar: right-size resources, use appropriate pricing models (on-demand vs reserved vs spot), and eliminate waste.
5. This tests cost-optimized architecture design. Focus on resource optimization, pricing models, and cost monitoring."
196,197,TMC,"1. Focus on the key requirements: security. Always choose solutions that directly address these specific needs.
2. NAT Gateway is fully managed and preferred over NAT Instance for operational efficiency. NAT resources must be in public subnets to provide internet access to private subnets.
3. Eliminate options that don't meet the core requirements. Look for solutions that are over-engineered, under-powered, or miss key constraints mentioned in the question.
4. This tests resilient architecture design. Focus on fault tolerance, disaster recovery, and high availability patterns."
197,198,TMC,"1. Eliminate options that don't meet the core requirements. Look for solutions that are over-engineered, under-powered, or miss key constraints mentioned in the question.
2. This tests high-performing architecture design. Focus on scalability, performance optimization, and right-sizing resources.
3. Read the question carefully and identify all requirements before evaluating options.
4. Managed services are generally preferred over self-managed solutions for operational efficiency.
5. Consider the trade-offs between cost, performance, and operational complexity when choosing between options."
198,199,TMC,"1. Focus on the key requirements: performance optimization. Always choose solutions that directly address these specific needs.
2. Remember Lambda's 15-minute execution limit. For longer-running tasks, consider ECS Fargate or EC2.
3. S3 Object Lock provides immutable storage with compliance features. Versioning must be enabled to use Object Lock.
4. Eliminate options that don't meet the core requirements. Look for solutions that are over-engineered, under-powered, or miss key constraints mentioned in the question.
5. This tests high-performing architecture design. Focus on scalability, performance optimization, and right-sizing resources."
199,200,TMC,"1. Focus on the key requirements: performance optimization. Always choose solutions that directly address these specific needs.
2. Eliminate options that don't meet the core requirements. Look for solutions that are over-engineered, under-powered, or miss key constraints mentioned in the question.
3. This tests high-performing architecture design. Focus on scalability, performance optimization, and right-sizing resources."
200,201,TMC,"1. Focus on the key requirements: security. Always choose solutions that directly address these specific needs.
2. S3 Object Lock provides immutable storage with compliance features. Versioning must be enabled to use Object Lock.
3. Eliminate options that don't meet the core requirements. Look for solutions that are over-engineered, under-powered, or miss key constraints mentioned in the question.
4. This tests secure architecture design. Focus on defense in depth, least privilege, and data protection."
201,202,TMC,"1. Focus on the key requirements: high availability, security. Always choose solutions that directly address these specific needs.
2. Remember Lambda's 15-minute execution limit. For longer-running tasks, consider ECS Fargate or EC2.
3. S3 Object Lock provides immutable storage with compliance features. Versioning must be enabled to use Object Lock.
4. Eliminate options that don't meet the core requirements. Look for solutions that are over-engineered, under-powered, or miss key constraints mentioned in the question.
5. This tests secure architecture design. Focus on defense in depth, least privilege, and data protection."
202,203,TMC,"1. Focus on the key requirements: performance optimization. Always choose solutions that directly address these specific needs.
2. Remember Lambda's 15-minute execution limit. For longer-running tasks, consider ECS Fargate or EC2.
3. Eliminate options that don't meet the core requirements. Look for solutions that are over-engineered, under-powered, or miss key constraints mentioned in the question.
4. This tests high-performing architecture design. Focus on scalability, performance optimization, and right-sizing resources."
203,204,TMC,"1. Eliminate options that don't meet the core requirements. Look for solutions that are over-engineered, under-powered, or miss key constraints mentioned in the question.
2. This tests high-performing architecture design. Focus on scalability, performance optimization, and right-sizing resources.
3. Read the question carefully and identify all requirements before evaluating options.
4. Managed services are generally preferred over self-managed solutions for operational efficiency.
5. Consider the trade-offs between cost, performance, and operational complexity when choosing between options."
204,205,TMC,"1. Focus on the key requirements: cost optimization. Always choose solutions that directly address these specific needs.
2. Eliminate options that don't meet the core requirements. Look for solutions that are over-engineered, under-powered, or miss key constraints mentioned in the question.
3. Apply the Cost Optimization pillar: right-size resources, use appropriate pricing models (on-demand vs reserved vs spot), and eliminate waste.
4. This tests resilient architecture design. Focus on fault tolerance, disaster recovery, and high availability patterns."
205,206,TMCMA,"1. Eliminate options that don't meet the core requirements. Look for solutions that are over-engineered, under-powered, or miss key constraints mentioned in the question.
2. This tests secure architecture design. Focus on defense in depth, least privilege, and data protection.
3. Read the question carefully and identify all requirements before evaluating options.
4. Managed services are generally preferred over self-managed solutions for operational efficiency.
5. Consider the trade-offs between cost, performance, and operational complexity when choosing between options."
206,207,TMC,"1. Remember Lambda's 15-minute execution limit. For longer-running tasks, consider ECS Fargate or EC2.
2. Eliminate options that don't meet the core requirements. Look for solutions that are over-engineered, under-powered, or miss key constraints mentioned in the question.
3. This tests secure architecture design. Focus on defense in depth, least privilege, and data protection."
207,208,TMC,"1. Focus on the key requirements: security. Always choose solutions that directly address these specific needs.
2. Eliminate options that don't meet the core requirements. Look for solutions that are over-engineered, under-powered, or miss key constraints mentioned in the question.
3. This tests secure architecture design. Focus on defense in depth, least privilege, and data protection."
208,209,TMCMA,"1. Focus on the key requirements: security. Always choose solutions that directly address these specific needs.
2. Eliminate options that don't meet the core requirements. Look for solutions that are over-engineered, under-powered, or miss key constraints mentioned in the question.
3. This tests secure architecture design. Focus on defense in depth, least privilege, and data protection."
209,210,TMC,"1. Eliminate options that don't meet the core requirements. Look for solutions that are over-engineered, under-powered, or miss key constraints mentioned in the question.
2. This tests high-performing architecture design. Focus on scalability, performance optimization, and right-sizing resources.
3. Read the question carefully and identify all requirements before evaluating options.
4. Managed services are generally preferred over self-managed solutions for operational efficiency.
5. Consider the trade-offs between cost, performance, and operational complexity when choosing between options."
210,211,TMC,"1. S3 Object Lock provides immutable storage with compliance features. Versioning must be enabled to use Object Lock.
2. Eliminate options that don't meet the core requirements. Look for solutions that are over-engineered, under-powered, or miss key constraints mentioned in the question.
3. This tests cost-optimized architecture design. Focus on resource optimization, pricing models, and cost monitoring."
211,212,TMC,"1. Focus on the key requirements: cost optimization. Always choose solutions that directly address these specific needs.
2. Eliminate options that don't meet the core requirements. Look for solutions that are over-engineered, under-powered, or miss key constraints mentioned in the question.
3. Apply the Cost Optimization pillar: right-size resources, use appropriate pricing models (on-demand vs reserved vs spot), and eliminate waste.
4. This tests secure architecture design. Focus on defense in depth, least privilege, and data protection."
212,213,TMCMA,"1. Remember Lambda's 15-minute execution limit. For longer-running tasks, consider ECS Fargate or EC2.
2. S3 Object Lock provides immutable storage with compliance features. Versioning must be enabled to use Object Lock.
3. Eliminate options that don't meet the core requirements. Look for solutions that are over-engineered, under-powered, or miss key constraints mentioned in the question.
4. This tests high-performing architecture design. Focus on scalability, performance optimization, and right-sizing resources."
213,214,TMC,"1. Remember Lambda's 15-minute execution limit. For longer-running tasks, consider ECS Fargate or EC2.
2. Eliminate options that don't meet the core requirements. Look for solutions that are over-engineered, under-powered, or miss key constraints mentioned in the question.
3. This tests resilient architecture design. Focus on fault tolerance, disaster recovery, and high availability patterns."
214,215,TMC,"1. S3 Object Lock provides immutable storage with compliance features. Versioning must be enabled to use Object Lock.
2. Eliminate options that don't meet the core requirements. Look for solutions that are over-engineered, under-powered, or miss key constraints mentioned in the question.
3. This tests secure architecture design. Focus on defense in depth, least privilege, and data protection."
215,216,TMCMA,"1. S3 Object Lock provides immutable storage with compliance features. Versioning must be enabled to use Object Lock.
2. Eliminate options that don't meet the core requirements. Look for solutions that are over-engineered, under-powered, or miss key constraints mentioned in the question.
3. This tests high-performing architecture design. Focus on scalability, performance optimization, and right-sizing resources."
216,217,TMC,"1. Remember Lambda's 15-minute execution limit. For longer-running tasks, consider ECS Fargate or EC2.
2. DynamoDB on-demand provides instant scaling without capacity planning, while provisioned capacity requires pre-planning but can be more cost-effective for predictable workloads.
3. S3 Object Lock provides immutable storage with compliance features. Versioning must be enabled to use Object Lock.
4. Eliminate options that don't meet the core requirements. Look for solutions that are over-engineered, under-powered, or miss key constraints mentioned in the question.
5. This tests high-performing architecture design. Focus on scalability, performance optimization, and right-sizing resources."
217,218,TMC,"1. Focus on the key requirements: security. Always choose solutions that directly address these specific needs.
2. Eliminate options that don't meet the core requirements. Look for solutions that are over-engineered, under-powered, or miss key constraints mentioned in the question.
3. This tests secure architecture design. Focus on defense in depth, least privilege, and data protection."
218,219,TMCMA,"1. Focus on the key requirements: cost optimization. Always choose solutions that directly address these specific needs.
2. Remember Lambda's 15-minute execution limit. For longer-running tasks, consider ECS Fargate or EC2.
3. DynamoDB on-demand provides instant scaling without capacity planning, while provisioned capacity requires pre-planning but can be more cost-effective for predictable workloads.
4. Eliminate options that don't meet the core requirements. Look for solutions that are over-engineered, under-powered, or miss key constraints mentioned in the question.
5. Apply the Cost Optimization pillar: right-size resources, use appropriate pricing models (on-demand vs reserved vs spot), and eliminate waste."
219,220,TMC,"1. Focus on the key requirements: performance optimization. Always choose solutions that directly address these specific needs.
2. Remember Lambda's 15-minute execution limit. For longer-running tasks, consider ECS Fargate or EC2.
3. S3 Object Lock provides immutable storage with compliance features. Versioning must be enabled to use Object Lock.
4. Eliminate options that don't meet the core requirements. Look for solutions that are over-engineered, under-powered, or miss key constraints mentioned in the question.
5. Apply the Reliability pillar: design for failure, use multiple AZs, implement automated recovery, and choose managed services when possible."
220,221,TMCMA,"1. DynamoDB on-demand provides instant scaling without capacity planning, while provisioned capacity requires pre-planning but can be more cost-effective for predictable workloads.
2. Eliminate options that don't meet the core requirements. Look for solutions that are over-engineered, under-powered, or miss key constraints mentioned in the question.
3. This tests high-performing architecture design. Focus on scalability, performance optimization, and right-sizing resources."
221,222,TMC,"1. Focus on the key requirements: security. Always choose solutions that directly address these specific needs.
2. DynamoDB on-demand provides instant scaling without capacity planning, while provisioned capacity requires pre-planning but can be more cost-effective for predictable workloads.
3. S3 Object Lock provides immutable storage with compliance features. Versioning must be enabled to use Object Lock.
4. Eliminate options that don't meet the core requirements. Look for solutions that are over-engineered, under-powered, or miss key constraints mentioned in the question.
5. This tests secure architecture design. Focus on defense in depth, least privilege, and data protection."
222,223,TMC,"1. Focus on the key requirements: security. Always choose solutions that directly address these specific needs.
2. S3 Object Lock provides immutable storage with compliance features. Versioning must be enabled to use Object Lock.
3. Eliminate options that don't meet the core requirements. Look for solutions that are over-engineered, under-powered, or miss key constraints mentioned in the question.
4. This tests secure architecture design. Focus on defense in depth, least privilege, and data protection."
223,224,TMC,"1. Focus on the key requirements: security. Always choose solutions that directly address these specific needs.
2. Eliminate options that don't meet the core requirements. Look for solutions that are over-engineered, under-powered, or miss key constraints mentioned in the question.
3. Apply the Cost Optimization pillar: right-size resources, use appropriate pricing models (on-demand vs reserved vs spot), and eliminate waste.
4. This tests secure architecture design. Focus on defense in depth, least privilege, and data protection."
224,225,TMC,"1. S3 Object Lock provides immutable storage with compliance features. Versioning must be enabled to use Object Lock.
2. Eliminate options that don't meet the core requirements. Look for solutions that are over-engineered, under-powered, or miss key constraints mentioned in the question.
3. Apply the Cost Optimization pillar: right-size resources, use appropriate pricing models (on-demand vs reserved vs spot), and eliminate waste.
4. This tests cost-optimized architecture design. Focus on resource optimization, pricing models, and cost monitoring."
225,226,TMC,"1. S3 Object Lock provides immutable storage with compliance features. Versioning must be enabled to use Object Lock.
2. Eliminate options that don't meet the core requirements. Look for solutions that are over-engineered, under-powered, or miss key constraints mentioned in the question.
3. This tests high-performing architecture design. Focus on scalability, performance optimization, and right-sizing resources."
226,227,TMC,"1. Eliminate options that don't meet the core requirements. Look for solutions that are over-engineered, under-powered, or miss key constraints mentioned in the question.
2. Apply the Cost Optimization pillar: right-size resources, use appropriate pricing models (on-demand vs reserved vs spot), and eliminate waste.
3. This tests cost-optimized architecture design. Focus on resource optimization, pricing models, and cost monitoring."
227,228,TMC,"1. Eliminate options that don't meet the core requirements. Look for solutions that are over-engineered, under-powered, or miss key constraints mentioned in the question.
2. This tests cost-optimized architecture design. Focus on resource optimization, pricing models, and cost monitoring.
3. Read the question carefully and identify all requirements before evaluating options.
4. Managed services are generally preferred over self-managed solutions for operational efficiency.
5. Consider the trade-offs between cost, performance, and operational complexity when choosing between options."
228,229,TMC,"1. S3 Object Lock provides immutable storage with compliance features. Versioning must be enabled to use Object Lock.
2. Eliminate options that don't meet the core requirements. Look for solutions that are over-engineered, under-powered, or miss key constraints mentioned in the question.
3. This tests resilient architecture design. Focus on fault tolerance, disaster recovery, and high availability patterns."
229,230,TMC,"1. Eliminate options that don't meet the core requirements. Look for solutions that are over-engineered, under-powered, or miss key constraints mentioned in the question.
2. Apply the Cost Optimization pillar: right-size resources, use appropriate pricing models (on-demand vs reserved vs spot), and eliminate waste.
3. This tests cost-optimized architecture design. Focus on resource optimization, pricing models, and cost monitoring."
230,231,TMC,"1. Focus on the key requirements: performance optimization. Always choose solutions that directly address these specific needs.
2. DynamoDB on-demand provides instant scaling without capacity planning, while provisioned capacity requires pre-planning but can be more cost-effective for predictable workloads.
3. Eliminate options that don't meet the core requirements. Look for solutions that are over-engineered, under-powered, or miss key constraints mentioned in the question.
4. This tests high-performing architecture design. Focus on scalability, performance optimization, and right-sizing resources."
231,232,TMC,"1. Remember Lambda's 15-minute execution limit. For longer-running tasks, consider ECS Fargate or EC2.
2. S3 Object Lock provides immutable storage with compliance features. Versioning must be enabled to use Object Lock.
3. Eliminate options that don't meet the core requirements. Look for solutions that are over-engineered, under-powered, or miss key constraints mentioned in the question.
4. This tests secure architecture design. Focus on defense in depth, least privilege, and data protection."
232,233,TMC,"1. Focus on the key requirements: security. Always choose solutions that directly address these specific needs.
2. Eliminate options that don't meet the core requirements. Look for solutions that are over-engineered, under-powered, or miss key constraints mentioned in the question.
3. This tests secure architecture design. Focus on defense in depth, least privilege, and data protection."
233,234,TMC,"1. Focus on the key requirements: performance optimization. Always choose solutions that directly address these specific needs.
2. S3 Object Lock provides immutable storage with compliance features. Versioning must be enabled to use Object Lock.
3. Eliminate options that don't meet the core requirements. Look for solutions that are over-engineered, under-powered, or miss key constraints mentioned in the question.
4. This tests high-performing architecture design. Focus on scalability, performance optimization, and right-sizing resources."
234,235,TMC,"1. Remember Lambda's 15-minute execution limit. For longer-running tasks, consider ECS Fargate or EC2.
2. S3 Object Lock provides immutable storage with compliance features. Versioning must be enabled to use Object Lock.
3. Eliminate options that don't meet the core requirements. Look for solutions that are over-engineered, under-powered, or miss key constraints mentioned in the question.
4. This tests high-performing architecture design. Focus on scalability, performance optimization, and right-sizing resources."
235,236,TMC,"1. Focus on the key requirements: cost optimization. Always choose solutions that directly address these specific needs.
2. S3 Object Lock provides immutable storage with compliance features. Versioning must be enabled to use Object Lock.
3. Eliminate options that don't meet the core requirements. Look for solutions that are over-engineered, under-powered, or miss key constraints mentioned in the question.
4. Apply the Cost Optimization pillar: right-size resources, use appropriate pricing models (on-demand vs reserved vs spot), and eliminate waste.
5. This tests cost-optimized architecture design. Focus on resource optimization, pricing models, and cost monitoring."
236,237,TMC,"1. Eliminate options that don't meet the core requirements. Look for solutions that are over-engineered, under-powered, or miss key constraints mentioned in the question.
2. Apply the Reliability pillar: design for failure, use multiple AZs, implement automated recovery, and choose managed services when possible.
3. This tests resilient architecture design. Focus on fault tolerance, disaster recovery, and high availability patterns."
237,238,TMC,"1. Focus on the key requirements: high availability. Always choose solutions that directly address these specific needs.
2. Eliminate options that don't meet the core requirements. Look for solutions that are over-engineered, under-powered, or miss key constraints mentioned in the question.
3. This tests resilient architecture design. Focus on fault tolerance, disaster recovery, and high availability patterns."
238,239,TMC,"1. Remember Lambda's 15-minute execution limit. For longer-running tasks, consider ECS Fargate or EC2.
2. S3 Object Lock provides immutable storage with compliance features. Versioning must be enabled to use Object Lock.
3. Eliminate options that don't meet the core requirements. Look for solutions that are over-engineered, under-powered, or miss key constraints mentioned in the question.
4. This tests resilient architecture design. Focus on fault tolerance, disaster recovery, and high availability patterns."
239,240,TMCMA,"1. Focus on the key requirements: high availability, scalability. Always choose solutions that directly address these specific needs.
2. Remember Lambda's 15-minute execution limit. For longer-running tasks, consider ECS Fargate or EC2.
3. Spot Instances can be interrupted with 2-minute notice. Never use for stateful or critical workloads that cannot tolerate interruptions.
4. Eliminate options that don't meet the core requirements. Look for solutions that are over-engineered, under-powered, or miss key constraints mentioned in the question.
5. This tests resilient architecture design. Focus on fault tolerance, disaster recovery, and high availability patterns."
240,241,TMC,"1. S3 Object Lock provides immutable storage with compliance features. Versioning must be enabled to use Object Lock.
2. Eliminate options that don't meet the core requirements. Look for solutions that are over-engineered, under-powered, or miss key constraints mentioned in the question.
3. Apply the Cost Optimization pillar: right-size resources, use appropriate pricing models (on-demand vs reserved vs spot), and eliminate waste.
4. This tests cost-optimized architecture design. Focus on resource optimization, pricing models, and cost monitoring."
241,242,TMC,"1. Focus on the key requirements: security. Always choose solutions that directly address these specific needs.
2. NAT Gateway is fully managed and preferred over NAT Instance for operational efficiency. NAT resources must be in public subnets to provide internet access to private subnets.
3. Eliminate options that don't meet the core requirements. Look for solutions that are over-engineered, under-powered, or miss key constraints mentioned in the question.
4. This tests secure architecture design. Focus on defense in depth, least privilege, and data protection."
242,243,TMCMA,"1. DynamoDB on-demand provides instant scaling without capacity planning, while provisioned capacity requires pre-planning but can be more cost-effective for predictable workloads.
2. Eliminate options that don't meet the core requirements. Look for solutions that are over-engineered, under-powered, or miss key constraints mentioned in the question.
3. This tests resilient architecture design. Focus on fault tolerance, disaster recovery, and high availability patterns."
243,244,TMC,"1. Eliminate options that don't meet the core requirements. Look for solutions that are over-engineered, under-powered, or miss key constraints mentioned in the question.
2. This tests resilient architecture design. Focus on fault tolerance, disaster recovery, and high availability patterns.
3. Read the question carefully and identify all requirements before evaluating options.
4. Managed services are generally preferred over self-managed solutions for operational efficiency.
5. Consider the trade-offs between cost, performance, and operational complexity when choosing between options."
244,245,TMCMA,"1. Focus on the key requirements: performance optimization. Always choose solutions that directly address these specific needs.
2. Eliminate options that don't meet the core requirements. Look for solutions that are over-engineered, under-powered, or miss key constraints mentioned in the question.
3. Apply the Cost Optimization pillar: right-size resources, use appropriate pricing models (on-demand vs reserved vs spot), and eliminate waste.
4. This tests high-performing architecture design. Focus on scalability, performance optimization, and right-sizing resources."
245,246,TMC,"1. Focus on the key requirements: performance optimization. Always choose solutions that directly address these specific needs.
2. Spot Instances can be interrupted with 2-minute notice. Never use for stateful or critical workloads that cannot tolerate interruptions.
3. Eliminate options that don't meet the core requirements. Look for solutions that are over-engineered, under-powered, or miss key constraints mentioned in the question.
4. This tests high-performing architecture design. Focus on scalability, performance optimization, and right-sizing resources."
246,247,TMC,"1. Focus on the key requirements: security. Always choose solutions that directly address these specific needs.
2. S3 Object Lock provides immutable storage with compliance features. Versioning must be enabled to use Object Lock.
3. NAT Gateway is fully managed and preferred over NAT Instance for operational efficiency. NAT resources must be in public subnets to provide internet access to private subnets.
4. Eliminate options that don't meet the core requirements. Look for solutions that are over-engineered, under-powered, or miss key constraints mentioned in the question.
5. Apply the Cost Optimization pillar: right-size resources, use appropriate pricing models (on-demand vs reserved vs spot), and eliminate waste."
247,248,TMC,"1. Eliminate options that don't meet the core requirements. Look for solutions that are over-engineered, under-powered, or miss key constraints mentioned in the question.
2. This tests secure architecture design. Focus on defense in depth, least privilege, and data protection.
3. Read the question carefully and identify all requirements before evaluating options.
4. Managed services are generally preferred over self-managed solutions for operational efficiency.
5. Consider the trade-offs between cost, performance, and operational complexity when choosing between options."
248,249,TMCMA,"1. S3 Object Lock provides immutable storage with compliance features. Versioning must be enabled to use Object Lock.
2. Eliminate options that don't meet the core requirements. Look for solutions that are over-engineered, under-powered, or miss key constraints mentioned in the question.
3. This tests high-performing architecture design. Focus on scalability, performance optimization, and right-sizing resources."
249,250,TMC,"1. Eliminate options that don't meet the core requirements. Look for solutions that are over-engineered, under-powered, or miss key constraints mentioned in the question.
2. This tests secure architecture design. Focus on defense in depth, least privilege, and data protection.
3. Read the question carefully and identify all requirements before evaluating options.
4. Managed services are generally preferred over self-managed solutions for operational efficiency.
5. Consider the trade-offs between cost, performance, and operational complexity when choosing between options."
250,251,TMC,"1. Focus on the key requirements: cost optimization. Always choose solutions that directly address these specific needs.
2. Eliminate options that don't meet the core requirements. Look for solutions that are over-engineered, under-powered, or miss key constraints mentioned in the question.
3. Apply the Cost Optimization pillar: right-size resources, use appropriate pricing models (on-demand vs reserved vs spot), and eliminate waste.
4. This tests high-performing architecture design. Focus on scalability, performance optimization, and right-sizing resources."
251,252,TMC,"1. Focus on the key requirements: performance optimization. Always choose solutions that directly address these specific needs.
2. DynamoDB on-demand provides instant scaling without capacity planning, while provisioned capacity requires pre-planning but can be more cost-effective for predictable workloads.
3. Eliminate options that don't meet the core requirements. Look for solutions that are over-engineered, under-powered, or miss key constraints mentioned in the question.
4. Apply the Cost Optimization pillar: right-size resources, use appropriate pricing models (on-demand vs reserved vs spot), and eliminate waste.
5. This tests cost-optimized architecture design. Focus on resource optimization, pricing models, and cost monitoring."
252,253,TMC,"1. S3 Object Lock provides immutable storage with compliance features. Versioning must be enabled to use Object Lock.
2. Eliminate options that don't meet the core requirements. Look for solutions that are over-engineered, under-powered, or miss key constraints mentioned in the question.
3. This tests resilient architecture design. Focus on fault tolerance, disaster recovery, and high availability patterns."
253,254,TMC,"1. Eliminate options that don't meet the core requirements. Look for solutions that are over-engineered, under-powered, or miss key constraints mentioned in the question.
2. This tests high-performing architecture design. Focus on scalability, performance optimization, and right-sizing resources.
3. Read the question carefully and identify all requirements before evaluating options.
4. Managed services are generally preferred over self-managed solutions for operational efficiency.
5. Consider the trade-offs between cost, performance, and operational complexity when choosing between options."
254,255,TMC,"1. S3 Object Lock provides immutable storage with compliance features. Versioning must be enabled to use Object Lock.
2. Eliminate options that don't meet the core requirements. Look for solutions that are over-engineered, under-powered, or miss key constraints mentioned in the question.
3. Apply the Cost Optimization pillar: right-size resources, use appropriate pricing models (on-demand vs reserved vs spot), and eliminate waste.
4. This tests cost-optimized architecture design. Focus on resource optimization, pricing models, and cost monitoring."
255,256,TMC,"1. Focus on the key requirements: high availability. Always choose solutions that directly address these specific needs.
2. Spot Instances can be interrupted with 2-minute notice. Never use for stateful or critical workloads that cannot tolerate interruptions.
3. Eliminate options that don't meet the core requirements. Look for solutions that are over-engineered, under-powered, or miss key constraints mentioned in the question.
4. Apply the Reliability pillar: design for failure, use multiple AZs, implement automated recovery, and choose managed services when possible.
5. This tests resilient architecture design. Focus on fault tolerance, disaster recovery, and high availability patterns."
256,257,TMC,"1. Remember Lambda's 15-minute execution limit. For longer-running tasks, consider ECS Fargate or EC2.
2. DynamoDB on-demand provides instant scaling without capacity planning, while provisioned capacity requires pre-planning but can be more cost-effective for predictable workloads.
3. Eliminate options that don't meet the core requirements. Look for solutions that are over-engineered, under-powered, or miss key constraints mentioned in the question.
4. This tests high-performing architecture design. Focus on scalability, performance optimization, and right-sizing resources."
257,258,TMC,"1. Remember Lambda's 15-minute execution limit. For longer-running tasks, consider ECS Fargate or EC2.
2. Eliminate options that don't meet the core requirements. Look for solutions that are over-engineered, under-powered, or miss key constraints mentioned in the question.
3. Apply the Cost Optimization pillar: right-size resources, use appropriate pricing models (on-demand vs reserved vs spot), and eliminate waste.
4. This tests cost-optimized architecture design. Focus on resource optimization, pricing models, and cost monitoring."
258,259,TMCMA,"1. Focus on the key requirements: cost optimization. Always choose solutions that directly address these specific needs.
2. Eliminate options that don't meet the core requirements. Look for solutions that are over-engineered, under-powered, or miss key constraints mentioned in the question.
3. Apply the Cost Optimization pillar: right-size resources, use appropriate pricing models (on-demand vs reserved vs spot), and eliminate waste.
4. This tests resilient architecture design. Focus on fault tolerance, disaster recovery, and high availability patterns."
259,260,TMC,"1. Focus on the key requirements: security. Always choose solutions that directly address these specific needs.
2. S3 Object Lock provides immutable storage with compliance features. Versioning must be enabled to use Object Lock.
3. Eliminate options that don't meet the core requirements. Look for solutions that are over-engineered, under-powered, or miss key constraints mentioned in the question.
4. This tests secure architecture design. Focus on defense in depth, least privilege, and data protection."
260,261,TMC,"1. S3 Object Lock provides immutable storage with compliance features. Versioning must be enabled to use Object Lock.
2. Eliminate options that don't meet the core requirements. Look for solutions that are over-engineered, under-powered, or miss key constraints mentioned in the question.
3. This tests high-performing architecture design. Focus on scalability, performance optimization, and right-sizing resources."
261,262,TMCMA,"1. Focus on the key requirements: scalability. Always choose solutions that directly address these specific needs.
2. Eliminate options that don't meet the core requirements. Look for solutions that are over-engineered, under-powered, or miss key constraints mentioned in the question.
3. This tests resilient architecture design. Focus on fault tolerance, disaster recovery, and high availability patterns."
262,263,TMC,"1. Remember Lambda's 15-minute execution limit. For longer-running tasks, consider ECS Fargate or EC2.
2. Spot Instances can be interrupted with 2-minute notice. Never use for stateful or critical workloads that cannot tolerate interruptions.
3. Eliminate options that don't meet the core requirements. Look for solutions that are over-engineered, under-powered, or miss key constraints mentioned in the question.
4. Apply the Reliability pillar: design for failure, use multiple AZs, implement automated recovery, and choose managed services when possible.
5. This tests resilient architecture design. Focus on fault tolerance, disaster recovery, and high availability patterns."
263,264,TMC,"1. Eliminate options that don't meet the core requirements. Look for solutions that are over-engineered, under-powered, or miss key constraints mentioned in the question.
2. This tests secure architecture design. Focus on defense in depth, least privilege, and data protection.
3. Read the question carefully and identify all requirements before evaluating options.
4. Managed services are generally preferred over self-managed solutions for operational efficiency.
5. Consider the trade-offs between cost, performance, and operational complexity when choosing between options."
264,265,TMC,"1. Remember Lambda's 15-minute execution limit. For longer-running tasks, consider ECS Fargate or EC2.
2. DynamoDB on-demand provides instant scaling without capacity planning, while provisioned capacity requires pre-planning but can be more cost-effective for predictable workloads.
3. Eliminate options that don't meet the core requirements. Look for solutions that are over-engineered, under-powered, or miss key constraints mentioned in the question.
4. Apply the Reliability pillar: design for failure, use multiple AZs, implement automated recovery, and choose managed services when possible.
5. This tests resilient architecture design. Focus on fault tolerance, disaster recovery, and high availability patterns."
265,266,TMC,"1. Remember Lambda's 15-minute execution limit. For longer-running tasks, consider ECS Fargate or EC2.
2. S3 Object Lock provides immutable storage with compliance features. Versioning must be enabled to use Object Lock.
3. Eliminate options that don't meet the core requirements. Look for solutions that are over-engineered, under-powered, or miss key constraints mentioned in the question.
4. This tests secure architecture design. Focus on defense in depth, least privilege, and data protection."
266,267,TMC,"1. Eliminate options that don't meet the core requirements. Look for solutions that are over-engineered, under-powered, or miss key constraints mentioned in the question.
2. This tests high-performing architecture design. Focus on scalability, performance optimization, and right-sizing resources.
3. Read the question carefully and identify all requirements before evaluating options.
4. Managed services are generally preferred over self-managed solutions for operational efficiency.
5. Consider the trade-offs between cost, performance, and operational complexity when choosing between options."
267,268,TMCMA,"1. Focus on the key requirements: performance optimization. Always choose solutions that directly address these specific needs.
2. S3 Object Lock provides immutable storage with compliance features. Versioning must be enabled to use Object Lock.
3. Eliminate options that don't meet the core requirements. Look for solutions that are over-engineered, under-powered, or miss key constraints mentioned in the question.
4. This tests high-performing architecture design. Focus on scalability, performance optimization, and right-sizing resources."
268,269,TMC,"1. Focus on the key requirements: cost optimization, high availability, performance optimization. Always choose solutions that directly address these specific needs.
2. S3 Object Lock provides immutable storage with compliance features. Versioning must be enabled to use Object Lock.
3. Eliminate options that don't meet the core requirements. Look for solutions that are over-engineered, under-powered, or miss key constraints mentioned in the question.
4. Apply the Reliability pillar: design for failure, use multiple AZs, implement automated recovery, and choose managed services when possible.
5. Apply the Cost Optimization pillar: right-size resources, use appropriate pricing models (on-demand vs reserved vs spot), and eliminate waste."
269,270,TMC,"1. Focus on the key requirements: security. Always choose solutions that directly address these specific needs.
2. S3 Object Lock provides immutable storage with compliance features. Versioning must be enabled to use Object Lock.
3. NAT Gateway is fully managed and preferred over NAT Instance for operational efficiency. NAT resources must be in public subnets to provide internet access to private subnets.
4. Eliminate options that don't meet the core requirements. Look for solutions that are over-engineered, under-powered, or miss key constraints mentioned in the question.
5. Apply the Cost Optimization pillar: right-size resources, use appropriate pricing models (on-demand vs reserved vs spot), and eliminate waste."
270,271,TMC,"1. Focus on the key requirements: high availability. Always choose solutions that directly address these specific needs.
2. Eliminate options that don't meet the core requirements. Look for solutions that are over-engineered, under-powered, or miss key constraints mentioned in the question.
3. This tests resilient architecture design. Focus on fault tolerance, disaster recovery, and high availability patterns."
271,272,TMCMA,"1. Eliminate options that don't meet the core requirements. Look for solutions that are over-engineered, under-powered, or miss key constraints mentioned in the question.
2. This tests secure architecture design. Focus on defense in depth, least privilege, and data protection.
3. Read the question carefully and identify all requirements before evaluating options.
4. Managed services are generally preferred over self-managed solutions for operational efficiency.
5. Consider the trade-offs between cost, performance, and operational complexity when choosing between options."
272,273,TMCMA,"1. Eliminate options that don't meet the core requirements. Look for solutions that are over-engineered, under-powered, or miss key constraints mentioned in the question.
2. This tests cost-optimized architecture design. Focus on resource optimization, pricing models, and cost monitoring.
3. Read the question carefully and identify all requirements before evaluating options.
4. Managed services are generally preferred over self-managed solutions for operational efficiency.
5. Consider the trade-offs between cost, performance, and operational complexity when choosing between options."
273,274,TMC,"1. Eliminate options that don't meet the core requirements. Look for solutions that are over-engineered, under-powered, or miss key constraints mentioned in the question.
2. This tests resilient architecture design. Focus on fault tolerance, disaster recovery, and high availability patterns.
3. Read the question carefully and identify all requirements before evaluating options.
4. Managed services are generally preferred over self-managed solutions for operational efficiency.
5. Consider the trade-offs between cost, performance, and operational complexity when choosing between options."
274,275,TMC,"1. Focus on the key requirements: security. Always choose solutions that directly address these specific needs.
2. Eliminate options that don't meet the core requirements. Look for solutions that are over-engineered, under-powered, or miss key constraints mentioned in the question.
3. This tests secure architecture design. Focus on defense in depth, least privilege, and data protection."
275,276,TMC,"1. S3 Object Lock provides immutable storage with compliance features. Versioning must be enabled to use Object Lock.
2. Eliminate options that don't meet the core requirements. Look for solutions that are over-engineered, under-powered, or miss key constraints mentioned in the question.
3. This tests resilient architecture design. Focus on fault tolerance, disaster recovery, and high availability patterns."
276,277,TMC,"1. Focus on the key requirements: high availability. Always choose solutions that directly address these specific needs.
2. Remember Lambda's 15-minute execution limit. For longer-running tasks, consider ECS Fargate or EC2.
3. S3 Object Lock provides immutable storage with compliance features. Versioning must be enabled to use Object Lock.
4. Eliminate options that don't meet the core requirements. Look for solutions that are over-engineered, under-powered, or miss key constraints mentioned in the question.
5. This tests resilient architecture design. Focus on fault tolerance, disaster recovery, and high availability patterns."
277,278,TMC,"1. S3 Object Lock provides immutable storage with compliance features. Versioning must be enabled to use Object Lock.
2. Eliminate options that don't meet the core requirements. Look for solutions that are over-engineered, under-powered, or miss key constraints mentioned in the question.
3. This tests secure architecture design. Focus on defense in depth, least privilege, and data protection."
278,279,TMCMA,"1. Focus on the key requirements: minimal operational overhead, security. Always choose solutions that directly address these specific needs.
2. Remember Lambda's 15-minute execution limit. For longer-running tasks, consider ECS Fargate or EC2.
3. S3 Object Lock provides immutable storage with compliance features. Versioning must be enabled to use Object Lock.
4. Eliminate options that don't meet the core requirements. Look for solutions that are over-engineered, under-powered, or miss key constraints mentioned in the question.
5. This tests high-performing architecture design. Focus on scalability, performance optimization, and right-sizing resources."
279,280,TMC,"1. S3 Object Lock provides immutable storage with compliance features. Versioning must be enabled to use Object Lock.
2. Eliminate options that don't meet the core requirements. Look for solutions that are over-engineered, under-powered, or miss key constraints mentioned in the question.
3. This tests secure architecture design. Focus on defense in depth, least privilege, and data protection."
280,281,TMC,"1. Focus on the key requirements: security. Always choose solutions that directly address these specific needs.
2. Eliminate options that don't meet the core requirements. Look for solutions that are over-engineered, under-powered, or miss key constraints mentioned in the question.
3. This tests secure architecture design. Focus on defense in depth, least privilege, and data protection."
281,282,TMC,"1. Eliminate options that don't meet the core requirements. Look for solutions that are over-engineered, under-powered, or miss key constraints mentioned in the question.
2. This tests resilient architecture design. Focus on fault tolerance, disaster recovery, and high availability patterns.
3. Read the question carefully and identify all requirements before evaluating options.
4. Managed services are generally preferred over self-managed solutions for operational efficiency.
5. Consider the trade-offs between cost, performance, and operational complexity when choosing between options."
282,283,TMC,"1. Eliminate options that don't meet the core requirements. Look for solutions that are over-engineered, under-powered, or miss key constraints mentioned in the question.
2. Apply the Reliability pillar: design for failure, use multiple AZs, implement automated recovery, and choose managed services when possible.
3. This tests resilient architecture design. Focus on fault tolerance, disaster recovery, and high availability patterns."
283,284,TMC,"1. S3 Object Lock provides immutable storage with compliance features. Versioning must be enabled to use Object Lock.
2. Eliminate options that don't meet the core requirements. Look for solutions that are over-engineered, under-powered, or miss key constraints mentioned in the question.
3. This tests secure architecture design. Focus on defense in depth, least privilege, and data protection."
284,285,TMC,"1. Remember Lambda's 15-minute execution limit. For longer-running tasks, consider ECS Fargate or EC2.
2. Eliminate options that don't meet the core requirements. Look for solutions that are over-engineered, under-powered, or miss key constraints mentioned in the question.
3. This tests secure architecture design. Focus on defense in depth, least privilege, and data protection."
285,286,TMC,"1. Focus on the key requirements: security. Always choose solutions that directly address these specific needs.
2. Eliminate options that don't meet the core requirements. Look for solutions that are over-engineered, under-powered, or miss key constraints mentioned in the question.
3. This tests secure architecture design. Focus on defense in depth, least privilege, and data protection."
286,287,TMC,"1. Focus on the key requirements: performance optimization. Always choose solutions that directly address these specific needs.
2. S3 Object Lock provides immutable storage with compliance features. Versioning must be enabled to use Object Lock.
3. Eliminate options that don't meet the core requirements. Look for solutions that are over-engineered, under-powered, or miss key constraints mentioned in the question.
4. This tests high-performing architecture design. Focus on scalability, performance optimization, and right-sizing resources."
287,288,TMC,"1. Focus on the key requirements: minimal operational overhead. Always choose solutions that directly address these specific needs.
2. Remember Lambda's 15-minute execution limit. For longer-running tasks, consider ECS Fargate or EC2.
3. DynamoDB on-demand provides instant scaling without capacity planning, while provisioned capacity requires pre-planning but can be more cost-effective for predictable workloads.
4. S3 Object Lock provides immutable storage with compliance features. Versioning must be enabled to use Object Lock.
5. Eliminate options that don't meet the core requirements. Look for solutions that are over-engineered, under-powered, or miss key constraints mentioned in the question."
288,289,TMC,"1. Remember Lambda's 15-minute execution limit. For longer-running tasks, consider ECS Fargate or EC2.
2. S3 Object Lock provides immutable storage with compliance features. Versioning must be enabled to use Object Lock.
3. Eliminate options that don't meet the core requirements. Look for solutions that are over-engineered, under-powered, or miss key constraints mentioned in the question.
4. This tests secure architecture design. Focus on defense in depth, least privilege, and data protection."
289,290,TMC,"1. S3 Object Lock provides immutable storage with compliance features. Versioning must be enabled to use Object Lock.
2. Eliminate options that don't meet the core requirements. Look for solutions that are over-engineered, under-powered, or miss key constraints mentioned in the question.
3. This tests secure architecture design. Focus on defense in depth, least privilege, and data protection."
290,291,TMC,"1. Remember Lambda's 15-minute execution limit. For longer-running tasks, consider ECS Fargate or EC2.
2. S3 Object Lock provides immutable storage with compliance features. Versioning must be enabled to use Object Lock.
3. Eliminate options that don't meet the core requirements. Look for solutions that are over-engineered, under-powered, or miss key constraints mentioned in the question.
4. This tests secure architecture design. Focus on defense in depth, least privilege, and data protection."
291,292,TMC,"1. S3 Object Lock provides immutable storage with compliance features. Versioning must be enabled to use Object Lock.
2. Eliminate options that don't meet the core requirements. Look for solutions that are over-engineered, under-powered, or miss key constraints mentioned in the question.
3. This tests cost-optimized architecture design. Focus on resource optimization, pricing models, and cost monitoring."
292,293,TMC,"1. Focus on the key requirements: high availability. Always choose solutions that directly address these specific needs.
2. Eliminate options that don't meet the core requirements. Look for solutions that are over-engineered, under-powered, or miss key constraints mentioned in the question.
3. Apply the Cost Optimization pillar: right-size resources, use appropriate pricing models (on-demand vs reserved vs spot), and eliminate waste.
4. This tests cost-optimized architecture design. Focus on resource optimization, pricing models, and cost monitoring."
293,294,TMC,"1. Focus on the key requirements: performance optimization. Always choose solutions that directly address these specific needs.
2. Eliminate options that don't meet the core requirements. Look for solutions that are over-engineered, under-powered, or miss key constraints mentioned in the question.
3. This tests high-performing architecture design. Focus on scalability, performance optimization, and right-sizing resources."
294,295,TMC,"1. Eliminate options that don't meet the core requirements. Look for solutions that are over-engineered, under-powered, or miss key constraints mentioned in the question.
2. This tests high-performing architecture design. Focus on scalability, performance optimization, and right-sizing resources.
3. Read the question carefully and identify all requirements before evaluating options.
4. Managed services are generally preferred over self-managed solutions for operational efficiency.
5. Consider the trade-offs between cost, performance, and operational complexity when choosing between options."
295,296,TMC,"1. Focus on the key requirements: performance optimization. Always choose solutions that directly address these specific needs.
2. Eliminate options that don't meet the core requirements. Look for solutions that are over-engineered, under-powered, or miss key constraints mentioned in the question.
3. This tests high-performing architecture design. Focus on scalability, performance optimization, and right-sizing resources."
296,297,TMC,"1. DynamoDB on-demand provides instant scaling without capacity planning, while provisioned capacity requires pre-planning but can be more cost-effective for predictable workloads.
2. S3 Object Lock provides immutable storage with compliance features. Versioning must be enabled to use Object Lock.
3. Eliminate options that don't meet the core requirements. Look for solutions that are over-engineered, under-powered, or miss key constraints mentioned in the question.
4. This tests high-performing architecture design. Focus on scalability, performance optimization, and right-sizing resources."
297,298,TMC,"1. Remember Lambda's 15-minute execution limit. For longer-running tasks, consider ECS Fargate or EC2.
2. Eliminate options that don't meet the core requirements. Look for solutions that are over-engineered, under-powered, or miss key constraints mentioned in the question.
3. Apply the Cost Optimization pillar: right-size resources, use appropriate pricing models (on-demand vs reserved vs spot), and eliminate waste.
4. This tests cost-optimized architecture design. Focus on resource optimization, pricing models, and cost monitoring."
298,299,TMC,"1. Remember Lambda's 15-minute execution limit. For longer-running tasks, consider ECS Fargate or EC2.
2. S3 Object Lock provides immutable storage with compliance features. Versioning must be enabled to use Object Lock.
3. Eliminate options that don't meet the core requirements. Look for solutions that are over-engineered, under-powered, or miss key constraints mentioned in the question.
4. This tests high-performing architecture design. Focus on scalability, performance optimization, and right-sizing resources."
299,300,TMC,"1. Eliminate options that don't meet the core requirements. Look for solutions that are over-engineered, under-powered, or miss key constraints mentioned in the question.
2. This tests cost-optimized architecture design. Focus on resource optimization, pricing models, and cost monitoring.
3. Read the question carefully and identify all requirements before evaluating options.
4. Managed services are generally preferred over self-managed solutions for operational efficiency.
5. Consider the trade-offs between cost, performance, and operational complexity when choosing between options."
300,301,TMC,"1. DynamoDB on-demand provides instant scaling without capacity planning, while provisioned capacity requires pre-planning but can be more cost-effective for predictable workloads.
2. Eliminate options that don't meet the core requirements. Look for solutions that are over-engineered, under-powered, or miss key constraints mentioned in the question.
3. This tests high-performing architecture design. Focus on scalability, performance optimization, and right-sizing resources."
301,302,TMC,"1. Focus on the key requirements: high availability. Always choose solutions that directly address these specific needs.
2. Eliminate options that don't meet the core requirements. Look for solutions that are over-engineered, under-powered, or miss key constraints mentioned in the question.
3. Apply the Cost Optimization pillar: right-size resources, use appropriate pricing models (on-demand vs reserved vs spot), and eliminate waste.
4. This tests resilient architecture design. Focus on fault tolerance, disaster recovery, and high availability patterns."
302,303,TMC,"1. S3 Object Lock provides immutable storage with compliance features. Versioning must be enabled to use Object Lock.
2. Eliminate options that don't meet the core requirements. Look for solutions that are over-engineered, under-powered, or miss key constraints mentioned in the question.
3. This tests secure architecture design. Focus on defense in depth, least privilege, and data protection."
303,304,TMC,"1. Focus on the key requirements: cost optimization, high availability. Always choose solutions that directly address these specific needs.
2. S3 Object Lock provides immutable storage with compliance features. Versioning must be enabled to use Object Lock.
3. Eliminate options that don't meet the core requirements. Look for solutions that are over-engineered, under-powered, or miss key constraints mentioned in the question.
4. Apply the Cost Optimization pillar: right-size resources, use appropriate pricing models (on-demand vs reserved vs spot), and eliminate waste.
5. This tests resilient architecture design. Focus on fault tolerance, disaster recovery, and high availability patterns."
304,305,TMC,"1. S3 Object Lock provides immutable storage with compliance features. Versioning must be enabled to use Object Lock.
2. Eliminate options that don't meet the core requirements. Look for solutions that are over-engineered, under-powered, or miss key constraints mentioned in the question.
3. This tests secure architecture design. Focus on defense in depth, least privilege, and data protection."
305,306,TMC,"1. Focus on the key requirements: security. Always choose solutions that directly address these specific needs.
2. S3 Object Lock provides immutable storage with compliance features. Versioning must be enabled to use Object Lock.
3. Eliminate options that don't meet the core requirements. Look for solutions that are over-engineered, under-powered, or miss key constraints mentioned in the question.
4. This tests secure architecture design. Focus on defense in depth, least privilege, and data protection."
306,307,TMC,"1. Eliminate options that don't meet the core requirements. Look for solutions that are over-engineered, under-powered, or miss key constraints mentioned in the question.
2. Apply the Cost Optimization pillar: right-size resources, use appropriate pricing models (on-demand vs reserved vs spot), and eliminate waste.
3. This tests cost-optimized architecture design. Focus on resource optimization, pricing models, and cost monitoring."
307,308,TMC,"1. Focus on the key requirements: performance optimization. Always choose solutions that directly address these specific needs.
2. DynamoDB on-demand provides instant scaling without capacity planning, while provisioned capacity requires pre-planning but can be more cost-effective for predictable workloads.
3. Eliminate options that don't meet the core requirements. Look for solutions that are over-engineered, under-powered, or miss key constraints mentioned in the question.
4. This tests high-performing architecture design. Focus on scalability, performance optimization, and right-sizing resources."
308,309,TMC,"1. Focus on the key requirements: high availability. Always choose solutions that directly address these specific needs.
2. Spot Instances can be interrupted with 2-minute notice. Never use for stateful or critical workloads that cannot tolerate interruptions.
3. NAT Gateway is fully managed and preferred over NAT Instance for operational efficiency. NAT resources must be in public subnets to provide internet access to private subnets.
4. Eliminate options that don't meet the core requirements. Look for solutions that are over-engineered, under-powered, or miss key constraints mentioned in the question.
5. Apply the Reliability pillar: design for failure, use multiple AZs, implement automated recovery, and choose managed services when possible."
309,310,TMC,"1. DynamoDB on-demand provides instant scaling without capacity planning, while provisioned capacity requires pre-planning but can be more cost-effective for predictable workloads.
2. Eliminate options that don't meet the core requirements. Look for solutions that are over-engineered, under-powered, or miss key constraints mentioned in the question.
3. This tests high-performing architecture design. Focus on scalability, performance optimization, and right-sizing resources."
310,311,TMCMA,"1. Focus on the key requirements: high availability, scalability. Always choose solutions that directly address these specific needs.
2. Eliminate options that don't meet the core requirements. Look for solutions that are over-engineered, under-powered, or miss key constraints mentioned in the question.
3. Apply the Cost Optimization pillar: right-size resources, use appropriate pricing models (on-demand vs reserved vs spot), and eliminate waste.
4. This tests cost-optimized architecture design. Focus on resource optimization, pricing models, and cost monitoring."
311,312,TMC,"1. Focus on the key requirements: cost optimization. Always choose solutions that directly address these specific needs.
2. S3 Object Lock provides immutable storage with compliance features. Versioning must be enabled to use Object Lock.
3. Eliminate options that don't meet the core requirements. Look for solutions that are over-engineered, under-powered, or miss key constraints mentioned in the question.
4. Apply the Cost Optimization pillar: right-size resources, use appropriate pricing models (on-demand vs reserved vs spot), and eliminate waste.
5. This tests resilient architecture design. Focus on fault tolerance, disaster recovery, and high availability patterns."
312,313,TMC,"1. Focus on the key requirements: performance optimization. Always choose solutions that directly address these specific needs.
2. S3 Object Lock provides immutable storage with compliance features. Versioning must be enabled to use Object Lock.
3. Eliminate options that don't meet the core requirements. Look for solutions that are over-engineered, under-powered, or miss key constraints mentioned in the question.
4. This tests high-performing architecture design. Focus on scalability, performance optimization, and right-sizing resources."
313,314,TMC,"1. S3 Object Lock provides immutable storage with compliance features. Versioning must be enabled to use Object Lock.
2. Eliminate options that don't meet the core requirements. Look for solutions that are over-engineered, under-powered, or miss key constraints mentioned in the question.
3. Apply the Cost Optimization pillar: right-size resources, use appropriate pricing models (on-demand vs reserved vs spot), and eliminate waste.
4. This tests cost-optimized architecture design. Focus on resource optimization, pricing models, and cost monitoring."
314,315,TMC,"1. Eliminate options that don't meet the core requirements. Look for solutions that are over-engineered, under-powered, or miss key constraints mentioned in the question.
2. This tests resilient architecture design. Focus on fault tolerance, disaster recovery, and high availability patterns.
3. Read the question carefully and identify all requirements before evaluating options.
4. Managed services are generally preferred over self-managed solutions for operational efficiency.
5. Consider the trade-offs between cost, performance, and operational complexity when choosing between options."
315,316,TMC,"1. Remember Lambda's 15-minute execution limit. For longer-running tasks, consider ECS Fargate or EC2.
2. Eliminate options that don't meet the core requirements. Look for solutions that are over-engineered, under-powered, or miss key constraints mentioned in the question.
3. Apply the Reliability pillar: design for failure, use multiple AZs, implement automated recovery, and choose managed services when possible.
4. This tests resilient architecture design. Focus on fault tolerance, disaster recovery, and high availability patterns."
316,317,TMCMA,"1. Eliminate options that don't meet the core requirements. Look for solutions that are over-engineered, under-powered, or miss key constraints mentioned in the question.
2. This tests secure architecture design. Focus on defense in depth, least privilege, and data protection.
3. Read the question carefully and identify all requirements before evaluating options.
4. Managed services are generally preferred over self-managed solutions for operational efficiency.
5. Consider the trade-offs between cost, performance, and operational complexity when choosing between options."
317,318,TMCMA,"1. Focus on the key requirements: performance optimization. Always choose solutions that directly address these specific needs.
2. Remember Lambda's 15-minute execution limit. For longer-running tasks, consider ECS Fargate or EC2.
3. S3 Object Lock provides immutable storage with compliance features. Versioning must be enabled to use Object Lock.
4. Eliminate options that don't meet the core requirements. Look for solutions that are over-engineered, under-powered, or miss key constraints mentioned in the question.
5. This tests high-performing architecture design. Focus on scalability, performance optimization, and right-sizing resources."
318,319,TMC,"1. S3 Object Lock provides immutable storage with compliance features. Versioning must be enabled to use Object Lock.
2. Eliminate options that don't meet the core requirements. Look for solutions that are over-engineered, under-powered, or miss key constraints mentioned in the question.
3. This tests secure architecture design. Focus on defense in depth, least privilege, and data protection."
319,320,TMC,"1. Focus on the key requirements: performance optimization. Always choose solutions that directly address these specific needs.
2. Eliminate options that don't meet the core requirements. Look for solutions that are over-engineered, under-powered, or miss key constraints mentioned in the question.
3. This tests secure architecture design. Focus on defense in depth, least privilege, and data protection."
320,321,TMC,"1. Focus on the key requirements: high availability. Always choose solutions that directly address these specific needs.
2. Remember Lambda's 15-minute execution limit. For longer-running tasks, consider ECS Fargate or EC2.
3. Eliminate options that don't meet the core requirements. Look for solutions that are over-engineered, under-powered, or miss key constraints mentioned in the question.
4. This tests resilient architecture design. Focus on fault tolerance, disaster recovery, and high availability patterns."
321,322,TMC,"1. Remember Lambda's 15-minute execution limit. For longer-running tasks, consider ECS Fargate or EC2.
2. Eliminate options that don't meet the core requirements. Look for solutions that are over-engineered, under-powered, or miss key constraints mentioned in the question.
3. This tests high-performing architecture design. Focus on scalability, performance optimization, and right-sizing resources."
322,323,TMC,"1. Focus on the key requirements: performance optimization. Always choose solutions that directly address these specific needs.
2. Eliminate options that don't meet the core requirements. Look for solutions that are over-engineered, under-powered, or miss key constraints mentioned in the question.
3. This tests high-performing architecture design. Focus on scalability, performance optimization, and right-sizing resources."
323,324,TMC,"1. Eliminate options that don't meet the core requirements. Look for solutions that are over-engineered, under-powered, or miss key constraints mentioned in the question.
2. This tests secure architecture design. Focus on defense in depth, least privilege, and data protection.
3. Read the question carefully and identify all requirements before evaluating options.
4. Managed services are generally preferred over self-managed solutions for operational efficiency.
5. Consider the trade-offs between cost, performance, and operational complexity when choosing between options."
324,325,TMC,"1. Focus on the key requirements: security. Always choose solutions that directly address these specific needs.
2. Eliminate options that don't meet the core requirements. Look for solutions that are over-engineered, under-powered, or miss key constraints mentioned in the question.
3. This tests high-performing architecture design. Focus on scalability, performance optimization, and right-sizing resources."
325,326,TMCMA,"1. Focus on the key requirements: security. Always choose solutions that directly address these specific needs.
2. Remember Lambda's 15-minute execution limit. For longer-running tasks, consider ECS Fargate or EC2.
3. Eliminate options that don't meet the core requirements. Look for solutions that are over-engineered, under-powered, or miss key constraints mentioned in the question.
4. This tests secure architecture design. Focus on defense in depth, least privilege, and data protection."
326,327,TMC,"1. S3 Object Lock provides immutable storage with compliance features. Versioning must be enabled to use Object Lock.
2. Eliminate options that don't meet the core requirements. Look for solutions that are over-engineered, under-powered, or miss key constraints mentioned in the question.
3. Apply the Cost Optimization pillar: right-size resources, use appropriate pricing models (on-demand vs reserved vs spot), and eliminate waste.
4. This tests cost-optimized architecture design. Focus on resource optimization, pricing models, and cost monitoring."
327,328,TMC,"1. Remember Lambda's 15-minute execution limit. For longer-running tasks, consider ECS Fargate or EC2.
2. DynamoDB on-demand provides instant scaling without capacity planning, while provisioned capacity requires pre-planning but can be more cost-effective for predictable workloads.
3. S3 Object Lock provides immutable storage with compliance features. Versioning must be enabled to use Object Lock.
4. Eliminate options that don't meet the core requirements. Look for solutions that are over-engineered, under-powered, or miss key constraints mentioned in the question.
5. This tests resilient architecture design. Focus on fault tolerance, disaster recovery, and high availability patterns."
328,329,TMC,"1. Focus on the key requirements: security. Always choose solutions that directly address these specific needs.
2. Remember Lambda's 15-minute execution limit. For longer-running tasks, consider ECS Fargate or EC2.
3. S3 Object Lock provides immutable storage with compliance features. Versioning must be enabled to use Object Lock.
4. Eliminate options that don't meet the core requirements. Look for solutions that are over-engineered, under-powered, or miss key constraints mentioned in the question.
5. Apply the Reliability pillar: design for failure, use multiple AZs, implement automated recovery, and choose managed services when possible."
329,330,TMC,"1. Focus on the key requirements: security. Always choose solutions that directly address these specific needs.
2. S3 Object Lock provides immutable storage with compliance features. Versioning must be enabled to use Object Lock.
3. Eliminate options that don't meet the core requirements. Look for solutions that are over-engineered, under-powered, or miss key constraints mentioned in the question.
4. This tests cost-optimized architecture design. Focus on resource optimization, pricing models, and cost monitoring."
330,331,TMC,"1. Focus on the key requirements: high availability. Always choose solutions that directly address these specific needs.
2. S3 Object Lock provides immutable storage with compliance features. Versioning must be enabled to use Object Lock.
3. Eliminate options that don't meet the core requirements. Look for solutions that are over-engineered, under-powered, or miss key constraints mentioned in the question.
4. This tests resilient architecture design. Focus on fault tolerance, disaster recovery, and high availability patterns."
331,332,TMC,"1. S3 Object Lock provides immutable storage with compliance features. Versioning must be enabled to use Object Lock.
2. Eliminate options that don't meet the core requirements. Look for solutions that are over-engineered, under-powered, or miss key constraints mentioned in the question.
3. This tests secure architecture design. Focus on defense in depth, least privilege, and data protection."
332,333,TMCMA,"1. NAT Gateway is fully managed and preferred over NAT Instance for operational efficiency. NAT resources must be in public subnets to provide internet access to private subnets.
2. Eliminate options that don't meet the core requirements. Look for solutions that are over-engineered, under-powered, or miss key constraints mentioned in the question.
3. This tests secure architecture design. Focus on defense in depth, least privilege, and data protection."
333,334,TMC,"1. Eliminate options that don't meet the core requirements. Look for solutions that are over-engineered, under-powered, or miss key constraints mentioned in the question.
2. This tests secure architecture design. Focus on defense in depth, least privilege, and data protection.
3. Read the question carefully and identify all requirements before evaluating options.
4. Managed services are generally preferred over self-managed solutions for operational efficiency.
5. Consider the trade-offs between cost, performance, and operational complexity when choosing between options."
334,335,TMCMA,"1. Remember Lambda's 15-minute execution limit. For longer-running tasks, consider ECS Fargate or EC2.
2. Eliminate options that don't meet the core requirements. Look for solutions that are over-engineered, under-powered, or miss key constraints mentioned in the question.
3. This tests high-performing architecture design. Focus on scalability, performance optimization, and right-sizing resources."
335,336,TMC,"1. S3 Object Lock provides immutable storage with compliance features. Versioning must be enabled to use Object Lock.
2. Eliminate options that don't meet the core requirements. Look for solutions that are over-engineered, under-powered, or miss key constraints mentioned in the question.
3. This tests secure architecture design. Focus on defense in depth, least privilege, and data protection."
336,337,TMC,"1. Eliminate options that don't meet the core requirements. Look for solutions that are over-engineered, under-powered, or miss key constraints mentioned in the question.
2. This tests secure architecture design. Focus on defense in depth, least privilege, and data protection.
3. Read the question carefully and identify all requirements before evaluating options.
4. Managed services are generally preferred over self-managed solutions for operational efficiency.
5. Consider the trade-offs between cost, performance, and operational complexity when choosing between options."
337,338,TMC,"1. S3 Object Lock provides immutable storage with compliance features. Versioning must be enabled to use Object Lock.
2. Eliminate options that don't meet the core requirements. Look for solutions that are over-engineered, under-powered, or miss key constraints mentioned in the question.
3. This tests cost-optimized architecture design. Focus on resource optimization, pricing models, and cost monitoring."
338,339,TMC,"1. S3 Object Lock provides immutable storage with compliance features. Versioning must be enabled to use Object Lock.
2. Eliminate options that don't meet the core requirements. Look for solutions that are over-engineered, under-powered, or miss key constraints mentioned in the question.
3. Apply the Cost Optimization pillar: right-size resources, use appropriate pricing models (on-demand vs reserved vs spot), and eliminate waste.
4. This tests cost-optimized architecture design. Focus on resource optimization, pricing models, and cost monitoring."
339,340,TMC,"1. Remember Lambda's 15-minute execution limit. For longer-running tasks, consider ECS Fargate or EC2.
2. DynamoDB on-demand provides instant scaling without capacity planning, while provisioned capacity requires pre-planning but can be more cost-effective for predictable workloads.
3. S3 Object Lock provides immutable storage with compliance features. Versioning must be enabled to use Object Lock.
4. Eliminate options that don't meet the core requirements. Look for solutions that are over-engineered, under-powered, or miss key constraints mentioned in the question.
5. This tests cost-optimized architecture design. Focus on resource optimization, pricing models, and cost monitoring."
340,341,TMC,"1. S3 Object Lock provides immutable storage with compliance features. Versioning must be enabled to use Object Lock.
2. Eliminate options that don't meet the core requirements. Look for solutions that are over-engineered, under-powered, or miss key constraints mentioned in the question.
3. Apply the Cost Optimization pillar: right-size resources, use appropriate pricing models (on-demand vs reserved vs spot), and eliminate waste.
4. This tests cost-optimized architecture design. Focus on resource optimization, pricing models, and cost monitoring."
341,342,TMC,"1. Focus on the key requirements: security. Always choose solutions that directly address these specific needs.
2. Remember Lambda's 15-minute execution limit. For longer-running tasks, consider ECS Fargate or EC2.
3. Eliminate options that don't meet the core requirements. Look for solutions that are over-engineered, under-powered, or miss key constraints mentioned in the question.
4. This tests secure architecture design. Focus on defense in depth, least privilege, and data protection."
342,343,TMC,"1. S3 Object Lock provides immutable storage with compliance features. Versioning must be enabled to use Object Lock.
2. NAT Gateway is fully managed and preferred over NAT Instance for operational efficiency. NAT resources must be in public subnets to provide internet access to private subnets.
3. Eliminate options that don't meet the core requirements. Look for solutions that are over-engineered, under-powered, or miss key constraints mentioned in the question.
4. This tests secure architecture design. Focus on defense in depth, least privilege, and data protection."
343,344,TMC,"1. Remember Lambda's 15-minute execution limit. For longer-running tasks, consider ECS Fargate or EC2.
2. S3 Object Lock provides immutable storage with compliance features. Versioning must be enabled to use Object Lock.
3. Eliminate options that don't meet the core requirements. Look for solutions that are over-engineered, under-powered, or miss key constraints mentioned in the question.
4. This tests secure architecture design. Focus on defense in depth, least privilege, and data protection."
344,345,TMC,"1. S3 Object Lock provides immutable storage with compliance features. Versioning must be enabled to use Object Lock.
2. Eliminate options that don't meet the core requirements. Look for solutions that are over-engineered, under-powered, or miss key constraints mentioned in the question.
3. This tests secure architecture design. Focus on defense in depth, least privilege, and data protection."
345,346,TMC,"1. Focus on the key requirements: performance optimization. Always choose solutions that directly address these specific needs.
2. S3 Object Lock provides immutable storage with compliance features. Versioning must be enabled to use Object Lock.
3. Eliminate options that don't meet the core requirements. Look for solutions that are over-engineered, under-powered, or miss key constraints mentioned in the question.
4. This tests high-performing architecture design. Focus on scalability, performance optimization, and right-sizing resources."
346,347,TMC,"1. S3 Object Lock provides immutable storage with compliance features. Versioning must be enabled to use Object Lock.
2. Eliminate options that don't meet the core requirements. Look for solutions that are over-engineered, under-powered, or miss key constraints mentioned in the question.
3. Apply the Cost Optimization pillar: right-size resources, use appropriate pricing models (on-demand vs reserved vs spot), and eliminate waste.
4. This tests cost-optimized architecture design. Focus on resource optimization, pricing models, and cost monitoring."
347,348,TMC,"1. Focus on the key requirements: security. Always choose solutions that directly address these specific needs.
2. Remember Lambda's 15-minute execution limit. For longer-running tasks, consider ECS Fargate or EC2.
3. Eliminate options that don't meet the core requirements. Look for solutions that are over-engineered, under-powered, or miss key constraints mentioned in the question.
4. This tests secure architecture design. Focus on defense in depth, least privilege, and data protection."
348,349,TMC,"1. Focus on the key requirements: high availability. Always choose solutions that directly address these specific needs.
2. Eliminate options that don't meet the core requirements. Look for solutions that are over-engineered, under-powered, or miss key constraints mentioned in the question.
3. This tests resilient architecture design. Focus on fault tolerance, disaster recovery, and high availability patterns."
349,350,TMC,"1. Remember Lambda's 15-minute execution limit. For longer-running tasks, consider ECS Fargate or EC2.
2. DynamoDB on-demand provides instant scaling without capacity planning, while provisioned capacity requires pre-planning but can be more cost-effective for predictable workloads.
3. Eliminate options that don't meet the core requirements. Look for solutions that are over-engineered, under-powered, or miss key constraints mentioned in the question.
4. This tests secure architecture design. Focus on defense in depth, least privilege, and data protection."
350,351,TMC,"1. S3 Object Lock provides immutable storage with compliance features. Versioning must be enabled to use Object Lock.
2. Eliminate options that don't meet the core requirements. Look for solutions that are over-engineered, under-powered, or miss key constraints mentioned in the question.
3. Apply the Cost Optimization pillar: right-size resources, use appropriate pricing models (on-demand vs reserved vs spot), and eliminate waste.
4. This tests cost-optimized architecture design. Focus on resource optimization, pricing models, and cost monitoring."
351,352,TMC,"1. Focus on the key requirements: security. Always choose solutions that directly address these specific needs.
2. S3 Object Lock provides immutable storage with compliance features. Versioning must be enabled to use Object Lock.
3. NAT Gateway is fully managed and preferred over NAT Instance for operational efficiency. NAT resources must be in public subnets to provide internet access to private subnets.
4. Eliminate options that don't meet the core requirements. Look for solutions that are over-engineered, under-powered, or miss key constraints mentioned in the question.
5. This tests secure architecture design. Focus on defense in depth, least privilege, and data protection."
352,353,TMC,"1. Eliminate options that don't meet the core requirements. Look for solutions that are over-engineered, under-powered, or miss key constraints mentioned in the question.
2. This tests secure architecture design. Focus on defense in depth, least privilege, and data protection.
3. Read the question carefully and identify all requirements before evaluating options.
4. Managed services are generally preferred over self-managed solutions for operational efficiency.
5. Consider the trade-offs between cost, performance, and operational complexity when choosing between options."
353,354,TMC,"1. Remember Lambda's 15-minute execution limit. For longer-running tasks, consider ECS Fargate or EC2.
2. Eliminate options that don't meet the core requirements. Look for solutions that are over-engineered, under-powered, or miss key constraints mentioned in the question.
3. This tests secure architecture design. Focus on defense in depth, least privilege, and data protection."
354,355,TMC,"1. Focus on the key requirements: scalability. Always choose solutions that directly address these specific needs.
2. Eliminate options that don't meet the core requirements. Look for solutions that are over-engineered, under-powered, or miss key constraints mentioned in the question.
3. This tests high-performing architecture design. Focus on scalability, performance optimization, and right-sizing resources."
355,356,TMC,"1. Focus on the key requirements: security. Always choose solutions that directly address these specific needs.
2. Eliminate options that don't meet the core requirements. Look for solutions that are over-engineered, under-powered, or miss key constraints mentioned in the question.
3. This tests secure architecture design. Focus on defense in depth, least privilege, and data protection."
356,357,TMC,"1. Remember Lambda's 15-minute execution limit. For longer-running tasks, consider ECS Fargate or EC2.
2. S3 Object Lock provides immutable storage with compliance features. Versioning must be enabled to use Object Lock.
3. Eliminate options that don't meet the core requirements. Look for solutions that are over-engineered, under-powered, or miss key constraints mentioned in the question.
4. This tests cost-optimized architecture design. Focus on resource optimization, pricing models, and cost monitoring."
357,358,TMC,"1. S3 Object Lock provides immutable storage with compliance features. Versioning must be enabled to use Object Lock.
2. Eliminate options that don't meet the core requirements. Look for solutions that are over-engineered, under-powered, or miss key constraints mentioned in the question.
3. Apply the Cost Optimization pillar: right-size resources, use appropriate pricing models (on-demand vs reserved vs spot), and eliminate waste.
4. This tests cost-optimized architecture design. Focus on resource optimization, pricing models, and cost monitoring."
358,359,TMC,"1. Focus on the key requirements: scalability. Always choose solutions that directly address these specific needs.
2. Eliminate options that don't meet the core requirements. Look for solutions that are over-engineered, under-powered, or miss key constraints mentioned in the question.
3. This tests resilient architecture design. Focus on fault tolerance, disaster recovery, and high availability patterns."
359,360,TMC,"1. DynamoDB on-demand provides instant scaling without capacity planning, while provisioned capacity requires pre-planning but can be more cost-effective for predictable workloads.
2. Eliminate options that don't meet the core requirements. Look for solutions that are over-engineered, under-powered, or miss key constraints mentioned in the question.
3. This tests high-performing architecture design. Focus on scalability, performance optimization, and right-sizing resources."
360,361,TMC,"1. DynamoDB on-demand provides instant scaling without capacity planning, while provisioned capacity requires pre-planning but can be more cost-effective for predictable workloads.
2. S3 Object Lock provides immutable storage with compliance features. Versioning must be enabled to use Object Lock.
3. Eliminate options that don't meet the core requirements. Look for solutions that are over-engineered, under-powered, or miss key constraints mentioned in the question.
4. This tests high-performing architecture design. Focus on scalability, performance optimization, and right-sizing resources."
361,362,TMC,"1. Focus on the key requirements: performance optimization. Always choose solutions that directly address these specific needs.
2. Remember Lambda's 15-minute execution limit. For longer-running tasks, consider ECS Fargate or EC2.
3. S3 Object Lock provides immutable storage with compliance features. Versioning must be enabled to use Object Lock.
4. Eliminate options that don't meet the core requirements. Look for solutions that are over-engineered, under-powered, or miss key constraints mentioned in the question.
5. This tests high-performing architecture design. Focus on scalability, performance optimization, and right-sizing resources."
362,363,TMC,"1. Remember Lambda's 15-minute execution limit. For longer-running tasks, consider ECS Fargate or EC2.
2. DynamoDB on-demand provides instant scaling without capacity planning, while provisioned capacity requires pre-planning but can be more cost-effective for predictable workloads.
3. S3 Object Lock provides immutable storage with compliance features. Versioning must be enabled to use Object Lock.
4. Eliminate options that don't meet the core requirements. Look for solutions that are over-engineered, under-powered, or miss key constraints mentioned in the question.
5. This tests resilient architecture design. Focus on fault tolerance, disaster recovery, and high availability patterns."
363,364,TMC,"1. Focus on the key requirements: scalability. Always choose solutions that directly address these specific needs.
2. S3 Object Lock provides immutable storage with compliance features. Versioning must be enabled to use Object Lock.
3. Eliminate options that don't meet the core requirements. Look for solutions that are over-engineered, under-powered, or miss key constraints mentioned in the question.
4. Apply the Cost Optimization pillar: right-size resources, use appropriate pricing models (on-demand vs reserved vs spot), and eliminate waste.
5. This tests cost-optimized architecture design. Focus on resource optimization, pricing models, and cost monitoring."
364,365,TMCMA,"1. DynamoDB on-demand provides instant scaling without capacity planning, while provisioned capacity requires pre-planning but can be more cost-effective for predictable workloads.
2. NAT Gateway is fully managed and preferred over NAT Instance for operational efficiency. NAT resources must be in public subnets to provide internet access to private subnets.
3. Eliminate options that don't meet the core requirements. Look for solutions that are over-engineered, under-powered, or miss key constraints mentioned in the question.
4. This tests secure architecture design. Focus on defense in depth, least privilege, and data protection."
365,366,TMC,"1. Focus on the key requirements: security. Always choose solutions that directly address these specific needs.
2. NAT Gateway is fully managed and preferred over NAT Instance for operational efficiency. NAT resources must be in public subnets to provide internet access to private subnets.
3. Eliminate options that don't meet the core requirements. Look for solutions that are over-engineered, under-powered, or miss key constraints mentioned in the question.
4. This tests secure architecture design. Focus on defense in depth, least privilege, and data protection."
366,367,TMC,"1. Spot Instances can be interrupted with 2-minute notice. Never use for stateful or critical workloads that cannot tolerate interruptions.
2. Eliminate options that don't meet the core requirements. Look for solutions that are over-engineered, under-powered, or miss key constraints mentioned in the question.
3. Apply the Cost Optimization pillar: right-size resources, use appropriate pricing models (on-demand vs reserved vs spot), and eliminate waste.
4. This tests cost-optimized architecture design. Focus on resource optimization, pricing models, and cost monitoring."
367,368,TMC,"1. Remember Lambda's 15-minute execution limit. For longer-running tasks, consider ECS Fargate or EC2.
2. S3 Object Lock provides immutable storage with compliance features. Versioning must be enabled to use Object Lock.
3. Eliminate options that don't meet the core requirements. Look for solutions that are over-engineered, under-powered, or miss key constraints mentioned in the question.
4. This tests secure architecture design. Focus on defense in depth, least privilege, and data protection."
368,369,TMC,"1. Focus on the key requirements: cost optimization, performance optimization. Always choose solutions that directly address these specific needs.
2. S3 Object Lock provides immutable storage with compliance features. Versioning must be enabled to use Object Lock.
3. Eliminate options that don't meet the core requirements. Look for solutions that are over-engineered, under-powered, or miss key constraints mentioned in the question.
4. Apply the Cost Optimization pillar: right-size resources, use appropriate pricing models (on-demand vs reserved vs spot), and eliminate waste.
5. This tests high-performing architecture design. Focus on scalability, performance optimization, and right-sizing resources."
369,370,TMC,"1. Focus on the key requirements: security. Always choose solutions that directly address these specific needs.
2. Remember Lambda's 15-minute execution limit. For longer-running tasks, consider ECS Fargate or EC2.
3. S3 Object Lock provides immutable storage with compliance features. Versioning must be enabled to use Object Lock.
4. Eliminate options that don't meet the core requirements. Look for solutions that are over-engineered, under-powered, or miss key constraints mentioned in the question.
5. This tests secure architecture design. Focus on defense in depth, least privilege, and data protection."
370,371,TMC,"1. Eliminate options that don't meet the core requirements. Look for solutions that are over-engineered, under-powered, or miss key constraints mentioned in the question.
2. This tests high-performing architecture design. Focus on scalability, performance optimization, and right-sizing resources.
3. Read the question carefully and identify all requirements before evaluating options.
4. Managed services are generally preferred over self-managed solutions for operational efficiency.
5. Consider the trade-offs between cost, performance, and operational complexity when choosing between options."
371,372,TMC,"1. S3 Object Lock provides immutable storage with compliance features. Versioning must be enabled to use Object Lock.
2. Eliminate options that don't meet the core requirements. Look for solutions that are over-engineered, under-powered, or miss key constraints mentioned in the question.
3. This tests high-performing architecture design. Focus on scalability, performance optimization, and right-sizing resources."
372,373,TMC,"1. S3 Object Lock provides immutable storage with compliance features. Versioning must be enabled to use Object Lock.
2. Eliminate options that don't meet the core requirements. Look for solutions that are over-engineered, under-powered, or miss key constraints mentioned in the question.
3. This tests secure architecture design. Focus on defense in depth, least privilege, and data protection."
373,374,TMC,"1. Eliminate options that don't meet the core requirements. Look for solutions that are over-engineered, under-powered, or miss key constraints mentioned in the question.
2. This tests high-performing architecture design. Focus on scalability, performance optimization, and right-sizing resources.
3. Read the question carefully and identify all requirements before evaluating options.
4. Managed services are generally preferred over self-managed solutions for operational efficiency.
5. Consider the trade-offs between cost, performance, and operational complexity when choosing between options."
374,375,TMC,"1. Eliminate options that don't meet the core requirements. Look for solutions that are over-engineered, under-powered, or miss key constraints mentioned in the question.
2. This tests resilient architecture design. Focus on fault tolerance, disaster recovery, and high availability patterns.
3. Read the question carefully and identify all requirements before evaluating options.
4. Managed services are generally preferred over self-managed solutions for operational efficiency.
5. Consider the trade-offs between cost, performance, and operational complexity when choosing between options."
375,376,TMC,"1. Eliminate options that don't meet the core requirements. Look for solutions that are over-engineered, under-powered, or miss key constraints mentioned in the question.
2. This tests resilient architecture design. Focus on fault tolerance, disaster recovery, and high availability patterns.
3. Read the question carefully and identify all requirements before evaluating options.
4. Managed services are generally preferred over self-managed solutions for operational efficiency.
5. Consider the trade-offs between cost, performance, and operational complexity when choosing between options."
376,377,TMCMA,"1. Eliminate options that don't meet the core requirements. Look for solutions that are over-engineered, under-powered, or miss key constraints mentioned in the question.
2. This tests resilient architecture design. Focus on fault tolerance, disaster recovery, and high availability patterns.
3. Read the question carefully and identify all requirements before evaluating options.
4. Managed services are generally preferred over self-managed solutions for operational efficiency.
5. Consider the trade-offs between cost, performance, and operational complexity when choosing between options."
377,378,TMC,"1. Focus on the key requirements: high availability. Always choose solutions that directly address these specific needs.
2. Remember Lambda's 15-minute execution limit. For longer-running tasks, consider ECS Fargate or EC2.
3. Eliminate options that don't meet the core requirements. Look for solutions that are over-engineered, under-powered, or miss key constraints mentioned in the question.
4. This tests high-performing architecture design. Focus on scalability, performance optimization, and right-sizing resources."
378,379,TMC,"1. Focus on the key requirements: scalability. Always choose solutions that directly address these specific needs.
2. Eliminate options that don't meet the core requirements. Look for solutions that are over-engineered, under-powered, or miss key constraints mentioned in the question.
3. This tests high-performing architecture design. Focus on scalability, performance optimization, and right-sizing resources."
379,380,TMC,"1. Focus on the key requirements: scalability. Always choose solutions that directly address these specific needs.
2. Eliminate options that don't meet the core requirements. Look for solutions that are over-engineered, under-powered, or miss key constraints mentioned in the question.
3. Apply the Reliability pillar: design for failure, use multiple AZs, implement automated recovery, and choose managed services when possible.
4. This tests resilient architecture design. Focus on fault tolerance, disaster recovery, and high availability patterns."
380,381,TMC,"1. Focus on the key requirements: high availability. Always choose solutions that directly address these specific needs.
2. Remember Lambda's 15-minute execution limit. For longer-running tasks, consider ECS Fargate or EC2.
3. Eliminate options that don't meet the core requirements. Look for solutions that are over-engineered, under-powered, or miss key constraints mentioned in the question.
4. This tests resilient architecture design. Focus on fault tolerance, disaster recovery, and high availability patterns."
381,382,TMC,"1. S3 Object Lock provides immutable storage with compliance features. Versioning must be enabled to use Object Lock.
2. Eliminate options that don't meet the core requirements. Look for solutions that are over-engineered, under-powered, or miss key constraints mentioned in the question.
3. This tests high-performing architecture design. Focus on scalability, performance optimization, and right-sizing resources."
382,383,TMC,"1. Eliminate options that don't meet the core requirements. Look for solutions that are over-engineered, under-powered, or miss key constraints mentioned in the question.
2. Apply the Cost Optimization pillar: right-size resources, use appropriate pricing models (on-demand vs reserved vs spot), and eliminate waste.
3. This tests cost-optimized architecture design. Focus on resource optimization, pricing models, and cost monitoring."
383,384,TMC,"1. Focus on the key requirements: security. Always choose solutions that directly address these specific needs.
2. Eliminate options that don't meet the core requirements. Look for solutions that are over-engineered, under-powered, or miss key constraints mentioned in the question.
3. This tests secure architecture design. Focus on defense in depth, least privilege, and data protection."
384,385,TMC,"1. Eliminate options that don't meet the core requirements. Look for solutions that are over-engineered, under-powered, or miss key constraints mentioned in the question.
2. This tests high-performing architecture design. Focus on scalability, performance optimization, and right-sizing resources.
3. Read the question carefully and identify all requirements before evaluating options.
4. Managed services are generally preferred over self-managed solutions for operational efficiency.
5. Consider the trade-offs between cost, performance, and operational complexity when choosing between options."
385,386,TMC,"1. Focus on the key requirements: cost optimization. Always choose solutions that directly address these specific needs.
2. Eliminate options that don't meet the core requirements. Look for solutions that are over-engineered, under-powered, or miss key constraints mentioned in the question.
3. Apply the Reliability pillar: design for failure, use multiple AZs, implement automated recovery, and choose managed services when possible.
4. Apply the Cost Optimization pillar: right-size resources, use appropriate pricing models (on-demand vs reserved vs spot), and eliminate waste.
5. This tests resilient architecture design. Focus on fault tolerance, disaster recovery, and high availability patterns."
386,387,TMC,"1. Focus on the key requirements: performance optimization. Always choose solutions that directly address these specific needs.
2. Eliminate options that don't meet the core requirements. Look for solutions that are over-engineered, under-powered, or miss key constraints mentioned in the question.
3. This tests cost-optimized architecture design. Focus on resource optimization, pricing models, and cost monitoring."
387,388,TMC,"1. Remember Lambda's 15-minute execution limit. For longer-running tasks, consider ECS Fargate or EC2.
2. S3 Object Lock provides immutable storage with compliance features. Versioning must be enabled to use Object Lock.
3. Eliminate options that don't meet the core requirements. Look for solutions that are over-engineered, under-powered, or miss key constraints mentioned in the question.
4. Apply the Cost Optimization pillar: right-size resources, use appropriate pricing models (on-demand vs reserved vs spot), and eliminate waste.
5. This tests resilient architecture design. Focus on fault tolerance, disaster recovery, and high availability patterns."
388,389,TMC,"1. Eliminate options that don't meet the core requirements. Look for solutions that are over-engineered, under-powered, or miss key constraints mentioned in the question.
2. Apply the Reliability pillar: design for failure, use multiple AZs, implement automated recovery, and choose managed services when possible.
3. This tests resilient architecture design. Focus on fault tolerance, disaster recovery, and high availability patterns."
389,390,TMC,"1. S3 Object Lock provides immutable storage with compliance features. Versioning must be enabled to use Object Lock.
2. Eliminate options that don't meet the core requirements. Look for solutions that are over-engineered, under-powered, or miss key constraints mentioned in the question.
3. This tests high-performing architecture design. Focus on scalability, performance optimization, and right-sizing resources."
390,391,TMC,"1. Eliminate options that don't meet the core requirements. Look for solutions that are over-engineered, under-powered, or miss key constraints mentioned in the question.
2. This tests secure architecture design. Focus on defense in depth, least privilege, and data protection.
3. Read the question carefully and identify all requirements before evaluating options.
4. Managed services are generally preferred over self-managed solutions for operational efficiency.
5. Consider the trade-offs between cost, performance, and operational complexity when choosing between options."
391,392,TMC,"1. Focus on the key requirements: security. Always choose solutions that directly address these specific needs.
2. S3 Object Lock provides immutable storage with compliance features. Versioning must be enabled to use Object Lock.
3. Eliminate options that don't meet the core requirements. Look for solutions that are over-engineered, under-powered, or miss key constraints mentioned in the question.
4. This tests secure architecture design. Focus on defense in depth, least privilege, and data protection."
392,393,TMC,"1. Eliminate options that don't meet the core requirements. Look for solutions that are over-engineered, under-powered, or miss key constraints mentioned in the question.
2. This tests resilient architecture design. Focus on fault tolerance, disaster recovery, and high availability patterns.
3. Read the question carefully and identify all requirements before evaluating options.
4. Managed services are generally preferred over self-managed solutions for operational efficiency.
5. Consider the trade-offs between cost, performance, and operational complexity when choosing between options."
393,394,TMC,"1. Focus on the key requirements: security. Always choose solutions that directly address these specific needs.
2. Remember Lambda's 15-minute execution limit. For longer-running tasks, consider ECS Fargate or EC2.
3. DynamoDB on-demand provides instant scaling without capacity planning, while provisioned capacity requires pre-planning but can be more cost-effective for predictable workloads.
4. Eliminate options that don't meet the core requirements. Look for solutions that are over-engineered, under-powered, or miss key constraints mentioned in the question.
5. This tests secure architecture design. Focus on defense in depth, least privilege, and data protection."
394,395,TMC,"1. Focus on the key requirements: performance optimization. Always choose solutions that directly address these specific needs.
2. S3 Object Lock provides immutable storage with compliance features. Versioning must be enabled to use Object Lock.
3. Eliminate options that don't meet the core requirements. Look for solutions that are over-engineered, under-powered, or miss key constraints mentioned in the question.
4. Apply the Cost Optimization pillar: right-size resources, use appropriate pricing models (on-demand vs reserved vs spot), and eliminate waste.
5. This tests cost-optimized architecture design. Focus on resource optimization, pricing models, and cost monitoring."
395,396,TMC,"1. Focus on the key requirements: performance optimization. Always choose solutions that directly address these specific needs.
2. Remember Lambda's 15-minute execution limit. For longer-running tasks, consider ECS Fargate or EC2.
3. Eliminate options that don't meet the core requirements. Look for solutions that are over-engineered, under-powered, or miss key constraints mentioned in the question.
4. This tests high-performing architecture design. Focus on scalability, performance optimization, and right-sizing resources."
396,397,TMCMA,"1. Eliminate options that don't meet the core requirements. Look for solutions that are over-engineered, under-powered, or miss key constraints mentioned in the question.
2. This tests resilient architecture design. Focus on fault tolerance, disaster recovery, and high availability patterns.
3. Read the question carefully and identify all requirements before evaluating options.
4. Managed services are generally preferred over self-managed solutions for operational efficiency.
5. Consider the trade-offs between cost, performance, and operational complexity when choosing between options."
397,398,TMC,"1. Eliminate options that don't meet the core requirements. Look for solutions that are over-engineered, under-powered, or miss key constraints mentioned in the question.
2. This tests resilient architecture design. Focus on fault tolerance, disaster recovery, and high availability patterns.
3. Read the question carefully and identify all requirements before evaluating options.
4. Managed services are generally preferred over self-managed solutions for operational efficiency.
5. Consider the trade-offs between cost, performance, and operational complexity when choosing between options."
398,399,TMC,"1. Eliminate options that don't meet the core requirements. Look for solutions that are over-engineered, under-powered, or miss key constraints mentioned in the question.
2. This tests secure architecture design. Focus on defense in depth, least privilege, and data protection.
3. Read the question carefully and identify all requirements before evaluating options.
4. Managed services are generally preferred over self-managed solutions for operational efficiency.
5. Consider the trade-offs between cost, performance, and operational complexity when choosing between options."
399,400,TMC,"1. Eliminate options that don't meet the core requirements. Look for solutions that are over-engineered, under-powered, or miss key constraints mentioned in the question.
2. Apply the Cost Optimization pillar: right-size resources, use appropriate pricing models (on-demand vs reserved vs spot), and eliminate waste.
3. This tests cost-optimized architecture design. Focus on resource optimization, pricing models, and cost monitoring."
400,401,TMC,"1. Focus on the key requirements: performance optimization. Always choose solutions that directly address these specific needs.
2. Eliminate options that don't meet the core requirements. Look for solutions that are over-engineered, under-powered, or miss key constraints mentioned in the question.
3. Apply the Cost Optimization pillar: right-size resources, use appropriate pricing models (on-demand vs reserved vs spot), and eliminate waste.
4. This tests high-performing architecture design. Focus on scalability, performance optimization, and right-sizing resources."
401,402,TMC,"1. Eliminate options that don't meet the core requirements. Look for solutions that are over-engineered, under-powered, or miss key constraints mentioned in the question.
2. Apply the Cost Optimization pillar: right-size resources, use appropriate pricing models (on-demand vs reserved vs spot), and eliminate waste.
3. This tests cost-optimized architecture design. Focus on resource optimization, pricing models, and cost monitoring."
402,403,TMC,"1. S3 Object Lock provides immutable storage with compliance features. Versioning must be enabled to use Object Lock.
2. NAT Gateway is fully managed and preferred over NAT Instance for operational efficiency. NAT resources must be in public subnets to provide internet access to private subnets.
3. Eliminate options that don't meet the core requirements. Look for solutions that are over-engineered, under-powered, or miss key constraints mentioned in the question.
4. Apply the Cost Optimization pillar: right-size resources, use appropriate pricing models (on-demand vs reserved vs spot), and eliminate waste.
5. This tests cost-optimized architecture design. Focus on resource optimization, pricing models, and cost monitoring."
403,404,TMC,"1. S3 Object Lock provides immutable storage with compliance features. Versioning must be enabled to use Object Lock.
2. Eliminate options that don't meet the core requirements. Look for solutions that are over-engineered, under-powered, or miss key constraints mentioned in the question.
3. This tests secure architecture design. Focus on defense in depth, least privilege, and data protection."
404,405,TMC,"1. Remember Lambda's 15-minute execution limit. For longer-running tasks, consider ECS Fargate or EC2.
2. DynamoDB on-demand provides instant scaling without capacity planning, while provisioned capacity requires pre-planning but can be more cost-effective for predictable workloads.
3. S3 Object Lock provides immutable storage with compliance features. Versioning must be enabled to use Object Lock.
4. Eliminate options that don't meet the core requirements. Look for solutions that are over-engineered, under-powered, or miss key constraints mentioned in the question.
5. This tests high-performing architecture design. Focus on scalability, performance optimization, and right-sizing resources."
405,406,TMCMA,"1. Focus on the key requirements: performance optimization. Always choose solutions that directly address these specific needs.
2. Eliminate options that don't meet the core requirements. Look for solutions that are over-engineered, under-powered, or miss key constraints mentioned in the question.
3. This tests high-performing architecture design. Focus on scalability, performance optimization, and right-sizing resources."
406,407,TMC,"1. Remember Lambda's 15-minute execution limit. For longer-running tasks, consider ECS Fargate or EC2.
2. Eliminate options that don't meet the core requirements. Look for solutions that are over-engineered, under-powered, or miss key constraints mentioned in the question.
3. Apply the Reliability pillar: design for failure, use multiple AZs, implement automated recovery, and choose managed services when possible.
4. This tests resilient architecture design. Focus on fault tolerance, disaster recovery, and high availability patterns."
407,408,TMC,"1. Remember Lambda's 15-minute execution limit. For longer-running tasks, consider ECS Fargate or EC2.
2. S3 Object Lock provides immutable storage with compliance features. Versioning must be enabled to use Object Lock.
3. Eliminate options that don't meet the core requirements. Look for solutions that are over-engineered, under-powered, or miss key constraints mentioned in the question.
4. This tests high-performing architecture design. Focus on scalability, performance optimization, and right-sizing resources."
408,409,TMC,"1. Focus on the key requirements: cost optimization. Always choose solutions that directly address these specific needs.
2. Remember Lambda's 15-minute execution limit. For longer-running tasks, consider ECS Fargate or EC2.
3. S3 Object Lock provides immutable storage with compliance features. Versioning must be enabled to use Object Lock.
4. Eliminate options that don't meet the core requirements. Look for solutions that are over-engineered, under-powered, or miss key constraints mentioned in the question.
5. Apply the Cost Optimization pillar: right-size resources, use appropriate pricing models (on-demand vs reserved vs spot), and eliminate waste."
409,410,TMC,"1. Remember Lambda's 15-minute execution limit. For longer-running tasks, consider ECS Fargate or EC2.
2. S3 Object Lock provides immutable storage with compliance features. Versioning must be enabled to use Object Lock.
3. Eliminate options that don't meet the core requirements. Look for solutions that are over-engineered, under-powered, or miss key constraints mentioned in the question.
4. This tests resilient architecture design. Focus on fault tolerance, disaster recovery, and high availability patterns."
410,411,TMC,"1. Focus on the key requirements: security. Always choose solutions that directly address these specific needs.
2. Eliminate options that don't meet the core requirements. Look for solutions that are over-engineered, under-powered, or miss key constraints mentioned in the question.
3. This tests secure architecture design. Focus on defense in depth, least privilege, and data protection."
411,412,TMC,"1. S3 Object Lock provides immutable storage with compliance features. Versioning must be enabled to use Object Lock.
2. Eliminate options that don't meet the core requirements. Look for solutions that are over-engineered, under-powered, or miss key constraints mentioned in the question.
3. This tests high-performing architecture design. Focus on scalability, performance optimization, and right-sizing resources."
412,413,TMC,"1. Focus on the key requirements: security. Always choose solutions that directly address these specific needs.
2. S3 Object Lock provides immutable storage with compliance features. Versioning must be enabled to use Object Lock.
3. Eliminate options that don't meet the core requirements. Look for solutions that are over-engineered, under-powered, or miss key constraints mentioned in the question.
4. This tests secure architecture design. Focus on defense in depth, least privilege, and data protection."
413,414,TMC,"1. DynamoDB on-demand provides instant scaling without capacity planning, while provisioned capacity requires pre-planning but can be more cost-effective for predictable workloads.
2. Eliminate options that don't meet the core requirements. Look for solutions that are over-engineered, under-powered, or miss key constraints mentioned in the question.
3. This tests cost-optimized architecture design. Focus on resource optimization, pricing models, and cost monitoring."
414,415,TMC,"1. Focus on the key requirements: scalability. Always choose solutions that directly address these specific needs.
2. S3 Object Lock provides immutable storage with compliance features. Versioning must be enabled to use Object Lock.
3. Eliminate options that don't meet the core requirements. Look for solutions that are over-engineered, under-powered, or miss key constraints mentioned in the question.
4. Apply the Cost Optimization pillar: right-size resources, use appropriate pricing models (on-demand vs reserved vs spot), and eliminate waste.
5. This tests cost-optimized architecture design. Focus on resource optimization, pricing models, and cost monitoring."
415,416,TMC,"1. S3 Object Lock provides immutable storage with compliance features. Versioning must be enabled to use Object Lock.
2. Eliminate options that don't meet the core requirements. Look for solutions that are over-engineered, under-powered, or miss key constraints mentioned in the question.
3. Apply the Cost Optimization pillar: right-size resources, use appropriate pricing models (on-demand vs reserved vs spot), and eliminate waste.
4. This tests cost-optimized architecture design. Focus on resource optimization, pricing models, and cost monitoring."
416,417,TMC,"1. Eliminate options that don't meet the core requirements. Look for solutions that are over-engineered, under-powered, or miss key constraints mentioned in the question.
2. This tests resilient architecture design. Focus on fault tolerance, disaster recovery, and high availability patterns.
3. Read the question carefully and identify all requirements before evaluating options.
4. Managed services are generally preferred over self-managed solutions for operational efficiency.
5. Consider the trade-offs between cost, performance, and operational complexity when choosing between options."
417,418,TMC,"1. Focus on the key requirements: cost optimization. Always choose solutions that directly address these specific needs.
2. Remember Lambda's 15-minute execution limit. For longer-running tasks, consider ECS Fargate or EC2.
3. Eliminate options that don't meet the core requirements. Look for solutions that are over-engineered, under-powered, or miss key constraints mentioned in the question.
4. Apply the Cost Optimization pillar: right-size resources, use appropriate pricing models (on-demand vs reserved vs spot), and eliminate waste.
5. This tests secure architecture design. Focus on defense in depth, least privilege, and data protection."
418,419,TMC,"1. Focus on the key requirements: performance optimization. Always choose solutions that directly address these specific needs.
2. Eliminate options that don't meet the core requirements. Look for solutions that are over-engineered, under-powered, or miss key constraints mentioned in the question.
3. This tests high-performing architecture design. Focus on scalability, performance optimization, and right-sizing resources."
419,420,TMC,"1. Remember Lambda's 15-minute execution limit. For longer-running tasks, consider ECS Fargate or EC2.
2. S3 Object Lock provides immutable storage with compliance features. Versioning must be enabled to use Object Lock.
3. Eliminate options that don't meet the core requirements. Look for solutions that are over-engineered, under-powered, or miss key constraints mentioned in the question.
4. This tests high-performing architecture design. Focus on scalability, performance optimization, and right-sizing resources."
420,421,TMC,"1. Focus on the key requirements: scalability, performance optimization. Always choose solutions that directly address these specific needs.
2. Remember Lambda's 15-minute execution limit. For longer-running tasks, consider ECS Fargate or EC2.
3. Spot Instances can be interrupted with 2-minute notice. Never use for stateful or critical workloads that cannot tolerate interruptions.
4. Eliminate options that don't meet the core requirements. Look for solutions that are over-engineered, under-powered, or miss key constraints mentioned in the question.
5. Apply the Reliability pillar: design for failure, use multiple AZs, implement automated recovery, and choose managed services when possible."
421,422,TMC,"1. Eliminate options that don't meet the core requirements. Look for solutions that are over-engineered, under-powered, or miss key constraints mentioned in the question.
2. This tests secure architecture design. Focus on defense in depth, least privilege, and data protection.
3. Read the question carefully and identify all requirements before evaluating options.
4. Managed services are generally preferred over self-managed solutions for operational efficiency.
5. Consider the trade-offs between cost, performance, and operational complexity when choosing between options."
422,423,TMC,"1. Focus on the key requirements: security. Always choose solutions that directly address these specific needs.
2. Remember Lambda's 15-minute execution limit. For longer-running tasks, consider ECS Fargate or EC2.
3. DynamoDB on-demand provides instant scaling without capacity planning, while provisioned capacity requires pre-planning but can be more cost-effective for predictable workloads.
4. Eliminate options that don't meet the core requirements. Look for solutions that are over-engineered, under-powered, or miss key constraints mentioned in the question.
5. This tests secure architecture design. Focus on defense in depth, least privilege, and data protection."
423,424,TMC,"1. Remember Lambda's 15-minute execution limit. For longer-running tasks, consider ECS Fargate or EC2.
2. Eliminate options that don't meet the core requirements. Look for solutions that are over-engineered, under-powered, or miss key constraints mentioned in the question.
3. This tests resilient architecture design. Focus on fault tolerance, disaster recovery, and high availability patterns."
424,425,TMC,"1. S3 Object Lock provides immutable storage with compliance features. Versioning must be enabled to use Object Lock.
2. Eliminate options that don't meet the core requirements. Look for solutions that are over-engineered, under-powered, or miss key constraints mentioned in the question.
3. Apply the Cost Optimization pillar: right-size resources, use appropriate pricing models (on-demand vs reserved vs spot), and eliminate waste.
4. This tests cost-optimized architecture design. Focus on resource optimization, pricing models, and cost monitoring."
425,426,TMC,"1. DynamoDB on-demand provides instant scaling without capacity planning, while provisioned capacity requires pre-planning but can be more cost-effective for predictable workloads.
2. Eliminate options that don't meet the core requirements. Look for solutions that are over-engineered, under-powered, or miss key constraints mentioned in the question.
3. This tests secure architecture design. Focus on defense in depth, least privilege, and data protection."
426,427,TMC,"1. Remember Lambda's 15-minute execution limit. For longer-running tasks, consider ECS Fargate or EC2.
2. DynamoDB on-demand provides instant scaling without capacity planning, while provisioned capacity requires pre-planning but can be more cost-effective for predictable workloads.
3. Eliminate options that don't meet the core requirements. Look for solutions that are over-engineered, under-powered, or miss key constraints mentioned in the question.
4. This tests resilient architecture design. Focus on fault tolerance, disaster recovery, and high availability patterns."
427,428,TMC,"1. Focus on the key requirements: cost optimization. Always choose solutions that directly address these specific needs.
2. Remember Lambda's 15-minute execution limit. For longer-running tasks, consider ECS Fargate or EC2.
3. S3 Object Lock provides immutable storage with compliance features. Versioning must be enabled to use Object Lock.
4. Eliminate options that don't meet the core requirements. Look for solutions that are over-engineered, under-powered, or miss key constraints mentioned in the question.
5. Apply the Cost Optimization pillar: right-size resources, use appropriate pricing models (on-demand vs reserved vs spot), and eliminate waste."
428,429,TMCMA,"1. DynamoDB on-demand provides instant scaling without capacity planning, while provisioned capacity requires pre-planning but can be more cost-effective for predictable workloads.
2. Eliminate options that don't meet the core requirements. Look for solutions that are over-engineered, under-powered, or miss key constraints mentioned in the question.
3. This tests secure architecture design. Focus on defense in depth, least privilege, and data protection."
429,430,TMC,"1. Eliminate options that don't meet the core requirements. Look for solutions that are over-engineered, under-powered, or miss key constraints mentioned in the question.
2. Apply the Cost Optimization pillar: right-size resources, use appropriate pricing models (on-demand vs reserved vs spot), and eliminate waste.
3. This tests cost-optimized architecture design. Focus on resource optimization, pricing models, and cost monitoring."
430,431,TMC,"1. S3 Object Lock provides immutable storage with compliance features. Versioning must be enabled to use Object Lock.
2. Eliminate options that don't meet the core requirements. Look for solutions that are over-engineered, under-powered, or miss key constraints mentioned in the question.
3. Apply the Cost Optimization pillar: right-size resources, use appropriate pricing models (on-demand vs reserved vs spot), and eliminate waste.
4. This tests cost-optimized architecture design. Focus on resource optimization, pricing models, and cost monitoring."
431,432,TMC,"1. S3 Object Lock provides immutable storage with compliance features. Versioning must be enabled to use Object Lock.
2. Eliminate options that don't meet the core requirements. Look for solutions that are over-engineered, under-powered, or miss key constraints mentioned in the question.
3. This tests high-performing architecture design. Focus on scalability, performance optimization, and right-sizing resources."
432,433,TMC,"1. Focus on the key requirements: high availability, scalability. Always choose solutions that directly address these specific needs.
2. DynamoDB on-demand provides instant scaling without capacity planning, while provisioned capacity requires pre-planning but can be more cost-effective for predictable workloads.
3. Eliminate options that don't meet the core requirements. Look for solutions that are over-engineered, under-powered, or miss key constraints mentioned in the question.
4. This tests high-performing architecture design. Focus on scalability, performance optimization, and right-sizing resources."
433,434,TMC,"1. S3 Object Lock provides immutable storage with compliance features. Versioning must be enabled to use Object Lock.
2. Eliminate options that don't meet the core requirements. Look for solutions that are over-engineered, under-powered, or miss key constraints mentioned in the question.
3. This tests secure architecture design. Focus on defense in depth, least privilege, and data protection."
434,435,TMC,"1. Remember Lambda's 15-minute execution limit. For longer-running tasks, consider ECS Fargate or EC2.
2. S3 Object Lock provides immutable storage with compliance features. Versioning must be enabled to use Object Lock.
3. Eliminate options that don't meet the core requirements. Look for solutions that are over-engineered, under-powered, or miss key constraints mentioned in the question.
4. This tests cost-optimized architecture design. Focus on resource optimization, pricing models, and cost monitoring."
435,436,TMC,"1. Focus on the key requirements: security. Always choose solutions that directly address these specific needs.
2. Eliminate options that don't meet the core requirements. Look for solutions that are over-engineered, under-powered, or miss key constraints mentioned in the question.
3. This tests secure architecture design. Focus on defense in depth, least privilege, and data protection."
436,437,TMC,"1. Focus on the key requirements: scalability. Always choose solutions that directly address these specific needs.
2. Remember Lambda's 15-minute execution limit. For longer-running tasks, consider ECS Fargate or EC2.
3. DynamoDB on-demand provides instant scaling without capacity planning, while provisioned capacity requires pre-planning but can be more cost-effective for predictable workloads.
4. S3 Object Lock provides immutable storage with compliance features. Versioning must be enabled to use Object Lock.
5. Eliminate options that don't meet the core requirements. Look for solutions that are over-engineered, under-powered, or miss key constraints mentioned in the question."
437,438,TMC,"1. S3 Object Lock provides immutable storage with compliance features. Versioning must be enabled to use Object Lock.
2. Eliminate options that don't meet the core requirements. Look for solutions that are over-engineered, under-powered, or miss key constraints mentioned in the question.
3. This tests high-performing architecture design. Focus on scalability, performance optimization, and right-sizing resources."
438,439,TMC,"1. NAT Gateway is fully managed and preferred over NAT Instance for operational efficiency. NAT resources must be in public subnets to provide internet access to private subnets.
2. Eliminate options that don't meet the core requirements. Look for solutions that are over-engineered, under-powered, or miss key constraints mentioned in the question.
3. This tests resilient architecture design. Focus on fault tolerance, disaster recovery, and high availability patterns."
439,440,TMC,"1. Focus on the key requirements: security. Always choose solutions that directly address these specific needs.
2. Eliminate options that don't meet the core requirements. Look for solutions that are over-engineered, under-powered, or miss key constraints mentioned in the question.
3. This tests secure architecture design. Focus on defense in depth, least privilege, and data protection."
440,441,TMC,"1. Remember Lambda's 15-minute execution limit. For longer-running tasks, consider ECS Fargate or EC2.
2. Eliminate options that don't meet the core requirements. Look for solutions that are over-engineered, under-powered, or miss key constraints mentioned in the question.
3. This tests resilient architecture design. Focus on fault tolerance, disaster recovery, and high availability patterns."
441,442,TMC,"1. Spot Instances can be interrupted with 2-minute notice. Never use for stateful or critical workloads that cannot tolerate interruptions.
2. Eliminate options that don't meet the core requirements. Look for solutions that are over-engineered, under-powered, or miss key constraints mentioned in the question.
3. Apply the Cost Optimization pillar: right-size resources, use appropriate pricing models (on-demand vs reserved vs spot), and eliminate waste.
4. This tests cost-optimized architecture design. Focus on resource optimization, pricing models, and cost monitoring."
442,443,TMC,"1. Focus on the key requirements: security. Always choose solutions that directly address these specific needs.
2. Eliminate options that don't meet the core requirements. Look for solutions that are over-engineered, under-powered, or miss key constraints mentioned in the question.
3. This tests secure architecture design. Focus on defense in depth, least privilege, and data protection."
443,444,TMC,"1. Focus on the key requirements: security. Always choose solutions that directly address these specific needs.
2. Eliminate options that don't meet the core requirements. Look for solutions that are over-engineered, under-powered, or miss key constraints mentioned in the question.
3. This tests secure architecture design. Focus on defense in depth, least privilege, and data protection."
444,445,TMC,"1. Focus on the key requirements: cost optimization. Always choose solutions that directly address these specific needs.
2. Remember Lambda's 15-minute execution limit. For longer-running tasks, consider ECS Fargate or EC2.
3. S3 Object Lock provides immutable storage with compliance features. Versioning must be enabled to use Object Lock.
4. Eliminate options that don't meet the core requirements. Look for solutions that are over-engineered, under-powered, or miss key constraints mentioned in the question.
5. Apply the Cost Optimization pillar: right-size resources, use appropriate pricing models (on-demand vs reserved vs spot), and eliminate waste."
445,446,TMC,"1. Eliminate options that don't meet the core requirements. Look for solutions that are over-engineered, under-powered, or miss key constraints mentioned in the question.
2. This tests cost-optimized architecture design. Focus on resource optimization, pricing models, and cost monitoring.
3. Read the question carefully and identify all requirements before evaluating options.
4. Managed services are generally preferred over self-managed solutions for operational efficiency.
5. Consider the trade-offs between cost, performance, and operational complexity when choosing between options."
446,447,TMCMA,"1. Focus on the key requirements: security. Always choose solutions that directly address these specific needs.
2. S3 Object Lock provides immutable storage with compliance features. Versioning must be enabled to use Object Lock.
3. NAT Gateway is fully managed and preferred over NAT Instance for operational efficiency. NAT resources must be in public subnets to provide internet access to private subnets.
4. Eliminate options that don't meet the core requirements. Look for solutions that are over-engineered, under-powered, or miss key constraints mentioned in the question.
5. This tests secure architecture design. Focus on defense in depth, least privilege, and data protection."
447,448,TMCMA,"1. Focus on the key requirements: security. Always choose solutions that directly address these specific needs.
2. Eliminate options that don't meet the core requirements. Look for solutions that are over-engineered, under-powered, or miss key constraints mentioned in the question.
3. This tests secure architecture design. Focus on defense in depth, least privilege, and data protection."
448,449,TMC,"1. Remember Lambda's 15-minute execution limit. For longer-running tasks, consider ECS Fargate or EC2.
2. DynamoDB on-demand provides instant scaling without capacity planning, while provisioned capacity requires pre-planning but can be more cost-effective for predictable workloads.
3. Eliminate options that don't meet the core requirements. Look for solutions that are over-engineered, under-powered, or miss key constraints mentioned in the question.
4. This tests resilient architecture design. Focus on fault tolerance, disaster recovery, and high availability patterns."
449,450,TMC,"1. DynamoDB on-demand provides instant scaling without capacity planning, while provisioned capacity requires pre-planning but can be more cost-effective for predictable workloads.
2. S3 Object Lock provides immutable storage with compliance features. Versioning must be enabled to use Object Lock.
3. Eliminate options that don't meet the core requirements. Look for solutions that are over-engineered, under-powered, or miss key constraints mentioned in the question.
4. This tests high-performing architecture design. Focus on scalability, performance optimization, and right-sizing resources."
450,451,TMC,"1. Focus on the key requirements: security. Always choose solutions that directly address these specific needs.
2. S3 Object Lock provides immutable storage with compliance features. Versioning must be enabled to use Object Lock.
3. NAT Gateway is fully managed and preferred over NAT Instance for operational efficiency. NAT resources must be in public subnets to provide internet access to private subnets.
4. Eliminate options that don't meet the core requirements. Look for solutions that are over-engineered, under-powered, or miss key constraints mentioned in the question.
5. This tests secure architecture design. Focus on defense in depth, least privilege, and data protection."
451,452,TMC,"1. Eliminate options that don't meet the core requirements. Look for solutions that are over-engineered, under-powered, or miss key constraints mentioned in the question.
2. Apply the Reliability pillar: design for failure, use multiple AZs, implement automated recovery, and choose managed services when possible.
3. This tests secure architecture design. Focus on defense in depth, least privilege, and data protection."
452,453,TMC,"1. Eliminate options that don't meet the core requirements. Look for solutions that are over-engineered, under-powered, or miss key constraints mentioned in the question.
2. This tests resilient architecture design. Focus on fault tolerance, disaster recovery, and high availability patterns.
3. Read the question carefully and identify all requirements before evaluating options.
4. Managed services are generally preferred over self-managed solutions for operational efficiency.
5. Consider the trade-offs between cost, performance, and operational complexity when choosing between options."
453,454,TMC,"1. S3 Object Lock provides immutable storage with compliance features. Versioning must be enabled to use Object Lock.
2. Eliminate options that don't meet the core requirements. Look for solutions that are over-engineered, under-powered, or miss key constraints mentioned in the question.
3. Apply the Cost Optimization pillar: right-size resources, use appropriate pricing models (on-demand vs reserved vs spot), and eliminate waste.
4. This tests cost-optimized architecture design. Focus on resource optimization, pricing models, and cost monitoring."
454,455,TMC,"1. S3 Object Lock provides immutable storage with compliance features. Versioning must be enabled to use Object Lock.
2. Eliminate options that don't meet the core requirements. Look for solutions that are over-engineered, under-powered, or miss key constraints mentioned in the question.
3. This tests high-performing architecture design. Focus on scalability, performance optimization, and right-sizing resources."
455,456,TMC,"1. Remember Lambda's 15-minute execution limit. For longer-running tasks, consider ECS Fargate or EC2.
2. DynamoDB on-demand provides instant scaling without capacity planning, while provisioned capacity requires pre-planning but can be more cost-effective for predictable workloads.
3. S3 Object Lock provides immutable storage with compliance features. Versioning must be enabled to use Object Lock.
4. Eliminate options that don't meet the core requirements. Look for solutions that are over-engineered, under-powered, or miss key constraints mentioned in the question.
5. This tests resilient architecture design. Focus on fault tolerance, disaster recovery, and high availability patterns."
456,457,TMC,"1. Focus on the key requirements: performance optimization. Always choose solutions that directly address these specific needs.
2. S3 Object Lock provides immutable storage with compliance features. Versioning must be enabled to use Object Lock.
3. Spot Instances can be interrupted with 2-minute notice. Never use for stateful or critical workloads that cannot tolerate interruptions.
4. Eliminate options that don't meet the core requirements. Look for solutions that are over-engineered, under-powered, or miss key constraints mentioned in the question.
5. This tests high-performing architecture design. Focus on scalability, performance optimization, and right-sizing resources."
457,458,TMC,"1. S3 Object Lock provides immutable storage with compliance features. Versioning must be enabled to use Object Lock.
2. NAT Gateway is fully managed and preferred over NAT Instance for operational efficiency. NAT resources must be in public subnets to provide internet access to private subnets.
3. Eliminate options that don't meet the core requirements. Look for solutions that are over-engineered, under-powered, or miss key constraints mentioned in the question.
4. This tests secure architecture design. Focus on defense in depth, least privilege, and data protection."
458,459,TMCMA,"1. Focus on the key requirements: security. Always choose solutions that directly address these specific needs.
2. Eliminate options that don't meet the core requirements. Look for solutions that are over-engineered, under-powered, or miss key constraints mentioned in the question.
3. This tests secure architecture design. Focus on defense in depth, least privilege, and data protection."
459,460,TMC,"1. Focus on the key requirements: security. Always choose solutions that directly address these specific needs.
2. S3 Object Lock provides immutable storage with compliance features. Versioning must be enabled to use Object Lock.
3. Eliminate options that don't meet the core requirements. Look for solutions that are over-engineered, under-powered, or miss key constraints mentioned in the question.
4. This tests resilient architecture design. Focus on fault tolerance, disaster recovery, and high availability patterns."
460,461,TMC,"1. S3 Object Lock provides immutable storage with compliance features. Versioning must be enabled to use Object Lock.
2. Eliminate options that don't meet the core requirements. Look for solutions that are over-engineered, under-powered, or miss key constraints mentioned in the question.
3. This tests high-performing architecture design. Focus on scalability, performance optimization, and right-sizing resources."
461,462,TMC,"1. Eliminate options that don't meet the core requirements. Look for solutions that are over-engineered, under-powered, or miss key constraints mentioned in the question.
2. This tests high-performing architecture design. Focus on scalability, performance optimization, and right-sizing resources.
3. Read the question carefully and identify all requirements before evaluating options.
4. Managed services are generally preferred over self-managed solutions for operational efficiency.
5. Consider the trade-offs between cost, performance, and operational complexity when choosing between options."
462,463,TMC,"1. S3 Object Lock provides immutable storage with compliance features. Versioning must be enabled to use Object Lock.
2. Eliminate options that don't meet the core requirements. Look for solutions that are over-engineered, under-powered, or miss key constraints mentioned in the question.
3. This tests secure architecture design. Focus on defense in depth, least privilege, and data protection."
463,464,TMC,"1. Focus on the key requirements: high availability, scalability. Always choose solutions that directly address these specific needs.
2. DynamoDB on-demand provides instant scaling without capacity planning, while provisioned capacity requires pre-planning but can be more cost-effective for predictable workloads.
3. Eliminate options that don't meet the core requirements. Look for solutions that are over-engineered, under-powered, or miss key constraints mentioned in the question.
4. This tests resilient architecture design. Focus on fault tolerance, disaster recovery, and high availability patterns."
464,465,TMC,"1. Remember Lambda's 15-minute execution limit. For longer-running tasks, consider ECS Fargate or EC2.
2. Eliminate options that don't meet the core requirements. Look for solutions that are over-engineered, under-powered, or miss key constraints mentioned in the question.
3. This tests high-performing architecture design. Focus on scalability, performance optimization, and right-sizing resources."
465,466,TMC,"1. Focus on the key requirements: security. Always choose solutions that directly address these specific needs.
2. DynamoDB on-demand provides instant scaling without capacity planning, while provisioned capacity requires pre-planning but can be more cost-effective for predictable workloads.
3. Eliminate options that don't meet the core requirements. Look for solutions that are over-engineered, under-powered, or miss key constraints mentioned in the question.
4. This tests secure architecture design. Focus on defense in depth, least privilege, and data protection."
466,467,TMC,"1. Focus on the key requirements: performance optimization. Always choose solutions that directly address these specific needs.
2. S3 Object Lock provides immutable storage with compliance features. Versioning must be enabled to use Object Lock.
3. Eliminate options that don't meet the core requirements. Look for solutions that are over-engineered, under-powered, or miss key constraints mentioned in the question.
4. This tests high-performing architecture design. Focus on scalability, performance optimization, and right-sizing resources."
467,468,TMC,"1. Focus on the key requirements: performance optimization. Always choose solutions that directly address these specific needs.
2. Eliminate options that don't meet the core requirements. Look for solutions that are over-engineered, under-powered, or miss key constraints mentioned in the question.
3. This tests high-performing architecture design. Focus on scalability, performance optimization, and right-sizing resources."
468,469,TMC,"1. Eliminate options that don't meet the core requirements. Look for solutions that are over-engineered, under-powered, or miss key constraints mentioned in the question.
2. Apply the Reliability pillar: design for failure, use multiple AZs, implement automated recovery, and choose managed services when possible.
3. This tests resilient architecture design. Focus on fault tolerance, disaster recovery, and high availability patterns."
469,470,TMC,"1. Focus on the key requirements: cost optimization, performance optimization. Always choose solutions that directly address these specific needs.
2. S3 Object Lock provides immutable storage with compliance features. Versioning must be enabled to use Object Lock.
3. Eliminate options that don't meet the core requirements. Look for solutions that are over-engineered, under-powered, or miss key constraints mentioned in the question.
4. Apply the Cost Optimization pillar: right-size resources, use appropriate pricing models (on-demand vs reserved vs spot), and eliminate waste.
5. This tests high-performing architecture design. Focus on scalability, performance optimization, and right-sizing resources."
470,471,TMC,"1. Remember Lambda's 15-minute execution limit. For longer-running tasks, consider ECS Fargate or EC2.
2. Eliminate options that don't meet the core requirements. Look for solutions that are over-engineered, under-powered, or miss key constraints mentioned in the question.
3. This tests cost-optimized architecture design. Focus on resource optimization, pricing models, and cost monitoring."
471,472,TMC,"1. Focus on the key requirements: high availability. Always choose solutions that directly address these specific needs.
2. S3 Object Lock provides immutable storage with compliance features. Versioning must be enabled to use Object Lock.
3. Eliminate options that don't meet the core requirements. Look for solutions that are over-engineered, under-powered, or miss key constraints mentioned in the question.
4. Apply the Cost Optimization pillar: right-size resources, use appropriate pricing models (on-demand vs reserved vs spot), and eliminate waste.
5. This tests cost-optimized architecture design. Focus on resource optimization, pricing models, and cost monitoring."
472,473,TMC,"1. DynamoDB on-demand provides instant scaling without capacity planning, while provisioned capacity requires pre-planning but can be more cost-effective for predictable workloads.
2. Eliminate options that don't meet the core requirements. Look for solutions that are over-engineered, under-powered, or miss key constraints mentioned in the question.
3. This tests high-performing architecture design. Focus on scalability, performance optimization, and right-sizing resources."
473,474,TMCMA,"1. Focus on the key requirements: high availability. Always choose solutions that directly address these specific needs.
2. DynamoDB on-demand provides instant scaling without capacity planning, while provisioned capacity requires pre-planning but can be more cost-effective for predictable workloads.
3. Eliminate options that don't meet the core requirements. Look for solutions that are over-engineered, under-powered, or miss key constraints mentioned in the question.
4. This tests resilient architecture design. Focus on fault tolerance, disaster recovery, and high availability patterns."
474,475,TMC,"1. S3 Object Lock provides immutable storage with compliance features. Versioning must be enabled to use Object Lock.
2. Eliminate options that don't meet the core requirements. Look for solutions that are over-engineered, under-powered, or miss key constraints mentioned in the question.
3. This tests high-performing architecture design. Focus on scalability, performance optimization, and right-sizing resources."
475,476,TMC,"1. Focus on the key requirements: security. Always choose solutions that directly address these specific needs.
2. Remember Lambda's 15-minute execution limit. For longer-running tasks, consider ECS Fargate or EC2.
3. Eliminate options that don't meet the core requirements. Look for solutions that are over-engineered, under-powered, or miss key constraints mentioned in the question.
4. Apply the Cost Optimization pillar: right-size resources, use appropriate pricing models (on-demand vs reserved vs spot), and eliminate waste.
5. This tests cost-optimized architecture design. Focus on resource optimization, pricing models, and cost monitoring."
476,477,TMC,"1. Eliminate options that don't meet the core requirements. Look for solutions that are over-engineered, under-powered, or miss key constraints mentioned in the question.
2. This tests high-performing architecture design. Focus on scalability, performance optimization, and right-sizing resources.
3. Read the question carefully and identify all requirements before evaluating options.
4. Managed services are generally preferred over self-managed solutions for operational efficiency.
5. Consider the trade-offs between cost, performance, and operational complexity when choosing between options."
477,478,TMC,"1. Focus on the key requirements: performance optimization. Always choose solutions that directly address these specific needs.
2. Eliminate options that don't meet the core requirements. Look for solutions that are over-engineered, under-powered, or miss key constraints mentioned in the question.
3. This tests high-performing architecture design. Focus on scalability, performance optimization, and right-sizing resources."
478,479,TMC,"1. Focus on the key requirements: cost optimization, security. Always choose solutions that directly address these specific needs.
2. Remember Lambda's 15-minute execution limit. For longer-running tasks, consider ECS Fargate or EC2.
3. Eliminate options that don't meet the core requirements. Look for solutions that are over-engineered, under-powered, or miss key constraints mentioned in the question.
4. Apply the Cost Optimization pillar: right-size resources, use appropriate pricing models (on-demand vs reserved vs spot), and eliminate waste.
5. This tests cost-optimized architecture design. Focus on resource optimization, pricing models, and cost monitoring."
479,480,TMC,"1. DynamoDB on-demand provides instant scaling without capacity planning, while provisioned capacity requires pre-planning but can be more cost-effective for predictable workloads.
2. Eliminate options that don't meet the core requirements. Look for solutions that are over-engineered, under-powered, or miss key constraints mentioned in the question.
3. This tests high-performing architecture design. Focus on scalability, performance optimization, and right-sizing resources."
480,481,TMC,"1. S3 Object Lock provides immutable storage with compliance features. Versioning must be enabled to use Object Lock.
2. Eliminate options that don't meet the core requirements. Look for solutions that are over-engineered, under-powered, or miss key constraints mentioned in the question.
3. This tests high-performing architecture design. Focus on scalability, performance optimization, and right-sizing resources."
481,482,TMC,"1. S3 Object Lock provides immutable storage with compliance features. Versioning must be enabled to use Object Lock.
2. Eliminate options that don't meet the core requirements. Look for solutions that are over-engineered, under-powered, or miss key constraints mentioned in the question.
3. This tests secure architecture design. Focus on defense in depth, least privilege, and data protection."
482,483,TMC,"1. Eliminate options that don't meet the core requirements. Look for solutions that are over-engineered, under-powered, or miss key constraints mentioned in the question.
2. This tests high-performing architecture design. Focus on scalability, performance optimization, and right-sizing resources.
3. Read the question carefully and identify all requirements before evaluating options.
4. Managed services are generally preferred over self-managed solutions for operational efficiency.
5. Consider the trade-offs between cost, performance, and operational complexity when choosing between options."
483,484,TMC,"1. Remember Lambda's 15-minute execution limit. For longer-running tasks, consider ECS Fargate or EC2.
2. Eliminate options that don't meet the core requirements. Look for solutions that are over-engineered, under-powered, or miss key constraints mentioned in the question.
3. Apply the Cost Optimization pillar: right-size resources, use appropriate pricing models (on-demand vs reserved vs spot), and eliminate waste.
4. This tests cost-optimized architecture design. Focus on resource optimization, pricing models, and cost monitoring."
484,485,TMC,"1. Remember Lambda's 15-minute execution limit. For longer-running tasks, consider ECS Fargate or EC2.
2. DynamoDB on-demand provides instant scaling without capacity planning, while provisioned capacity requires pre-planning but can be more cost-effective for predictable workloads.
3. S3 Object Lock provides immutable storage with compliance features. Versioning must be enabled to use Object Lock.
4. Eliminate options that don't meet the core requirements. Look for solutions that are over-engineered, under-powered, or miss key constraints mentioned in the question.
5. This tests high-performing architecture design. Focus on scalability, performance optimization, and right-sizing resources."
485,486,TMC,"1. Focus on the key requirements: cost optimization. Always choose solutions that directly address these specific needs.
2. Remember Lambda's 15-minute execution limit. For longer-running tasks, consider ECS Fargate or EC2.
3. Eliminate options that don't meet the core requirements. Look for solutions that are over-engineered, under-powered, or miss key constraints mentioned in the question.
4. Apply the Cost Optimization pillar: right-size resources, use appropriate pricing models (on-demand vs reserved vs spot), and eliminate waste.
5. This tests high-performing architecture design. Focus on scalability, performance optimization, and right-sizing resources."
486,487,TMC,"1. Focus on the key requirements: cost optimization. Always choose solutions that directly address these specific needs.
2. Remember Lambda's 15-minute execution limit. For longer-running tasks, consider ECS Fargate or EC2.
3. Eliminate options that don't meet the core requirements. Look for solutions that are over-engineered, under-powered, or miss key constraints mentioned in the question.
4. Apply the Cost Optimization pillar: right-size resources, use appropriate pricing models (on-demand vs reserved vs spot), and eliminate waste.
5. This tests high-performing architecture design. Focus on scalability, performance optimization, and right-sizing resources."
487,488,TMC,"1. Focus on the key requirements: high availability. Always choose solutions that directly address these specific needs.
2. Eliminate options that don't meet the core requirements. Look for solutions that are over-engineered, under-powered, or miss key constraints mentioned in the question.
3. This tests high-performing architecture design. Focus on scalability, performance optimization, and right-sizing resources."
488,489,TMC,"1. Focus on the key requirements: security. Always choose solutions that directly address these specific needs.
2. Eliminate options that don't meet the core requirements. Look for solutions that are over-engineered, under-powered, or miss key constraints mentioned in the question.
3. This tests secure architecture design. Focus on defense in depth, least privilege, and data protection."
489,490,TMC,"1. S3 Object Lock provides immutable storage with compliance features. Versioning must be enabled to use Object Lock.
2. Eliminate options that don't meet the core requirements. Look for solutions that are over-engineered, under-powered, or miss key constraints mentioned in the question.
3. Apply the Reliability pillar: design for failure, use multiple AZs, implement automated recovery, and choose managed services when possible.
4. This tests high-performing architecture design. Focus on scalability, performance optimization, and right-sizing resources."
490,491,TMC,"1. Focus on the key requirements: security. Always choose solutions that directly address these specific needs.
2. Eliminate options that don't meet the core requirements. Look for solutions that are over-engineered, under-powered, or miss key constraints mentioned in the question.
3. This tests secure architecture design. Focus on defense in depth, least privilege, and data protection."
491,492,TMC,"1. Remember Lambda's 15-minute execution limit. For longer-running tasks, consider ECS Fargate or EC2.
2. Eliminate options that don't meet the core requirements. Look for solutions that are over-engineered, under-powered, or miss key constraints mentioned in the question.
3. Apply the Cost Optimization pillar: right-size resources, use appropriate pricing models (on-demand vs reserved vs spot), and eliminate waste.
4. This tests cost-optimized architecture design. Focus on resource optimization, pricing models, and cost monitoring."
492,493,TMC,"1. Eliminate options that don't meet the core requirements. Look for solutions that are over-engineered, under-powered, or miss key constraints mentioned in the question.
2. This tests resilient architecture design. Focus on fault tolerance, disaster recovery, and high availability patterns.
3. Read the question carefully and identify all requirements before evaluating options.
4. Managed services are generally preferred over self-managed solutions for operational efficiency.
5. Consider the trade-offs between cost, performance, and operational complexity when choosing between options."
493,494,TMC,"1. Focus on the key requirements: scalability. Always choose solutions that directly address these specific needs.
2. Eliminate options that don't meet the core requirements. Look for solutions that are over-engineered, under-powered, or miss key constraints mentioned in the question.
3. This tests high-performing architecture design. Focus on scalability, performance optimization, and right-sizing resources."
494,495,TMC,"1. Focus on the key requirements: cost optimization. Always choose solutions that directly address these specific needs.
2. Spot Instances can be interrupted with 2-minute notice. Never use for stateful or critical workloads that cannot tolerate interruptions.
3. Eliminate options that don't meet the core requirements. Look for solutions that are over-engineered, under-powered, or miss key constraints mentioned in the question.
4. Apply the Cost Optimization pillar: right-size resources, use appropriate pricing models (on-demand vs reserved vs spot), and eliminate waste.
5. This tests cost-optimized architecture design. Focus on resource optimization, pricing models, and cost monitoring."
495,496,TMC,"1. S3 Object Lock provides immutable storage with compliance features. Versioning must be enabled to use Object Lock.
2. Eliminate options that don't meet the core requirements. Look for solutions that are over-engineered, under-powered, or miss key constraints mentioned in the question.
3. This tests high-performing architecture design. Focus on scalability, performance optimization, and right-sizing resources."
496,497,TMC,"1. Remember Lambda's 15-minute execution limit. For longer-running tasks, consider ECS Fargate or EC2.
2. S3 Object Lock provides immutable storage with compliance features. Versioning must be enabled to use Object Lock.
3. Eliminate options that don't meet the core requirements. Look for solutions that are over-engineered, under-powered, or miss key constraints mentioned in the question.
4. This tests secure architecture design. Focus on defense in depth, least privilege, and data protection."
497,498,TMC,"1. Focus on the key requirements: high availability. Always choose solutions that directly address these specific needs.
2. Eliminate options that don't meet the core requirements. Look for solutions that are over-engineered, under-powered, or miss key constraints mentioned in the question.
3. Apply the Reliability pillar: design for failure, use multiple AZs, implement automated recovery, and choose managed services when possible.
4. This tests resilient architecture design. Focus on fault tolerance, disaster recovery, and high availability patterns."
498,499,TMC,"1. S3 Object Lock provides immutable storage with compliance features. Versioning must be enabled to use Object Lock.
2. Eliminate options that don't meet the core requirements. Look for solutions that are over-engineered, under-powered, or miss key constraints mentioned in the question.
3. Apply the Cost Optimization pillar: right-size resources, use appropriate pricing models (on-demand vs reserved vs spot), and eliminate waste.
4. This tests cost-optimized architecture design. Focus on resource optimization, pricing models, and cost monitoring."
499,500,TMC,"1. Remember Lambda's 15-minute execution limit. For longer-running tasks, consider ECS Fargate or EC2.
2. Eliminate options that don't meet the core requirements. Look for solutions that are over-engineered, under-powered, or miss key constraints mentioned in the question.
3. This tests secure architecture design. Focus on defense in depth, least privilege, and data protection."
500,501,TMC,"1. S3 Object Lock provides immutable storage with compliance features. Versioning must be enabled to use Object Lock.
2. Eliminate options that don't meet the core requirements. Look for solutions that are over-engineered, under-powered, or miss key constraints mentioned in the question.
3. This tests secure architecture design. Focus on defense in depth, least privilege, and data protection."
501,502,TMC,"1. S3 Object Lock provides immutable storage with compliance features. Versioning must be enabled to use Object Lock.
2. Eliminate options that don't meet the core requirements. Look for solutions that are over-engineered, under-powered, or miss key constraints mentioned in the question.
3. This tests high-performing architecture design. Focus on scalability, performance optimization, and right-sizing resources."
502,503,TMC,"1. Focus on the key requirements: performance optimization. Always choose solutions that directly address these specific needs.
2. Eliminate options that don't meet the core requirements. Look for solutions that are over-engineered, under-powered, or miss key constraints mentioned in the question.
3. This tests high-performing architecture design. Focus on scalability, performance optimization, and right-sizing resources."
503,504,TMC,"1. S3 Object Lock provides immutable storage with compliance features. Versioning must be enabled to use Object Lock.
2. Eliminate options that don't meet the core requirements. Look for solutions that are over-engineered, under-powered, or miss key constraints mentioned in the question.
3. This tests resilient architecture design. Focus on fault tolerance, disaster recovery, and high availability patterns."
504,505,TMC,"1. Focus on the key requirements: scalability. Always choose solutions that directly address these specific needs.
2. Spot Instances can be interrupted with 2-minute notice. Never use for stateful or critical workloads that cannot tolerate interruptions.
3. Eliminate options that don't meet the core requirements. Look for solutions that are over-engineered, under-powered, or miss key constraints mentioned in the question.
4. Apply the Cost Optimization pillar: right-size resources, use appropriate pricing models (on-demand vs reserved vs spot), and eliminate waste.
5. This tests cost-optimized architecture design. Focus on resource optimization, pricing models, and cost monitoring."
505,506,TMCMA,"1. Focus on the key requirements: security. Always choose solutions that directly address these specific needs.
2. Eliminate options that don't meet the core requirements. Look for solutions that are over-engineered, under-powered, or miss key constraints mentioned in the question.
3. This tests secure architecture design. Focus on defense in depth, least privilege, and data protection."
506,507,TMC,"1. Remember Lambda's 15-minute execution limit. For longer-running tasks, consider ECS Fargate or EC2.
2. S3 Object Lock provides immutable storage with compliance features. Versioning must be enabled to use Object Lock.
3. Eliminate options that don't meet the core requirements. Look for solutions that are over-engineered, under-powered, or miss key constraints mentioned in the question.
4. Apply the Cost Optimization pillar: right-size resources, use appropriate pricing models (on-demand vs reserved vs spot), and eliminate waste.
5. This tests cost-optimized architecture design. Focus on resource optimization, pricing models, and cost monitoring."
507,508,TMC,"1. Remember Lambda's 15-minute execution limit. For longer-running tasks, consider ECS Fargate or EC2.
2. DynamoDB on-demand provides instant scaling without capacity planning, while provisioned capacity requires pre-planning but can be more cost-effective for predictable workloads.
3. S3 Object Lock provides immutable storage with compliance features. Versioning must be enabled to use Object Lock.
4. Eliminate options that don't meet the core requirements. Look for solutions that are over-engineered, under-powered, or miss key constraints mentioned in the question.
5. This tests high-performing architecture design. Focus on scalability, performance optimization, and right-sizing resources."
508,509,TMC,"1. Focus on the key requirements: scalability, performance optimization. Always choose solutions that directly address these specific needs.
2. Remember Lambda's 15-minute execution limit. For longer-running tasks, consider ECS Fargate or EC2.
3. DynamoDB on-demand provides instant scaling without capacity planning, while provisioned capacity requires pre-planning but can be more cost-effective for predictable workloads.
4. S3 Object Lock provides immutable storage with compliance features. Versioning must be enabled to use Object Lock.
5. Eliminate options that don't meet the core requirements. Look for solutions that are over-engineered, under-powered, or miss key constraints mentioned in the question."
509,510,TMC,"1. S3 Object Lock provides immutable storage with compliance features. Versioning must be enabled to use Object Lock.
2. Eliminate options that don't meet the core requirements. Look for solutions that are over-engineered, under-powered, or miss key constraints mentioned in the question.
3. This tests resilient architecture design. Focus on fault tolerance, disaster recovery, and high availability patterns."
510,511,TMC,"1. Focus on the key requirements: cost optimization, security. Always choose solutions that directly address these specific needs.
2. Remember Lambda's 15-minute execution limit. For longer-running tasks, consider ECS Fargate or EC2.
3. S3 Object Lock provides immutable storage with compliance features. Versioning must be enabled to use Object Lock.
4. Eliminate options that don't meet the core requirements. Look for solutions that are over-engineered, under-powered, or miss key constraints mentioned in the question.
5. Apply the Cost Optimization pillar: right-size resources, use appropriate pricing models (on-demand vs reserved vs spot), and eliminate waste."
511,512,TMC,"1. S3 Object Lock provides immutable storage with compliance features. Versioning must be enabled to use Object Lock.
2. Eliminate options that don't meet the core requirements. Look for solutions that are over-engineered, under-powered, or miss key constraints mentioned in the question.
3. This tests secure architecture design. Focus on defense in depth, least privilege, and data protection."
512,513,TMC,"1. Eliminate options that don't meet the core requirements. Look for solutions that are over-engineered, under-powered, or miss key constraints mentioned in the question.
2. This tests cost-optimized architecture design. Focus on resource optimization, pricing models, and cost monitoring.
3. Read the question carefully and identify all requirements before evaluating options.
4. Managed services are generally preferred over self-managed solutions for operational efficiency.
5. Consider the trade-offs between cost, performance, and operational complexity when choosing between options."
513,514,TMCMA,"1. Focus on the key requirements: high availability. Always choose solutions that directly address these specific needs.
2. NAT Gateway is fully managed and preferred over NAT Instance for operational efficiency. NAT resources must be in public subnets to provide internet access to private subnets.
3. Eliminate options that don't meet the core requirements. Look for solutions that are over-engineered, under-powered, or miss key constraints mentioned in the question.
4. This tests resilient architecture design. Focus on fault tolerance, disaster recovery, and high availability patterns."
514,515,TMC,"1. Focus on the key requirements: scalability. Always choose solutions that directly address these specific needs.
2. DynamoDB on-demand provides instant scaling without capacity planning, while provisioned capacity requires pre-planning but can be more cost-effective for predictable workloads.
3. Eliminate options that don't meet the core requirements. Look for solutions that are over-engineered, under-powered, or miss key constraints mentioned in the question.
4. This tests high-performing architecture design. Focus on scalability, performance optimization, and right-sizing resources."
515,516,TMC,"1. Remember Lambda's 15-minute execution limit. For longer-running tasks, consider ECS Fargate or EC2.
2. S3 Object Lock provides immutable storage with compliance features. Versioning must be enabled to use Object Lock.
3. Eliminate options that don't meet the core requirements. Look for solutions that are over-engineered, under-powered, or miss key constraints mentioned in the question.
4. This tests resilient architecture design. Focus on fault tolerance, disaster recovery, and high availability patterns."
516,517,TMC,"1. Focus on the key requirements: security. Always choose solutions that directly address these specific needs.
2. Eliminate options that don't meet the core requirements. Look for solutions that are over-engineered, under-powered, or miss key constraints mentioned in the question.
3. This tests secure architecture design. Focus on defense in depth, least privilege, and data protection."
517,518,TMCMA,"1. Remember Lambda's 15-minute execution limit. For longer-running tasks, consider ECS Fargate or EC2.
2. S3 Object Lock provides immutable storage with compliance features. Versioning must be enabled to use Object Lock.
3. Eliminate options that don't meet the core requirements. Look for solutions that are over-engineered, under-powered, or miss key constraints mentioned in the question.
4. Apply the Cost Optimization pillar: right-size resources, use appropriate pricing models (on-demand vs reserved vs spot), and eliminate waste.
5. This tests cost-optimized architecture design. Focus on resource optimization, pricing models, and cost monitoring."
518,519,TMC,"1. Remember Lambda's 15-minute execution limit. For longer-running tasks, consider ECS Fargate or EC2.
2. Eliminate options that don't meet the core requirements. Look for solutions that are over-engineered, under-powered, or miss key constraints mentioned in the question.
3. Apply the Reliability pillar: design for failure, use multiple AZs, implement automated recovery, and choose managed services when possible.
4. This tests resilient architecture design. Focus on fault tolerance, disaster recovery, and high availability patterns."
519,520,TMC,"1. Focus on the key requirements: cost optimization. Always choose solutions that directly address these specific needs.
2. S3 Object Lock provides immutable storage with compliance features. Versioning must be enabled to use Object Lock.
3. Eliminate options that don't meet the core requirements. Look for solutions that are over-engineered, under-powered, or miss key constraints mentioned in the question.
4. Apply the Cost Optimization pillar: right-size resources, use appropriate pricing models (on-demand vs reserved vs spot), and eliminate waste.
5. This tests cost-optimized architecture design. Focus on resource optimization, pricing models, and cost monitoring."
520,521,TMC,"1. S3 Object Lock provides immutable storage with compliance features. Versioning must be enabled to use Object Lock.
2. Eliminate options that don't meet the core requirements. Look for solutions that are over-engineered, under-powered, or miss key constraints mentioned in the question.
3. Apply the Cost Optimization pillar: right-size resources, use appropriate pricing models (on-demand vs reserved vs spot), and eliminate waste.
4. This tests cost-optimized architecture design. Focus on resource optimization, pricing models, and cost monitoring."
521,522,TMC,"1. Focus on the key requirements: security. Always choose solutions that directly address these specific needs.
2. Remember Lambda's 15-minute execution limit. For longer-running tasks, consider ECS Fargate or EC2.
3. S3 Object Lock provides immutable storage with compliance features. Versioning must be enabled to use Object Lock.
4. Eliminate options that don't meet the core requirements. Look for solutions that are over-engineered, under-powered, or miss key constraints mentioned in the question.
5. This tests secure architecture design. Focus on defense in depth, least privilege, and data protection."
522,523,TMC,"1. Remember Lambda's 15-minute execution limit. For longer-running tasks, consider ECS Fargate or EC2.
2. Eliminate options that don't meet the core requirements. Look for solutions that are over-engineered, under-powered, or miss key constraints mentioned in the question.
3. This tests high-performing architecture design. Focus on scalability, performance optimization, and right-sizing resources."
523,524,TMC,"1. Focus on the key requirements: high availability. Always choose solutions that directly address these specific needs.
2. Remember Lambda's 15-minute execution limit. For longer-running tasks, consider ECS Fargate or EC2.
3. S3 Object Lock provides immutable storage with compliance features. Versioning must be enabled to use Object Lock.
4. Eliminate options that don't meet the core requirements. Look for solutions that are over-engineered, under-powered, or miss key constraints mentioned in the question.
5. This tests resilient architecture design. Focus on fault tolerance, disaster recovery, and high availability patterns."
524,525,TMC,"1. S3 Object Lock provides immutable storage with compliance features. Versioning must be enabled to use Object Lock.
2. Eliminate options that don't meet the core requirements. Look for solutions that are over-engineered, under-powered, or miss key constraints mentioned in the question.
3. This tests high-performing architecture design. Focus on scalability, performance optimization, and right-sizing resources."
525,526,TMC,"1. S3 Object Lock provides immutable storage with compliance features. Versioning must be enabled to use Object Lock.
2. Eliminate options that don't meet the core requirements. Look for solutions that are over-engineered, under-powered, or miss key constraints mentioned in the question.
3. This tests high-performing architecture design. Focus on scalability, performance optimization, and right-sizing resources."
526,527,TMC,"1. S3 Object Lock provides immutable storage with compliance features. Versioning must be enabled to use Object Lock.
2. Eliminate options that don't meet the core requirements. Look for solutions that are over-engineered, under-powered, or miss key constraints mentioned in the question.
3. This tests high-performing architecture design. Focus on scalability, performance optimization, and right-sizing resources."
527,528,TMC,"1. Remember Lambda's 15-minute execution limit. For longer-running tasks, consider ECS Fargate or EC2.
2. S3 Object Lock provides immutable storage with compliance features. Versioning must be enabled to use Object Lock.
3. Eliminate options that don't meet the core requirements. Look for solutions that are over-engineered, under-powered, or miss key constraints mentioned in the question.
4. Apply the Cost Optimization pillar: right-size resources, use appropriate pricing models (on-demand vs reserved vs spot), and eliminate waste.
5. This tests cost-optimized architecture design. Focus on resource optimization, pricing models, and cost monitoring."
528,529,TMC,"1. Focus on the key requirements: security. Always choose solutions that directly address these specific needs.
2. NAT Gateway is fully managed and preferred over NAT Instance for operational efficiency. NAT resources must be in public subnets to provide internet access to private subnets.
3. Eliminate options that don't meet the core requirements. Look for solutions that are over-engineered, under-powered, or miss key constraints mentioned in the question.
4. This tests secure architecture design. Focus on defense in depth, least privilege, and data protection."
529,530,TMCMA,"1. Focus on the key requirements: high availability. Always choose solutions that directly address these specific needs.
2. Eliminate options that don't meet the core requirements. Look for solutions that are over-engineered, under-powered, or miss key constraints mentioned in the question.
3. This tests resilient architecture design. Focus on fault tolerance, disaster recovery, and high availability patterns."
530,531,TMC,"1. Eliminate options that don't meet the core requirements. Look for solutions that are over-engineered, under-powered, or miss key constraints mentioned in the question.
2. This tests resilient architecture design. Focus on fault tolerance, disaster recovery, and high availability patterns.
3. Read the question carefully and identify all requirements before evaluating options.
4. Managed services are generally preferred over self-managed solutions for operational efficiency.
5. Consider the trade-offs between cost, performance, and operational complexity when choosing between options."
531,532,TMC,"1. S3 Object Lock provides immutable storage with compliance features. Versioning must be enabled to use Object Lock.
2. Eliminate options that don't meet the core requirements. Look for solutions that are over-engineered, under-powered, or miss key constraints mentioned in the question.
3. Apply the Cost Optimization pillar: right-size resources, use appropriate pricing models (on-demand vs reserved vs spot), and eliminate waste.
4. This tests cost-optimized architecture design. Focus on resource optimization, pricing models, and cost monitoring."
532,533,TMC,"1. Focus on the key requirements: cost optimization. Always choose solutions that directly address these specific needs.
2. S3 Object Lock provides immutable storage with compliance features. Versioning must be enabled to use Object Lock.
3. Eliminate options that don't meet the core requirements. Look for solutions that are over-engineered, under-powered, or miss key constraints mentioned in the question.
4. Apply the Reliability pillar: design for failure, use multiple AZs, implement automated recovery, and choose managed services when possible.
5. Apply the Cost Optimization pillar: right-size resources, use appropriate pricing models (on-demand vs reserved vs spot), and eliminate waste."
533,534,TMC,"1. Focus on the key requirements: performance optimization. Always choose solutions that directly address these specific needs.
2. Eliminate options that don't meet the core requirements. Look for solutions that are over-engineered, under-powered, or miss key constraints mentioned in the question.
3. This tests high-performing architecture design. Focus on scalability, performance optimization, and right-sizing resources."
534,535,TMC,"1. Focus on the key requirements: security. Always choose solutions that directly address these specific needs.
2. Remember Lambda's 15-minute execution limit. For longer-running tasks, consider ECS Fargate or EC2.
3. S3 Object Lock provides immutable storage with compliance features. Versioning must be enabled to use Object Lock.
4. Eliminate options that don't meet the core requirements. Look for solutions that are over-engineered, under-powered, or miss key constraints mentioned in the question.
5. This tests secure architecture design. Focus on defense in depth, least privilege, and data protection."
535,536,TMC,"1. Focus on the key requirements: cost optimization. Always choose solutions that directly address these specific needs.
2. Remember Lambda's 15-minute execution limit. For longer-running tasks, consider ECS Fargate or EC2.
3. Spot Instances can be interrupted with 2-minute notice. Never use for stateful or critical workloads that cannot tolerate interruptions.
4. Eliminate options that don't meet the core requirements. Look for solutions that are over-engineered, under-powered, or miss key constraints mentioned in the question.
5. Apply the Cost Optimization pillar: right-size resources, use appropriate pricing models (on-demand vs reserved vs spot), and eliminate waste."
536,537,TMC,"1. Focus on the key requirements: security. Always choose solutions that directly address these specific needs.
2. Eliminate options that don't meet the core requirements. Look for solutions that are over-engineered, under-powered, or miss key constraints mentioned in the question.
3. This tests secure architecture design. Focus on defense in depth, least privilege, and data protection."
537,538,TMC,"1. Remember Lambda's 15-minute execution limit. For longer-running tasks, consider ECS Fargate or EC2.
2. DynamoDB on-demand provides instant scaling without capacity planning, while provisioned capacity requires pre-planning but can be more cost-effective for predictable workloads.
3. S3 Object Lock provides immutable storage with compliance features. Versioning must be enabled to use Object Lock.
4. Eliminate options that don't meet the core requirements. Look for solutions that are over-engineered, under-powered, or miss key constraints mentioned in the question.
5. This tests high-performing architecture design. Focus on scalability, performance optimization, and right-sizing resources."
538,539,TMC,"1. Focus on the key requirements: cost optimization, high availability. Always choose solutions that directly address these specific needs.
2. Eliminate options that don't meet the core requirements. Look for solutions that are over-engineered, under-powered, or miss key constraints mentioned in the question.
3. Apply the Cost Optimization pillar: right-size resources, use appropriate pricing models (on-demand vs reserved vs spot), and eliminate waste.
4. This tests resilient architecture design. Focus on fault tolerance, disaster recovery, and high availability patterns."
539,540,TMC,"1. Eliminate options that don't meet the core requirements. Look for solutions that are over-engineered, under-powered, or miss key constraints mentioned in the question.
2. This tests high-performing architecture design. Focus on scalability, performance optimization, and right-sizing resources.
3. Read the question carefully and identify all requirements before evaluating options.
4. Managed services are generally preferred over self-managed solutions for operational efficiency.
5. Consider the trade-offs between cost, performance, and operational complexity when choosing between options."
540,541,TMC,"1. Focus on the key requirements: high availability, performance optimization. Always choose solutions that directly address these specific needs.
2. Eliminate options that don't meet the core requirements. Look for solutions that are over-engineered, under-powered, or miss key constraints mentioned in the question.
3. This tests high-performing architecture design. Focus on scalability, performance optimization, and right-sizing resources."
541,542,TMC,"1. Focus on the key requirements: security. Always choose solutions that directly address these specific needs.
2. Eliminate options that don't meet the core requirements. Look for solutions that are over-engineered, under-powered, or miss key constraints mentioned in the question.
3. This tests secure architecture design. Focus on defense in depth, least privilege, and data protection."
542,543,TMC,"1. Eliminate options that don't meet the core requirements. Look for solutions that are over-engineered, under-powered, or miss key constraints mentioned in the question.
2. This tests secure architecture design. Focus on defense in depth, least privilege, and data protection.
3. Read the question carefully and identify all requirements before evaluating options.
4. Managed services are generally preferred over self-managed solutions for operational efficiency.
5. Consider the trade-offs between cost, performance, and operational complexity when choosing between options."
543,544,TMC,"1. Focus on the key requirements: security. Always choose solutions that directly address these specific needs.
2. Eliminate options that don't meet the core requirements. Look for solutions that are over-engineered, under-powered, or miss key constraints mentioned in the question.
3. This tests secure architecture design. Focus on defense in depth, least privilege, and data protection."
544,545,TMC,"1. Focus on the key requirements: cost optimization, high availability. Always choose solutions that directly address these specific needs.
2. S3 Object Lock provides immutable storage with compliance features. Versioning must be enabled to use Object Lock.
3. Eliminate options that don't meet the core requirements. Look for solutions that are over-engineered, under-powered, or miss key constraints mentioned in the question.
4. Apply the Cost Optimization pillar: right-size resources, use appropriate pricing models (on-demand vs reserved vs spot), and eliminate waste.
5. This tests cost-optimized architecture design. Focus on resource optimization, pricing models, and cost monitoring."
545,546,TMC,"1. Focus on the key requirements: scalability, performance optimization. Always choose solutions that directly address these specific needs.
2. Remember Lambda's 15-minute execution limit. For longer-running tasks, consider ECS Fargate or EC2.
3. Spot Instances can be interrupted with 2-minute notice. Never use for stateful or critical workloads that cannot tolerate interruptions.
4. Eliminate options that don't meet the core requirements. Look for solutions that are over-engineered, under-powered, or miss key constraints mentioned in the question.
5. Apply the Cost Optimization pillar: right-size resources, use appropriate pricing models (on-demand vs reserved vs spot), and eliminate waste."
546,547,TMC,"1. Eliminate options that don't meet the core requirements. Look for solutions that are over-engineered, under-powered, or miss key constraints mentioned in the question.
2. This tests secure architecture design. Focus on defense in depth, least privilege, and data protection.
3. Read the question carefully and identify all requirements before evaluating options.
4. Managed services are generally preferred over self-managed solutions for operational efficiency.
5. Consider the trade-offs between cost, performance, and operational complexity when choosing between options."
547,548,TMC,"1. Eliminate options that don't meet the core requirements. Look for solutions that are over-engineered, under-powered, or miss key constraints mentioned in the question.
2. Apply the Cost Optimization pillar: right-size resources, use appropriate pricing models (on-demand vs reserved vs spot), and eliminate waste.
3. This tests cost-optimized architecture design. Focus on resource optimization, pricing models, and cost monitoring."
548,549,TMC,"1. Eliminate options that don't meet the core requirements. Look for solutions that are over-engineered, under-powered, or miss key constraints mentioned in the question.
2. This tests secure architecture design. Focus on defense in depth, least privilege, and data protection.
3. Read the question carefully and identify all requirements before evaluating options.
4. Managed services are generally preferred over self-managed solutions for operational efficiency.
5. Consider the trade-offs between cost, performance, and operational complexity when choosing between options."
549,550,TMC,"1. S3 Object Lock provides immutable storage with compliance features. Versioning must be enabled to use Object Lock.
2. Eliminate options that don't meet the core requirements. Look for solutions that are over-engineered, under-powered, or miss key constraints mentioned in the question.
3. This tests resilient architecture design. Focus on fault tolerance, disaster recovery, and high availability patterns."
550,551,TMC,"1. S3 Object Lock provides immutable storage with compliance features. Versioning must be enabled to use Object Lock.
2. Eliminate options that don't meet the core requirements. Look for solutions that are over-engineered, under-powered, or miss key constraints mentioned in the question.
3. This tests secure architecture design. Focus on defense in depth, least privilege, and data protection."
551,552,TMCMA,"1. S3 Object Lock provides immutable storage with compliance features. Versioning must be enabled to use Object Lock.
2. Eliminate options that don't meet the core requirements. Look for solutions that are over-engineered, under-powered, or miss key constraints mentioned in the question.
3. This tests high-performing architecture design. Focus on scalability, performance optimization, and right-sizing resources."
552,553,TMC,"1. Focus on the key requirements: security. Always choose solutions that directly address these specific needs.
2. Eliminate options that don't meet the core requirements. Look for solutions that are over-engineered, under-powered, or miss key constraints mentioned in the question.
3. This tests secure architecture design. Focus on defense in depth, least privilege, and data protection."
553,554,TMC,"1. Focus on the key requirements: high availability, security. Always choose solutions that directly address these specific needs.
2. Remember Lambda's 15-minute execution limit. For longer-running tasks, consider ECS Fargate or EC2.
3. DynamoDB on-demand provides instant scaling without capacity planning, while provisioned capacity requires pre-planning but can be more cost-effective for predictable workloads.
4. S3 Object Lock provides immutable storage with compliance features. Versioning must be enabled to use Object Lock.
5. Eliminate options that don't meet the core requirements. Look for solutions that are over-engineered, under-powered, or miss key constraints mentioned in the question."
554,555,TMC,"1. S3 Object Lock provides immutable storage with compliance features. Versioning must be enabled to use Object Lock.
2. NAT Gateway is fully managed and preferred over NAT Instance for operational efficiency. NAT resources must be in public subnets to provide internet access to private subnets.
3. Eliminate options that don't meet the core requirements. Look for solutions that are over-engineered, under-powered, or miss key constraints mentioned in the question.
4. Apply the Cost Optimization pillar: right-size resources, use appropriate pricing models (on-demand vs reserved vs spot), and eliminate waste.
5. This tests cost-optimized architecture design. Focus on resource optimization, pricing models, and cost monitoring."
555,556,TMC,"1. Remember Lambda's 15-minute execution limit. For longer-running tasks, consider ECS Fargate or EC2.
2. Eliminate options that don't meet the core requirements. Look for solutions that are over-engineered, under-powered, or miss key constraints mentioned in the question.
3. This tests secure architecture design. Focus on defense in depth, least privilege, and data protection."
556,557,TMC,"1. Remember Lambda's 15-minute execution limit. For longer-running tasks, consider ECS Fargate or EC2.
2. Eliminate options that don't meet the core requirements. Look for solutions that are over-engineered, under-powered, or miss key constraints mentioned in the question.
3. This tests resilient architecture design. Focus on fault tolerance, disaster recovery, and high availability patterns."
557,558,TMC,"1. Remember Lambda's 15-minute execution limit. For longer-running tasks, consider ECS Fargate or EC2.
2. Eliminate options that don't meet the core requirements. Look for solutions that are over-engineered, under-powered, or miss key constraints mentioned in the question.
3. This tests resilient architecture design. Focus on fault tolerance, disaster recovery, and high availability patterns."
558,559,TMC,"1. Focus on the key requirements: performance optimization. Always choose solutions that directly address these specific needs.
2. Eliminate options that don't meet the core requirements. Look for solutions that are over-engineered, under-powered, or miss key constraints mentioned in the question.
3. This tests high-performing architecture design. Focus on scalability, performance optimization, and right-sizing resources."
559,560,TMCMA,"1. Focus on the key requirements: high availability. Always choose solutions that directly address these specific needs.
2. NAT Gateway is fully managed and preferred over NAT Instance for operational efficiency. NAT resources must be in public subnets to provide internet access to private subnets.
3. Eliminate options that don't meet the core requirements. Look for solutions that are over-engineered, under-powered, or miss key constraints mentioned in the question.
4. This tests high-performing architecture design. Focus on scalability, performance optimization, and right-sizing resources."
560,561,TMC,"1. Remember Lambda's 15-minute execution limit. For longer-running tasks, consider ECS Fargate or EC2.
2. S3 Object Lock provides immutable storage with compliance features. Versioning must be enabled to use Object Lock.
3. Eliminate options that don't meet the core requirements. Look for solutions that are over-engineered, under-powered, or miss key constraints mentioned in the question.
4. Apply the Cost Optimization pillar: right-size resources, use appropriate pricing models (on-demand vs reserved vs spot), and eliminate waste.
5. This tests cost-optimized architecture design. Focus on resource optimization, pricing models, and cost monitoring."
561,562,TMC,"1. Focus on the key requirements: high availability. Always choose solutions that directly address these specific needs.
2. Remember Lambda's 15-minute execution limit. For longer-running tasks, consider ECS Fargate or EC2.
3. Eliminate options that don't meet the core requirements. Look for solutions that are over-engineered, under-powered, or miss key constraints mentioned in the question.
4. Apply the Reliability pillar: design for failure, use multiple AZs, implement automated recovery, and choose managed services when possible.
5. This tests resilient architecture design. Focus on fault tolerance, disaster recovery, and high availability patterns."
562,563,TMC,"1. Eliminate options that don't meet the core requirements. Look for solutions that are over-engineered, under-powered, or miss key constraints mentioned in the question.
2. This tests secure architecture design. Focus on defense in depth, least privilege, and data protection.
3. Read the question carefully and identify all requirements before evaluating options.
4. Managed services are generally preferred over self-managed solutions for operational efficiency.
5. Consider the trade-offs between cost, performance, and operational complexity when choosing between options."
563,564,TMC,"1. Focus on the key requirements: security. Always choose solutions that directly address these specific needs.
2. Remember Lambda's 15-minute execution limit. For longer-running tasks, consider ECS Fargate or EC2.
3. S3 Object Lock provides immutable storage with compliance features. Versioning must be enabled to use Object Lock.
4. Eliminate options that don't meet the core requirements. Look for solutions that are over-engineered, under-powered, or miss key constraints mentioned in the question.
5. This tests secure architecture design. Focus on defense in depth, least privilege, and data protection."
564,565,TMC,"1. Focus on the key requirements: scalability. Always choose solutions that directly address these specific needs.
2. DynamoDB on-demand provides instant scaling without capacity planning, while provisioned capacity requires pre-planning but can be more cost-effective for predictable workloads.
3. Eliminate options that don't meet the core requirements. Look for solutions that are over-engineered, under-powered, or miss key constraints mentioned in the question.
4. Apply the Cost Optimization pillar: right-size resources, use appropriate pricing models (on-demand vs reserved vs spot), and eliminate waste.
5. This tests cost-optimized architecture design. Focus on resource optimization, pricing models, and cost monitoring."
565,566,TMC,"1. Focus on the key requirements: security. Always choose solutions that directly address these specific needs.
2. S3 Object Lock provides immutable storage with compliance features. Versioning must be enabled to use Object Lock.
3. Eliminate options that don't meet the core requirements. Look for solutions that are over-engineered, under-powered, or miss key constraints mentioned in the question.
4. Apply the Reliability pillar: design for failure, use multiple AZs, implement automated recovery, and choose managed services when possible.
5. This tests resilient architecture design. Focus on fault tolerance, disaster recovery, and high availability patterns."
566,567,TMC,"1. Eliminate options that don't meet the core requirements. Look for solutions that are over-engineered, under-powered, or miss key constraints mentioned in the question.
2. This tests high-performing architecture design. Focus on scalability, performance optimization, and right-sizing resources.
3. Read the question carefully and identify all requirements before evaluating options.
4. Managed services are generally preferred over self-managed solutions for operational efficiency.
5. Consider the trade-offs between cost, performance, and operational complexity when choosing between options."
567,568,TMC,"1. Focus on the key requirements: performance optimization. Always choose solutions that directly address these specific needs.
2. S3 Object Lock provides immutable storage with compliance features. Versioning must be enabled to use Object Lock.
3. Eliminate options that don't meet the core requirements. Look for solutions that are over-engineered, under-powered, or miss key constraints mentioned in the question.
4. This tests high-performing architecture design. Focus on scalability, performance optimization, and right-sizing resources."
568,569,TMC,"1. Remember Lambda's 15-minute execution limit. For longer-running tasks, consider ECS Fargate or EC2.
2. S3 Object Lock provides immutable storage with compliance features. Versioning must be enabled to use Object Lock.
3. Eliminate options that don't meet the core requirements. Look for solutions that are over-engineered, under-powered, or miss key constraints mentioned in the question.
4. Apply the Cost Optimization pillar: right-size resources, use appropriate pricing models (on-demand vs reserved vs spot), and eliminate waste.
5. This tests cost-optimized architecture design. Focus on resource optimization, pricing models, and cost monitoring."
569,570,TMC,"1. Focus on the key requirements: security. Always choose solutions that directly address these specific needs.
2. Remember Lambda's 15-minute execution limit. For longer-running tasks, consider ECS Fargate or EC2.
3. Eliminate options that don't meet the core requirements. Look for solutions that are over-engineered, under-powered, or miss key constraints mentioned in the question.
4. This tests secure architecture design. Focus on defense in depth, least privilege, and data protection."
570,571,TMC,"1. Eliminate options that don't meet the core requirements. Look for solutions that are over-engineered, under-powered, or miss key constraints mentioned in the question.
2. This tests secure architecture design. Focus on defense in depth, least privilege, and data protection.
3. Read the question carefully and identify all requirements before evaluating options.
4. Managed services are generally preferred over self-managed solutions for operational efficiency.
5. Consider the trade-offs between cost, performance, and operational complexity when choosing between options."
571,572,TMC,"1. Remember Lambda's 15-minute execution limit. For longer-running tasks, consider ECS Fargate or EC2.
2. Eliminate options that don't meet the core requirements. Look for solutions that are over-engineered, under-powered, or miss key constraints mentioned in the question.
3. This tests high-performing architecture design. Focus on scalability, performance optimization, and right-sizing resources."
572,573,TMC,"1. Focus on the key requirements: security. Always choose solutions that directly address these specific needs.
2. Remember Lambda's 15-minute execution limit. For longer-running tasks, consider ECS Fargate or EC2.
3. S3 Object Lock provides immutable storage with compliance features. Versioning must be enabled to use Object Lock.
4. Eliminate options that don't meet the core requirements. Look for solutions that are over-engineered, under-powered, or miss key constraints mentioned in the question.
5. This tests resilient architecture design. Focus on fault tolerance, disaster recovery, and high availability patterns."
573,574,TMC,"1. Focus on the key requirements: high availability. Always choose solutions that directly address these specific needs.
2. NAT Gateway is fully managed and preferred over NAT Instance for operational efficiency. NAT resources must be in public subnets to provide internet access to private subnets.
3. Eliminate options that don't meet the core requirements. Look for solutions that are over-engineered, under-powered, or miss key constraints mentioned in the question.
4. This tests resilient architecture design. Focus on fault tolerance, disaster recovery, and high availability patterns."
574,575,TMC,"1. Focus on the key requirements: scalability. Always choose solutions that directly address these specific needs.
2. Eliminate options that don't meet the core requirements. Look for solutions that are over-engineered, under-powered, or miss key constraints mentioned in the question.
3. This tests high-performing architecture design. Focus on scalability, performance optimization, and right-sizing resources."
575,576,TMC,"1. Eliminate options that don't meet the core requirements. Look for solutions that are over-engineered, under-powered, or miss key constraints mentioned in the question.
2. Apply the Cost Optimization pillar: right-size resources, use appropriate pricing models (on-demand vs reserved vs spot), and eliminate waste.
3. This tests cost-optimized architecture design. Focus on resource optimization, pricing models, and cost monitoring."
576,577,TMC,"1. Eliminate options that don't meet the core requirements. Look for solutions that are over-engineered, under-powered, or miss key constraints mentioned in the question.
2. This tests secure architecture design. Focus on defense in depth, least privilege, and data protection.
3. Read the question carefully and identify all requirements before evaluating options.
4. Managed services are generally preferred over self-managed solutions for operational efficiency.
5. Consider the trade-offs between cost, performance, and operational complexity when choosing between options."
577,578,TMC,"1. Remember Lambda's 15-minute execution limit. For longer-running tasks, consider ECS Fargate or EC2.
2. Eliminate options that don't meet the core requirements. Look for solutions that are over-engineered, under-powered, or miss key constraints mentioned in the question.
3. This tests secure architecture design. Focus on defense in depth, least privilege, and data protection."
578,579,TMC,"1. S3 Object Lock provides immutable storage with compliance features. Versioning must be enabled to use Object Lock.
2. Eliminate options that don't meet the core requirements. Look for solutions that are over-engineered, under-powered, or miss key constraints mentioned in the question.
3. This tests high-performing architecture design. Focus on scalability, performance optimization, and right-sizing resources."
579,580,TMC,"1. Eliminate options that don't meet the core requirements. Look for solutions that are over-engineered, under-powered, or miss key constraints mentioned in the question.
2. This tests secure architecture design. Focus on defense in depth, least privilege, and data protection.
3. Read the question carefully and identify all requirements before evaluating options.
4. Managed services are generally preferred over self-managed solutions for operational efficiency.
5. Consider the trade-offs between cost, performance, and operational complexity when choosing between options."
580,581,TMC,"1. Focus on the key requirements: scalability. Always choose solutions that directly address these specific needs.
2. Remember Lambda's 15-minute execution limit. For longer-running tasks, consider ECS Fargate or EC2.
3. Eliminate options that don't meet the core requirements. Look for solutions that are over-engineered, under-powered, or miss key constraints mentioned in the question.
4. This tests cost-optimized architecture design. Focus on resource optimization, pricing models, and cost monitoring."
581,582,TMC,"1. Eliminate options that don't meet the core requirements. Look for solutions that are over-engineered, under-powered, or miss key constraints mentioned in the question.
2. Apply the Cost Optimization pillar: right-size resources, use appropriate pricing models (on-demand vs reserved vs spot), and eliminate waste.
3. This tests cost-optimized architecture design. Focus on resource optimization, pricing models, and cost monitoring."
582,583,TMCMA,"1. Focus on the key requirements: high availability. Always choose solutions that directly address these specific needs.
2. S3 Object Lock provides immutable storage with compliance features. Versioning must be enabled to use Object Lock.
3. Eliminate options that don't meet the core requirements. Look for solutions that are over-engineered, under-powered, or miss key constraints mentioned in the question.
4. This tests secure architecture design. Focus on defense in depth, least privilege, and data protection."
583,584,TMC,"1. Spot Instances can be interrupted with 2-minute notice. Never use for stateful or critical workloads that cannot tolerate interruptions.
2. Eliminate options that don't meet the core requirements. Look for solutions that are over-engineered, under-powered, or miss key constraints mentioned in the question.
3. Apply the Cost Optimization pillar: right-size resources, use appropriate pricing models (on-demand vs reserved vs spot), and eliminate waste.
4. This tests cost-optimized architecture design. Focus on resource optimization, pricing models, and cost monitoring."
584,585,TMC,"1. Focus on the key requirements: cost optimization, security. Always choose solutions that directly address these specific needs.
2. Eliminate options that don't meet the core requirements. Look for solutions that are over-engineered, under-powered, or miss key constraints mentioned in the question.
3. Apply the Cost Optimization pillar: right-size resources, use appropriate pricing models (on-demand vs reserved vs spot), and eliminate waste.
4. This tests cost-optimized architecture design. Focus on resource optimization, pricing models, and cost monitoring."
585,586,TMC,"1. Focus on the key requirements: scalability. Always choose solutions that directly address these specific needs.
2. Eliminate options that don't meet the core requirements. Look for solutions that are over-engineered, under-powered, or miss key constraints mentioned in the question.
3. This tests secure architecture design. Focus on defense in depth, least privilege, and data protection."
586,587,TMC,"1. S3 Object Lock provides immutable storage with compliance features. Versioning must be enabled to use Object Lock.
2. Eliminate options that don't meet the core requirements. Look for solutions that are over-engineered, under-powered, or miss key constraints mentioned in the question.
3. Apply the Reliability pillar: design for failure, use multiple AZs, implement automated recovery, and choose managed services when possible.
4. This tests resilient architecture design. Focus on fault tolerance, disaster recovery, and high availability patterns."
587,588,TMC,"1. Focus on the key requirements: cost optimization, high availability. Always choose solutions that directly address these specific needs.
2. S3 Object Lock provides immutable storage with compliance features. Versioning must be enabled to use Object Lock.
3. Eliminate options that don't meet the core requirements. Look for solutions that are over-engineered, under-powered, or miss key constraints mentioned in the question.
4. Apply the Reliability pillar: design for failure, use multiple AZs, implement automated recovery, and choose managed services when possible.
5. Apply the Cost Optimization pillar: right-size resources, use appropriate pricing models (on-demand vs reserved vs spot), and eliminate waste."
588,589,TMC,"1. S3 Object Lock provides immutable storage with compliance features. Versioning must be enabled to use Object Lock.
2. Eliminate options that don't meet the core requirements. Look for solutions that are over-engineered, under-powered, or miss key constraints mentioned in the question.
3. This tests secure architecture design. Focus on defense in depth, least privilege, and data protection."
589,590,TMC,"1. S3 Object Lock provides immutable storage with compliance features. Versioning must be enabled to use Object Lock.
2. Eliminate options that don't meet the core requirements. Look for solutions that are over-engineered, under-powered, or miss key constraints mentioned in the question.
3. This tests resilient architecture design. Focus on fault tolerance, disaster recovery, and high availability patterns."
590,591,TMC,"1. Remember Lambda's 15-minute execution limit. For longer-running tasks, consider ECS Fargate or EC2.
2. S3 Object Lock provides immutable storage with compliance features. Versioning must be enabled to use Object Lock.
3. Eliminate options that don't meet the core requirements. Look for solutions that are over-engineered, under-powered, or miss key constraints mentioned in the question.
4. This tests secure architecture design. Focus on defense in depth, least privilege, and data protection."
591,592,TMC,"1. S3 Object Lock provides immutable storage with compliance features. Versioning must be enabled to use Object Lock.
2. Eliminate options that don't meet the core requirements. Look for solutions that are over-engineered, under-powered, or miss key constraints mentioned in the question.
3. This tests cost-optimized architecture design. Focus on resource optimization, pricing models, and cost monitoring."
592,593,TMC,"1. Focus on the key requirements: security. Always choose solutions that directly address these specific needs.
2. S3 Object Lock provides immutable storage with compliance features. Versioning must be enabled to use Object Lock.
3. NAT Gateway is fully managed and preferred over NAT Instance for operational efficiency. NAT resources must be in public subnets to provide internet access to private subnets.
4. Eliminate options that don't meet the core requirements. Look for solutions that are over-engineered, under-powered, or miss key constraints mentioned in the question.
5. Apply the Cost Optimization pillar: right-size resources, use appropriate pricing models (on-demand vs reserved vs spot), and eliminate waste."
593,594,TMC,"1. Focus on the key requirements: performance optimization. Always choose solutions that directly address these specific needs.
2. Eliminate options that don't meet the core requirements. Look for solutions that are over-engineered, under-powered, or miss key constraints mentioned in the question.
3. This tests high-performing architecture design. Focus on scalability, performance optimization, and right-sizing resources."
594,595,TMC,"1. Focus on the key requirements: security. Always choose solutions that directly address these specific needs.
2. Eliminate options that don't meet the core requirements. Look for solutions that are over-engineered, under-powered, or miss key constraints mentioned in the question.
3. This tests secure architecture design. Focus on defense in depth, least privilege, and data protection."
595,596,TMC,"1. S3 Object Lock provides immutable storage with compliance features. Versioning must be enabled to use Object Lock.
2. Eliminate options that don't meet the core requirements. Look for solutions that are over-engineered, under-powered, or miss key constraints mentioned in the question.
3. This tests high-performing architecture design. Focus on scalability, performance optimization, and right-sizing resources."
596,597,TMC,"1. Focus on the key requirements: security. Always choose solutions that directly address these specific needs.
2. Eliminate options that don't meet the core requirements. Look for solutions that are over-engineered, under-powered, or miss key constraints mentioned in the question.
3. This tests secure architecture design. Focus on defense in depth, least privilege, and data protection."
597,598,TMC,"1. Focus on the key requirements: scalability. Always choose solutions that directly address these specific needs.
2. Remember Lambda's 15-minute execution limit. For longer-running tasks, consider ECS Fargate or EC2.
3. S3 Object Lock provides immutable storage with compliance features. Versioning must be enabled to use Object Lock.
4. Eliminate options that don't meet the core requirements. Look for solutions that are over-engineered, under-powered, or miss key constraints mentioned in the question.
5. This tests high-performing architecture design. Focus on scalability, performance optimization, and right-sizing resources."
598,599,TMC,"1. Focus on the key requirements: high availability. Always choose solutions that directly address these specific needs.
2. Eliminate options that don't meet the core requirements. Look for solutions that are over-engineered, under-powered, or miss key constraints mentioned in the question.
3. This tests resilient architecture design. Focus on fault tolerance, disaster recovery, and high availability patterns."
599,600,TMC,"1. S3 Object Lock provides immutable storage with compliance features. Versioning must be enabled to use Object Lock.
2. Eliminate options that don't meet the core requirements. Look for solutions that are over-engineered, under-powered, or miss key constraints mentioned in the question.
3. This tests secure architecture design. Focus on defense in depth, least privilege, and data protection."
600,601,TMCMA,"1. Remember Lambda's 15-minute execution limit. For longer-running tasks, consider ECS Fargate or EC2.
2. Eliminate options that don't meet the core requirements. Look for solutions that are over-engineered, under-powered, or miss key constraints mentioned in the question.
3. Apply the Reliability pillar: design for failure, use multiple AZs, implement automated recovery, and choose managed services when possible.
4. This tests resilient architecture design. Focus on fault tolerance, disaster recovery, and high availability patterns."
601,602,TMC,"1. Eliminate options that don't meet the core requirements. Look for solutions that are over-engineered, under-powered, or miss key constraints mentioned in the question.
2. This tests high-performing architecture design. Focus on scalability, performance optimization, and right-sizing resources.
3. Read the question carefully and identify all requirements before evaluating options.
4. Managed services are generally preferred over self-managed solutions for operational efficiency.
5. Consider the trade-offs between cost, performance, and operational complexity when choosing between options."
602,603,TMC,"1. Remember Lambda's 15-minute execution limit. For longer-running tasks, consider ECS Fargate or EC2.
2. Eliminate options that don't meet the core requirements. Look for solutions that are over-engineered, under-powered, or miss key constraints mentioned in the question.
3. This tests high-performing architecture design. Focus on scalability, performance optimization, and right-sizing resources."
603,604,TMC,"1. Focus on the key requirements: scalability. Always choose solutions that directly address these specific needs.
2. Eliminate options that don't meet the core requirements. Look for solutions that are over-engineered, under-powered, or miss key constraints mentioned in the question.
3. This tests high-performing architecture design. Focus on scalability, performance optimization, and right-sizing resources."
604,605,TMC,"1. Eliminate options that don't meet the core requirements. Look for solutions that are over-engineered, under-powered, or miss key constraints mentioned in the question.
2. Apply the Cost Optimization pillar: right-size resources, use appropriate pricing models (on-demand vs reserved vs spot), and eliminate waste.
3. This tests cost-optimized architecture design. Focus on resource optimization, pricing models, and cost monitoring."
605,606,TMC,"1. Eliminate options that don't meet the core requirements. Look for solutions that are over-engineered, under-powered, or miss key constraints mentioned in the question.
2. This tests resilient architecture design. Focus on fault tolerance, disaster recovery, and high availability patterns.
3. Read the question carefully and identify all requirements before evaluating options.
4. Managed services are generally preferred over self-managed solutions for operational efficiency.
5. Consider the trade-offs between cost, performance, and operational complexity when choosing between options."
606,607,TMC,"1. S3 Object Lock provides immutable storage with compliance features. Versioning must be enabled to use Object Lock.
2. Eliminate options that don't meet the core requirements. Look for solutions that are over-engineered, under-powered, or miss key constraints mentioned in the question.
3. This tests cost-optimized architecture design. Focus on resource optimization, pricing models, and cost monitoring."
607,608,TMC,"1. Focus on the key requirements: performance optimization. Always choose solutions that directly address these specific needs.
2. DynamoDB on-demand provides instant scaling without capacity planning, while provisioned capacity requires pre-planning but can be more cost-effective for predictable workloads.
3. Eliminate options that don't meet the core requirements. Look for solutions that are over-engineered, under-powered, or miss key constraints mentioned in the question.
4. Apply the Cost Optimization pillar: right-size resources, use appropriate pricing models (on-demand vs reserved vs spot), and eliminate waste.
5. This tests high-performing architecture design. Focus on scalability, performance optimization, and right-sizing resources."
608,609,TMC,"1. Focus on the key requirements: high availability, performance optimization. Always choose solutions that directly address these specific needs.
2. DynamoDB on-demand provides instant scaling without capacity planning, while provisioned capacity requires pre-planning but can be more cost-effective for predictable workloads.
3. S3 Object Lock provides immutable storage with compliance features. Versioning must be enabled to use Object Lock.
4. Eliminate options that don't meet the core requirements. Look for solutions that are over-engineered, under-powered, or miss key constraints mentioned in the question.
5. Apply the Reliability pillar: design for failure, use multiple AZs, implement automated recovery, and choose managed services when possible."
609,610,TMCMA,"1. Focus on the key requirements: scalability. Always choose solutions that directly address these specific needs.
2. Remember Lambda's 15-minute execution limit. For longer-running tasks, consider ECS Fargate or EC2.
3. Eliminate options that don't meet the core requirements. Look for solutions that are over-engineered, under-powered, or miss key constraints mentioned in the question.
4. This tests high-performing architecture design. Focus on scalability, performance optimization, and right-sizing resources."
610,611,TMC,"1. Focus on the key requirements: high availability. Always choose solutions that directly address these specific needs.
2. Spot Instances can be interrupted with 2-minute notice. Never use for stateful or critical workloads that cannot tolerate interruptions.
3. Eliminate options that don't meet the core requirements. Look for solutions that are over-engineered, under-powered, or miss key constraints mentioned in the question.
4. Apply the Cost Optimization pillar: right-size resources, use appropriate pricing models (on-demand vs reserved vs spot), and eliminate waste.
5. This tests cost-optimized architecture design. Focus on resource optimization, pricing models, and cost monitoring."
611,612,TMC,"1. Remember Lambda's 15-minute execution limit. For longer-running tasks, consider ECS Fargate or EC2.
2. S3 Object Lock provides immutable storage with compliance features. Versioning must be enabled to use Object Lock.
3. Eliminate options that don't meet the core requirements. Look for solutions that are over-engineered, under-powered, or miss key constraints mentioned in the question.
4. Apply the Cost Optimization pillar: right-size resources, use appropriate pricing models (on-demand vs reserved vs spot), and eliminate waste.
5. This tests cost-optimized architecture design. Focus on resource optimization, pricing models, and cost monitoring."
612,613,TMC,"1. S3 Object Lock provides immutable storage with compliance features. Versioning must be enabled to use Object Lock.
2. Spot Instances can be interrupted with 2-minute notice. Never use for stateful or critical workloads that cannot tolerate interruptions.
3. Eliminate options that don't meet the core requirements. Look for solutions that are over-engineered, under-powered, or miss key constraints mentioned in the question.
4. Apply the Cost Optimization pillar: right-size resources, use appropriate pricing models (on-demand vs reserved vs spot), and eliminate waste.
5. This tests cost-optimized architecture design. Focus on resource optimization, pricing models, and cost monitoring."
613,614,TMC,"1. Focus on the key requirements: performance optimization. Always choose solutions that directly address these specific needs.
2. S3 Object Lock provides immutable storage with compliance features. Versioning must be enabled to use Object Lock.
3. Eliminate options that don't meet the core requirements. Look for solutions that are over-engineered, under-powered, or miss key constraints mentioned in the question.
4. This tests high-performing architecture design. Focus on scalability, performance optimization, and right-sizing resources."
614,615,TMC,"1. Focus on the key requirements: performance optimization. Always choose solutions that directly address these specific needs.
2. S3 Object Lock provides immutable storage with compliance features. Versioning must be enabled to use Object Lock.
3. Eliminate options that don't meet the core requirements. Look for solutions that are over-engineered, under-powered, or miss key constraints mentioned in the question.
4. This tests high-performing architecture design. Focus on scalability, performance optimization, and right-sizing resources."
615,616,TMC,"1. Remember Lambda's 15-minute execution limit. For longer-running tasks, consider ECS Fargate or EC2.
2. S3 Object Lock provides immutable storage with compliance features. Versioning must be enabled to use Object Lock.
3. Eliminate options that don't meet the core requirements. Look for solutions that are over-engineered, under-powered, or miss key constraints mentioned in the question.
4. Apply the Cost Optimization pillar: right-size resources, use appropriate pricing models (on-demand vs reserved vs spot), and eliminate waste.
5. This tests cost-optimized architecture design. Focus on resource optimization, pricing models, and cost monitoring."
616,617,TMC,"1. Focus on the key requirements: high availability. Always choose solutions that directly address these specific needs.
2. Remember Lambda's 15-minute execution limit. For longer-running tasks, consider ECS Fargate or EC2.
3. DynamoDB on-demand provides instant scaling without capacity planning, while provisioned capacity requires pre-planning but can be more cost-effective for predictable workloads.
4. S3 Object Lock provides immutable storage with compliance features. Versioning must be enabled to use Object Lock.
5. Eliminate options that don't meet the core requirements. Look for solutions that are over-engineered, under-powered, or miss key constraints mentioned in the question."
617,618,TMC,"1. Focus on the key requirements: cost optimization, security. Always choose solutions that directly address these specific needs.
2. Eliminate options that don't meet the core requirements. Look for solutions that are over-engineered, under-powered, or miss key constraints mentioned in the question.
3. Apply the Cost Optimization pillar: right-size resources, use appropriate pricing models (on-demand vs reserved vs spot), and eliminate waste.
4. This tests secure architecture design. Focus on defense in depth, least privilege, and data protection."
618,619,TMC,"1. S3 Object Lock provides immutable storage with compliance features. Versioning must be enabled to use Object Lock.
2. Eliminate options that don't meet the core requirements. Look for solutions that are over-engineered, under-powered, or miss key constraints mentioned in the question.
3. This tests high-performing architecture design. Focus on scalability, performance optimization, and right-sizing resources."
619,620,TMC,"1. S3 Object Lock provides immutable storage with compliance features. Versioning must be enabled to use Object Lock.
2. Eliminate options that don't meet the core requirements. Look for solutions that are over-engineered, under-powered, or miss key constraints mentioned in the question.
3. This tests secure architecture design. Focus on defense in depth, least privilege, and data protection."
620,621,TMC,"1. Eliminate options that don't meet the core requirements. Look for solutions that are over-engineered, under-powered, or miss key constraints mentioned in the question.
2. This tests secure architecture design. Focus on defense in depth, least privilege, and data protection.
3. Read the question carefully and identify all requirements before evaluating options.
4. Managed services are generally preferred over self-managed solutions for operational efficiency.
5. Consider the trade-offs between cost, performance, and operational complexity when choosing between options."
621,622,TMC,"1. S3 Object Lock provides immutable storage with compliance features. Versioning must be enabled to use Object Lock.
2. Eliminate options that don't meet the core requirements. Look for solutions that are over-engineered, under-powered, or miss key constraints mentioned in the question.
3. This tests high-performing architecture design. Focus on scalability, performance optimization, and right-sizing resources."
622,623,TMC,"1. Focus on the key requirements: cost optimization. Always choose solutions that directly address these specific needs.
2. S3 Object Lock provides immutable storage with compliance features. Versioning must be enabled to use Object Lock.
3. Eliminate options that don't meet the core requirements. Look for solutions that are over-engineered, under-powered, or miss key constraints mentioned in the question.
4. Apply the Cost Optimization pillar: right-size resources, use appropriate pricing models (on-demand vs reserved vs spot), and eliminate waste.
5. This tests high-performing architecture design. Focus on scalability, performance optimization, and right-sizing resources."
623,624,TMC,"1. Remember Lambda's 15-minute execution limit. For longer-running tasks, consider ECS Fargate or EC2.
2. Eliminate options that don't meet the core requirements. Look for solutions that are over-engineered, under-powered, or miss key constraints mentioned in the question.
3. This tests cost-optimized architecture design. Focus on resource optimization, pricing models, and cost monitoring."
624,625,TMC,"1. Remember Lambda's 15-minute execution limit. For longer-running tasks, consider ECS Fargate or EC2.
2. S3 Object Lock provides immutable storage with compliance features. Versioning must be enabled to use Object Lock.
3. NAT Gateway is fully managed and preferred over NAT Instance for operational efficiency. NAT resources must be in public subnets to provide internet access to private subnets.
4. Eliminate options that don't meet the core requirements. Look for solutions that are over-engineered, under-powered, or miss key constraints mentioned in the question.
5. Apply the Reliability pillar: design for failure, use multiple AZs, implement automated recovery, and choose managed services when possible."
625,626,TMC,"1. NAT Gateway is fully managed and preferred over NAT Instance for operational efficiency. NAT resources must be in public subnets to provide internet access to private subnets.
2. Eliminate options that don't meet the core requirements. Look for solutions that are over-engineered, under-powered, or miss key constraints mentioned in the question.
3. This tests resilient architecture design. Focus on fault tolerance, disaster recovery, and high availability patterns."
626,627,TMC,"1. S3 Object Lock provides immutable storage with compliance features. Versioning must be enabled to use Object Lock.
2. Eliminate options that don't meet the core requirements. Look for solutions that are over-engineered, under-powered, or miss key constraints mentioned in the question.
3. This tests high-performing architecture design. Focus on scalability, performance optimization, and right-sizing resources."
627,628,TMC,"1. Focus on the key requirements: cost optimization. Always choose solutions that directly address these specific needs.
2. S3 Object Lock provides immutable storage with compliance features. Versioning must be enabled to use Object Lock.
3. Eliminate options that don't meet the core requirements. Look for solutions that are over-engineered, under-powered, or miss key constraints mentioned in the question.
4. Apply the Cost Optimization pillar: right-size resources, use appropriate pricing models (on-demand vs reserved vs spot), and eliminate waste.
5. This tests cost-optimized architecture design. Focus on resource optimization, pricing models, and cost monitoring."
628,629,TMC,"1. Eliminate options that don't meet the core requirements. Look for solutions that are over-engineered, under-powered, or miss key constraints mentioned in the question.
2. This tests high-performing architecture design. Focus on scalability, performance optimization, and right-sizing resources.
3. Read the question carefully and identify all requirements before evaluating options.
4. Managed services are generally preferred over self-managed solutions for operational efficiency.
5. Consider the trade-offs between cost, performance, and operational complexity when choosing between options."
629,630,TMC,"1. Focus on the key requirements: cost optimization. Always choose solutions that directly address these specific needs.
2. Eliminate options that don't meet the core requirements. Look for solutions that are over-engineered, under-powered, or miss key constraints mentioned in the question.
3. Apply the Reliability pillar: design for failure, use multiple AZs, implement automated recovery, and choose managed services when possible.
4. Apply the Cost Optimization pillar: right-size resources, use appropriate pricing models (on-demand vs reserved vs spot), and eliminate waste.
5. This tests resilient architecture design. Focus on fault tolerance, disaster recovery, and high availability patterns."
630,631,TMC,"1. Focus on the key requirements: scalability. Always choose solutions that directly address these specific needs.
2. Eliminate options that don't meet the core requirements. Look for solutions that are over-engineered, under-powered, or miss key constraints mentioned in the question.
3. Apply the Cost Optimization pillar: right-size resources, use appropriate pricing models (on-demand vs reserved vs spot), and eliminate waste.
4. This tests cost-optimized architecture design. Focus on resource optimization, pricing models, and cost monitoring."
631,632,TMCMA,"1. Focus on the key requirements: security. Always choose solutions that directly address these specific needs.
2. S3 Object Lock provides immutable storage with compliance features. Versioning must be enabled to use Object Lock.
3. NAT Gateway is fully managed and preferred over NAT Instance for operational efficiency. NAT resources must be in public subnets to provide internet access to private subnets.
4. Eliminate options that don't meet the core requirements. Look for solutions that are over-engineered, under-powered, or miss key constraints mentioned in the question.
5. This tests secure architecture design. Focus on defense in depth, least privilege, and data protection."
632,633,TMC,"1. Focus on the key requirements: security. Always choose solutions that directly address these specific needs.
2. Remember Lambda's 15-minute execution limit. For longer-running tasks, consider ECS Fargate or EC2.
3. S3 Object Lock provides immutable storage with compliance features. Versioning must be enabled to use Object Lock.
4. Eliminate options that don't meet the core requirements. Look for solutions that are over-engineered, under-powered, or miss key constraints mentioned in the question.
5. This tests secure architecture design. Focus on defense in depth, least privilege, and data protection."
633,634,TMC,"1. Eliminate options that don't meet the core requirements. Look for solutions that are over-engineered, under-powered, or miss key constraints mentioned in the question.
2. This tests resilient architecture design. Focus on fault tolerance, disaster recovery, and high availability patterns.
3. Read the question carefully and identify all requirements before evaluating options.
4. Managed services are generally preferred over self-managed solutions for operational efficiency.
5. Consider the trade-offs between cost, performance, and operational complexity when choosing between options."
634,635,TMC,"1. Remember Lambda's 15-minute execution limit. For longer-running tasks, consider ECS Fargate or EC2.
2. DynamoDB on-demand provides instant scaling without capacity planning, while provisioned capacity requires pre-planning but can be more cost-effective for predictable workloads.
3. Eliminate options that don't meet the core requirements. Look for solutions that are over-engineered, under-powered, or miss key constraints mentioned in the question.
4. Apply the Reliability pillar: design for failure, use multiple AZs, implement automated recovery, and choose managed services when possible.
5. This tests resilient architecture design. Focus on fault tolerance, disaster recovery, and high availability patterns."
635,636,TMC,"1. Focus on the key requirements: cost optimization. Always choose solutions that directly address these specific needs.
2. Remember Lambda's 15-minute execution limit. For longer-running tasks, consider ECS Fargate or EC2.
3. Eliminate options that don't meet the core requirements. Look for solutions that are over-engineered, under-powered, or miss key constraints mentioned in the question.
4. Apply the Cost Optimization pillar: right-size resources, use appropriate pricing models (on-demand vs reserved vs spot), and eliminate waste.
5. This tests cost-optimized architecture design. Focus on resource optimization, pricing models, and cost monitoring."
636,637,TMC,"1. Focus on the key requirements: cost optimization. Always choose solutions that directly address these specific needs.
2. S3 Object Lock provides immutable storage with compliance features. Versioning must be enabled to use Object Lock.
3. Eliminate options that don't meet the core requirements. Look for solutions that are over-engineered, under-powered, or miss key constraints mentioned in the question.
4. Apply the Cost Optimization pillar: right-size resources, use appropriate pricing models (on-demand vs reserved vs spot), and eliminate waste.
5. This tests high-performing architecture design. Focus on scalability, performance optimization, and right-sizing resources."
637,638,TMC,"1. Focus on the key requirements: security. Always choose solutions that directly address these specific needs.
2. Eliminate options that don't meet the core requirements. Look for solutions that are over-engineered, under-powered, or miss key constraints mentioned in the question.
3. This tests secure architecture design. Focus on defense in depth, least privilege, and data protection."
638,639,TMCMA,"1. Remember Lambda's 15-minute execution limit. For longer-running tasks, consider ECS Fargate or EC2.
2. Eliminate options that don't meet the core requirements. Look for solutions that are over-engineered, under-powered, or miss key constraints mentioned in the question.
3. This tests resilient architecture design. Focus on fault tolerance, disaster recovery, and high availability patterns."
639,640,TMC,"1. S3 Object Lock provides immutable storage with compliance features. Versioning must be enabled to use Object Lock.
2. Eliminate options that don't meet the core requirements. Look for solutions that are over-engineered, under-powered, or miss key constraints mentioned in the question.
3. This tests secure architecture design. Focus on defense in depth, least privilege, and data protection."
640,641,TMC,"1. Focus on the key requirements: scalability. Always choose solutions that directly address these specific needs.
2. Spot Instances can be interrupted with 2-minute notice. Never use for stateful or critical workloads that cannot tolerate interruptions.
3. Eliminate options that don't meet the core requirements. Look for solutions that are over-engineered, under-powered, or miss key constraints mentioned in the question.
4. Apply the Cost Optimization pillar: right-size resources, use appropriate pricing models (on-demand vs reserved vs spot), and eliminate waste.
5. This tests cost-optimized architecture design. Focus on resource optimization, pricing models, and cost monitoring."
641,642,TMC,"1. Remember Lambda's 15-minute execution limit. For longer-running tasks, consider ECS Fargate or EC2.
2. Eliminate options that don't meet the core requirements. Look for solutions that are over-engineered, under-powered, or miss key constraints mentioned in the question.
3. Apply the Cost Optimization pillar: right-size resources, use appropriate pricing models (on-demand vs reserved vs spot), and eliminate waste.
4. This tests cost-optimized architecture design. Focus on resource optimization, pricing models, and cost monitoring."
642,643,TMC,"1. Focus on the key requirements: performance optimization. Always choose solutions that directly address these specific needs.
2. DynamoDB on-demand provides instant scaling without capacity planning, while provisioned capacity requires pre-planning but can be more cost-effective for predictable workloads.
3. Eliminate options that don't meet the core requirements. Look for solutions that are over-engineered, under-powered, or miss key constraints mentioned in the question.
4. This tests high-performing architecture design. Focus on scalability, performance optimization, and right-sizing resources."
643,644,TMC,"1. Remember Lambda's 15-minute execution limit. For longer-running tasks, consider ECS Fargate or EC2.
2. Eliminate options that don't meet the core requirements. Look for solutions that are over-engineered, under-powered, or miss key constraints mentioned in the question.
3. This tests high-performing architecture design. Focus on scalability, performance optimization, and right-sizing resources."
644,645,TMC,"1. Focus on the key requirements: performance optimization. Always choose solutions that directly address these specific needs.
2. S3 Object Lock provides immutable storage with compliance features. Versioning must be enabled to use Object Lock.
3. Eliminate options that don't meet the core requirements. Look for solutions that are over-engineered, under-powered, or miss key constraints mentioned in the question.
4. This tests high-performing architecture design. Focus on scalability, performance optimization, and right-sizing resources."
645,646,TMC,"1. Eliminate options that don't meet the core requirements. Look for solutions that are over-engineered, under-powered, or miss key constraints mentioned in the question.
2. This tests high-performing architecture design. Focus on scalability, performance optimization, and right-sizing resources.
3. Read the question carefully and identify all requirements before evaluating options.
4. Managed services are generally preferred over self-managed solutions for operational efficiency.
5. Consider the trade-offs between cost, performance, and operational complexity when choosing between options."
646,647,TMC,"1. Focus on the key requirements: security. Always choose solutions that directly address these specific needs.
2. Remember Lambda's 15-minute execution limit. For longer-running tasks, consider ECS Fargate or EC2.
3. S3 Object Lock provides immutable storage with compliance features. Versioning must be enabled to use Object Lock.
4. Eliminate options that don't meet the core requirements. Look for solutions that are over-engineered, under-powered, or miss key constraints mentioned in the question.
5. This tests secure architecture design. Focus on defense in depth, least privilege, and data protection."
647,648,TMC,"1. Focus on the key requirements: cost optimization. Always choose solutions that directly address these specific needs.
2. S3 Object Lock provides immutable storage with compliance features. Versioning must be enabled to use Object Lock.
3. Eliminate options that don't meet the core requirements. Look for solutions that are over-engineered, under-powered, or miss key constraints mentioned in the question.
4. Apply the Cost Optimization pillar: right-size resources, use appropriate pricing models (on-demand vs reserved vs spot), and eliminate waste.
5. This tests high-performing architecture design. Focus on scalability, performance optimization, and right-sizing resources."
648,649,TMC,"1. S3 Object Lock provides immutable storage with compliance features. Versioning must be enabled to use Object Lock.
2. Eliminate options that don't meet the core requirements. Look for solutions that are over-engineered, under-powered, or miss key constraints mentioned in the question.
3. This tests high-performing architecture design. Focus on scalability, performance optimization, and right-sizing resources."
649,650,TMC,"1. S3 Object Lock provides immutable storage with compliance features. Versioning must be enabled to use Object Lock.
2. Eliminate options that don't meet the core requirements. Look for solutions that are over-engineered, under-powered, or miss key constraints mentioned in the question.
3. This tests secure architecture design. Focus on defense in depth, least privilege, and data protection."
650,651,TMC,"1. Focus on the key requirements: scalability. Always choose solutions that directly address these specific needs.
2. Remember Lambda's 15-minute execution limit. For longer-running tasks, consider ECS Fargate or EC2.
3. Eliminate options that don't meet the core requirements. Look for solutions that are over-engineered, under-powered, or miss key constraints mentioned in the question.
4. Apply the Cost Optimization pillar: right-size resources, use appropriate pricing models (on-demand vs reserved vs spot), and eliminate waste.
5. This tests cost-optimized architecture design. Focus on resource optimization, pricing models, and cost monitoring."
651,652,TMC,"1. Remember Lambda's 15-minute execution limit. For longer-running tasks, consider ECS Fargate or EC2.
2. Eliminate options that don't meet the core requirements. Look for solutions that are over-engineered, under-powered, or miss key constraints mentioned in the question.
3. Apply the Cost Optimization pillar: right-size resources, use appropriate pricing models (on-demand vs reserved vs spot), and eliminate waste.
4. This tests cost-optimized architecture design. Focus on resource optimization, pricing models, and cost monitoring."
652,653,TMC,"1. Focus on the key requirements: cost optimization, high availability. Always choose solutions that directly address these specific needs.
2. Eliminate options that don't meet the core requirements. Look for solutions that are over-engineered, under-powered, or miss key constraints mentioned in the question.
3. Apply the Cost Optimization pillar: right-size resources, use appropriate pricing models (on-demand vs reserved vs spot), and eliminate waste.
4. This tests high-performing architecture design. Focus on scalability, performance optimization, and right-sizing resources."
653,654,TMC,"1. Remember Lambda's 15-minute execution limit. For longer-running tasks, consider ECS Fargate or EC2.
2. Eliminate options that don't meet the core requirements. Look for solutions that are over-engineered, under-powered, or miss key constraints mentioned in the question.
3. Apply the Cost Optimization pillar: right-size resources, use appropriate pricing models (on-demand vs reserved vs spot), and eliminate waste.
4. This tests cost-optimized architecture design. Focus on resource optimization, pricing models, and cost monitoring."
654,655,TMC,"1. Eliminate options that don't meet the core requirements. Look for solutions that are over-engineered, under-powered, or miss key constraints mentioned in the question.
2. This tests high-performing architecture design. Focus on scalability, performance optimization, and right-sizing resources.
3. Read the question carefully and identify all requirements before evaluating options.
4. Managed services are generally preferred over self-managed solutions for operational efficiency.
5. Consider the trade-offs between cost, performance, and operational complexity when choosing between options."
655,656,TMC,"1. Focus on the key requirements: cost optimization. Always choose solutions that directly address these specific needs.
2. Remember Lambda's 15-minute execution limit. For longer-running tasks, consider ECS Fargate or EC2.
3. Eliminate options that don't meet the core requirements. Look for solutions that are over-engineered, under-powered, or miss key constraints mentioned in the question.
4. Apply the Cost Optimization pillar: right-size resources, use appropriate pricing models (on-demand vs reserved vs spot), and eliminate waste.
5. This tests high-performing architecture design. Focus on scalability, performance optimization, and right-sizing resources."
656,657,TMC,"1. Eliminate options that don't meet the core requirements. Look for solutions that are over-engineered, under-powered, or miss key constraints mentioned in the question.
2. This tests cost-optimized architecture design. Focus on resource optimization, pricing models, and cost monitoring.
3. Read the question carefully and identify all requirements before evaluating options.
4. Managed services are generally preferred over self-managed solutions for operational efficiency.
5. Consider the trade-offs between cost, performance, and operational complexity when choosing between options."
657,658,TMC,"1. Focus on the key requirements: security, performance optimization. Always choose solutions that directly address these specific needs.
2. Eliminate options that don't meet the core requirements. Look for solutions that are over-engineered, under-powered, or miss key constraints mentioned in the question.
3. This tests secure architecture design. Focus on defense in depth, least privilege, and data protection."
658,659,TMC,"1. S3 Object Lock provides immutable storage with compliance features. Versioning must be enabled to use Object Lock.
2. NAT Gateway is fully managed and preferred over NAT Instance for operational efficiency. NAT resources must be in public subnets to provide internet access to private subnets.
3. Eliminate options that don't meet the core requirements. Look for solutions that are over-engineered, under-powered, or miss key constraints mentioned in the question.
4. Apply the Cost Optimization pillar: right-size resources, use appropriate pricing models (on-demand vs reserved vs spot), and eliminate waste.
5. This tests secure architecture design. Focus on defense in depth, least privilege, and data protection."
659,660,TMC,"1. Focus on the key requirements: security, performance optimization. Always choose solutions that directly address these specific needs.
2. Eliminate options that don't meet the core requirements. Look for solutions that are over-engineered, under-powered, or miss key constraints mentioned in the question.
3. This tests high-performing architecture design. Focus on scalability, performance optimization, and right-sizing resources."
660,661,TMC,"1. Remember Lambda's 15-minute execution limit. For longer-running tasks, consider ECS Fargate or EC2.
2. S3 Object Lock provides immutable storage with compliance features. Versioning must be enabled to use Object Lock.
3. Eliminate options that don't meet the core requirements. Look for solutions that are over-engineered, under-powered, or miss key constraints mentioned in the question.
4. This tests high-performing architecture design. Focus on scalability, performance optimization, and right-sizing resources."
661,662,TMC,"1. Focus on the key requirements: cost optimization. Always choose solutions that directly address these specific needs.
2. Eliminate options that don't meet the core requirements. Look for solutions that are over-engineered, under-powered, or miss key constraints mentioned in the question.
3. Apply the Cost Optimization pillar: right-size resources, use appropriate pricing models (on-demand vs reserved vs spot), and eliminate waste.
4. This tests high-performing architecture design. Focus on scalability, performance optimization, and right-sizing resources."
662,663,TMCMA,"1. DynamoDB on-demand provides instant scaling without capacity planning, while provisioned capacity requires pre-planning but can be more cost-effective for predictable workloads.
2. Eliminate options that don't meet the core requirements. Look for solutions that are over-engineered, under-powered, or miss key constraints mentioned in the question.
3. This tests high-performing architecture design. Focus on scalability, performance optimization, and right-sizing resources."
663,664,TMC,"1. Eliminate options that don't meet the core requirements. Look for solutions that are over-engineered, under-powered, or miss key constraints mentioned in the question.
2. This tests secure architecture design. Focus on defense in depth, least privilege, and data protection.
3. Read the question carefully and identify all requirements before evaluating options.
4. Managed services are generally preferred over self-managed solutions for operational efficiency.
5. Consider the trade-offs between cost, performance, and operational complexity when choosing between options."
664,665,TMC,"1. S3 Object Lock provides immutable storage with compliance features. Versioning must be enabled to use Object Lock.
2. Eliminate options that don't meet the core requirements. Look for solutions that are over-engineered, under-powered, or miss key constraints mentioned in the question.
3. This tests secure architecture design. Focus on defense in depth, least privilege, and data protection."
665,666,TMC,"1. Remember Lambda's 15-minute execution limit. For longer-running tasks, consider ECS Fargate or EC2.
2. DynamoDB on-demand provides instant scaling without capacity planning, while provisioned capacity requires pre-planning but can be more cost-effective for predictable workloads.
3. S3 Object Lock provides immutable storage with compliance features. Versioning must be enabled to use Object Lock.
4. Eliminate options that don't meet the core requirements. Look for solutions that are over-engineered, under-powered, or miss key constraints mentioned in the question.
5. This tests cost-optimized architecture design. Focus on resource optimization, pricing models, and cost monitoring."
666,667,TMC,"1. Focus on the key requirements: security. Always choose solutions that directly address these specific needs.
2. Eliminate options that don't meet the core requirements. Look for solutions that are over-engineered, under-powered, or miss key constraints mentioned in the question.
3. This tests secure architecture design. Focus on defense in depth, least privilege, and data protection."
667,668,TMC,"1. S3 Object Lock provides immutable storage with compliance features. Versioning must be enabled to use Object Lock.
2. Eliminate options that don't meet the core requirements. Look for solutions that are over-engineered, under-powered, or miss key constraints mentioned in the question.
3. This tests secure architecture design. Focus on defense in depth, least privilege, and data protection."
668,669,TMC,"1. S3 Object Lock provides immutable storage with compliance features. Versioning must be enabled to use Object Lock.
2. Eliminate options that don't meet the core requirements. Look for solutions that are over-engineered, under-powered, or miss key constraints mentioned in the question.
3. Apply the Cost Optimization pillar: right-size resources, use appropriate pricing models (on-demand vs reserved vs spot), and eliminate waste.
4. This tests cost-optimized architecture design. Focus on resource optimization, pricing models, and cost monitoring."
669,670,TMC,"1. S3 Object Lock provides immutable storage with compliance features. Versioning must be enabled to use Object Lock.
2. Eliminate options that don't meet the core requirements. Look for solutions that are over-engineered, under-powered, or miss key constraints mentioned in the question.
3. This tests secure architecture design. Focus on defense in depth, least privilege, and data protection."
670,671,TMC,"1. Remember Lambda's 15-minute execution limit. For longer-running tasks, consider ECS Fargate or EC2.
2. S3 Object Lock provides immutable storage with compliance features. Versioning must be enabled to use Object Lock.
3. Eliminate options that don't meet the core requirements. Look for solutions that are over-engineered, under-powered, or miss key constraints mentioned in the question.
4. This tests secure architecture design. Focus on defense in depth, least privilege, and data protection."
671,672,TMC,"1. Spot Instances can be interrupted with 2-minute notice. Never use for stateful or critical workloads that cannot tolerate interruptions.
2. Eliminate options that don't meet the core requirements. Look for solutions that are over-engineered, under-powered, or miss key constraints mentioned in the question.
3. Apply the Cost Optimization pillar: right-size resources, use appropriate pricing models (on-demand vs reserved vs spot), and eliminate waste.
4. This tests cost-optimized architecture design. Focus on resource optimization, pricing models, and cost monitoring."
672,673,TMC,"1. Eliminate options that don't meet the core requirements. Look for solutions that are over-engineered, under-powered, or miss key constraints mentioned in the question.
2. This tests secure architecture design. Focus on defense in depth, least privilege, and data protection.
3. Read the question carefully and identify all requirements before evaluating options.
4. Managed services are generally preferred over self-managed solutions for operational efficiency.
5. Consider the trade-offs between cost, performance, and operational complexity when choosing between options."
673,674,TMC,"1. S3 Object Lock provides immutable storage with compliance features. Versioning must be enabled to use Object Lock.
2. Eliminate options that don't meet the core requirements. Look for solutions that are over-engineered, under-powered, or miss key constraints mentioned in the question.
3. This tests high-performing architecture design. Focus on scalability, performance optimization, and right-sizing resources."
674,675,TMC,"1. S3 Object Lock provides immutable storage with compliance features. Versioning must be enabled to use Object Lock.
2. Eliminate options that don't meet the core requirements. Look for solutions that are over-engineered, under-powered, or miss key constraints mentioned in the question.
3. This tests high-performing architecture design. Focus on scalability, performance optimization, and right-sizing resources."
675,676,TMC,"1. Eliminate options that don't meet the core requirements. Look for solutions that are over-engineered, under-powered, or miss key constraints mentioned in the question.
2. This tests secure architecture design. Focus on defense in depth, least privilege, and data protection.
3. Read the question carefully and identify all requirements before evaluating options.
4. Managed services are generally preferred over self-managed solutions for operational efficiency.
5. Consider the trade-offs between cost, performance, and operational complexity when choosing between options."
676,677,TMC,"1. Focus on the key requirements: performance optimization. Always choose solutions that directly address these specific needs.
2. Eliminate options that don't meet the core requirements. Look for solutions that are over-engineered, under-powered, or miss key constraints mentioned in the question.
3. This tests high-performing architecture design. Focus on scalability, performance optimization, and right-sizing resources."
677,678,TMC,"1. Eliminate options that don't meet the core requirements. Look for solutions that are over-engineered, under-powered, or miss key constraints mentioned in the question.
2. Apply the Reliability pillar: design for failure, use multiple AZs, implement automated recovery, and choose managed services when possible.
3. This tests resilient architecture design. Focus on fault tolerance, disaster recovery, and high availability patterns."
678,679,TMC,"1. Focus on the key requirements: performance optimization. Always choose solutions that directly address these specific needs.
2. S3 Object Lock provides immutable storage with compliance features. Versioning must be enabled to use Object Lock.
3. Eliminate options that don't meet the core requirements. Look for solutions that are over-engineered, under-powered, or miss key constraints mentioned in the question.
4. This tests high-performing architecture design. Focus on scalability, performance optimization, and right-sizing resources."
679,680,TMC,"1. Remember Lambda's 15-minute execution limit. For longer-running tasks, consider ECS Fargate or EC2.
2. Eliminate options that don't meet the core requirements. Look for solutions that are over-engineered, under-powered, or miss key constraints mentioned in the question.
3. This tests secure architecture design. Focus on defense in depth, least privilege, and data protection."
680,681,TMC,"1. Eliminate options that don't meet the core requirements. Look for solutions that are over-engineered, under-powered, or miss key constraints mentioned in the question.
2. This tests resilient architecture design. Focus on fault tolerance, disaster recovery, and high availability patterns.
3. Read the question carefully and identify all requirements before evaluating options.
4. Managed services are generally preferred over self-managed solutions for operational efficiency.
5. Consider the trade-offs between cost, performance, and operational complexity when choosing between options."
681,682,TMC,"1. Remember Lambda's 15-minute execution limit. For longer-running tasks, consider ECS Fargate or EC2.
2. DynamoDB on-demand provides instant scaling without capacity planning, while provisioned capacity requires pre-planning but can be more cost-effective for predictable workloads.
3. S3 Object Lock provides immutable storage with compliance features. Versioning must be enabled to use Object Lock.
4. Eliminate options that don't meet the core requirements. Look for solutions that are over-engineered, under-powered, or miss key constraints mentioned in the question.
5. This tests high-performing architecture design. Focus on scalability, performance optimization, and right-sizing resources."
682,683,TMC,"1. Focus on the key requirements: performance optimization. Always choose solutions that directly address these specific needs.
2. Remember Lambda's 15-minute execution limit. For longer-running tasks, consider ECS Fargate or EC2.
3. DynamoDB on-demand provides instant scaling without capacity planning, while provisioned capacity requires pre-planning but can be more cost-effective for predictable workloads.
4. Eliminate options that don't meet the core requirements. Look for solutions that are over-engineered, under-powered, or miss key constraints mentioned in the question.
5. This tests high-performing architecture design. Focus on scalability, performance optimization, and right-sizing resources."
683,684,TMC,"1. DynamoDB on-demand provides instant scaling without capacity planning, while provisioned capacity requires pre-planning but can be more cost-effective for predictable workloads.
2. S3 Object Lock provides immutable storage with compliance features. Versioning must be enabled to use Object Lock.
3. Eliminate options that don't meet the core requirements. Look for solutions that are over-engineered, under-powered, or miss key constraints mentioned in the question.
4. Apply the Cost Optimization pillar: right-size resources, use appropriate pricing models (on-demand vs reserved vs spot), and eliminate waste.
5. This tests cost-optimized architecture design. Focus on resource optimization, pricing models, and cost monitoring."
684,685,TMC,"1. S3 Object Lock provides immutable storage with compliance features. Versioning must be enabled to use Object Lock.
2. Eliminate options that don't meet the core requirements. Look for solutions that are over-engineered, under-powered, or miss key constraints mentioned in the question.
3. This tests high-performing architecture design. Focus on scalability, performance optimization, and right-sizing resources."
685,686,TMC,"1. Remember Lambda's 15-minute execution limit. For longer-running tasks, consider ECS Fargate or EC2.
2. S3 Object Lock provides immutable storage with compliance features. Versioning must be enabled to use Object Lock.
3. Eliminate options that don't meet the core requirements. Look for solutions that are over-engineered, under-powered, or miss key constraints mentioned in the question.
4. This tests resilient architecture design. Focus on fault tolerance, disaster recovery, and high availability patterns."
686,687,TMC,"1. Focus on the key requirements: performance optimization. Always choose solutions that directly address these specific needs.
2. Eliminate options that don't meet the core requirements. Look for solutions that are over-engineered, under-powered, or miss key constraints mentioned in the question.
3. Apply the Cost Optimization pillar: right-size resources, use appropriate pricing models (on-demand vs reserved vs spot), and eliminate waste.
4. This tests cost-optimized architecture design. Focus on resource optimization, pricing models, and cost monitoring."
687,688,TMC,"1. Eliminate options that don't meet the core requirements. Look for solutions that are over-engineered, under-powered, or miss key constraints mentioned in the question.
2. This tests secure architecture design. Focus on defense in depth, least privilege, and data protection.
3. Read the question carefully and identify all requirements before evaluating options.
4. Managed services are generally preferred over self-managed solutions for operational efficiency.
5. Consider the trade-offs between cost, performance, and operational complexity when choosing between options."
688,689,TMC,"1. DynamoDB on-demand provides instant scaling without capacity planning, while provisioned capacity requires pre-planning but can be more cost-effective for predictable workloads.
2. S3 Object Lock provides immutable storage with compliance features. Versioning must be enabled to use Object Lock.
3. Eliminate options that don't meet the core requirements. Look for solutions that are over-engineered, under-powered, or miss key constraints mentioned in the question.
4. This tests resilient architecture design. Focus on fault tolerance, disaster recovery, and high availability patterns."
689,690,TMC,"1. Focus on the key requirements: security. Always choose solutions that directly address these specific needs.
2. DynamoDB on-demand provides instant scaling without capacity planning, while provisioned capacity requires pre-planning but can be more cost-effective for predictable workloads.
3. S3 Object Lock provides immutable storage with compliance features. Versioning must be enabled to use Object Lock.
4. Eliminate options that don't meet the core requirements. Look for solutions that are over-engineered, under-powered, or miss key constraints mentioned in the question.
5. This tests secure architecture design. Focus on defense in depth, least privilege, and data protection."
690,691,TMC,"1. S3 Object Lock provides immutable storage with compliance features. Versioning must be enabled to use Object Lock.
2. Eliminate options that don't meet the core requirements. Look for solutions that are over-engineered, under-powered, or miss key constraints mentioned in the question.
3. Apply the Reliability pillar: design for failure, use multiple AZs, implement automated recovery, and choose managed services when possible.
4. Apply the Cost Optimization pillar: right-size resources, use appropriate pricing models (on-demand vs reserved vs spot), and eliminate waste.
5. This tests cost-optimized architecture design. Focus on resource optimization, pricing models, and cost monitoring."
691,692,TMC,"1. Remember Lambda's 15-minute execution limit. For longer-running tasks, consider ECS Fargate or EC2.
2. Eliminate options that don't meet the core requirements. Look for solutions that are over-engineered, under-powered, or miss key constraints mentioned in the question.
3. Apply the Cost Optimization pillar: right-size resources, use appropriate pricing models (on-demand vs reserved vs spot), and eliminate waste.
4. This tests cost-optimized architecture design. Focus on resource optimization, pricing models, and cost monitoring."
692,693,TMC,"1. Remember Lambda's 15-minute execution limit. For longer-running tasks, consider ECS Fargate or EC2.
2. Eliminate options that don't meet the core requirements. Look for solutions that are over-engineered, under-powered, or miss key constraints mentioned in the question.
3. This tests secure architecture design. Focus on defense in depth, least privilege, and data protection."
693,694,TMC,"1. S3 Object Lock provides immutable storage with compliance features. Versioning must be enabled to use Object Lock.
2. Eliminate options that don't meet the core requirements. Look for solutions that are over-engineered, under-powered, or miss key constraints mentioned in the question.
3. This tests secure architecture design. Focus on defense in depth, least privilege, and data protection."
694,695,TMC,"1. S3 Object Lock provides immutable storage with compliance features. Versioning must be enabled to use Object Lock.
2. Eliminate options that don't meet the core requirements. Look for solutions that are over-engineered, under-powered, or miss key constraints mentioned in the question.
3. This tests secure architecture design. Focus on defense in depth, least privilege, and data protection."
695,696,TMC,"1. Eliminate options that don't meet the core requirements. Look for solutions that are over-engineered, under-powered, or miss key constraints mentioned in the question.
2. Apply the Reliability pillar: design for failure, use multiple AZs, implement automated recovery, and choose managed services when possible.
3. This tests resilient architecture design. Focus on fault tolerance, disaster recovery, and high availability patterns."
696,697,TMC,"1. Focus on the key requirements: performance optimization. Always choose solutions that directly address these specific needs.
2. Remember Lambda's 15-minute execution limit. For longer-running tasks, consider ECS Fargate or EC2.
3. Eliminate options that don't meet the core requirements. Look for solutions that are over-engineered, under-powered, or miss key constraints mentioned in the question.
4. This tests high-performing architecture design. Focus on scalability, performance optimization, and right-sizing resources."
697,698,TMC,"1. Focus on the key requirements: high availability, performance optimization. Always choose solutions that directly address these specific needs.
2. Eliminate options that don't meet the core requirements. Look for solutions that are over-engineered, under-powered, or miss key constraints mentioned in the question.
3. This tests resilient architecture design. Focus on fault tolerance, disaster recovery, and high availability patterns."
698,699,TMC,"1. Focus on the key requirements: scalability. Always choose solutions that directly address these specific needs.
2. Remember Lambda's 15-minute execution limit. For longer-running tasks, consider ECS Fargate or EC2.
3. Eliminate options that don't meet the core requirements. Look for solutions that are over-engineered, under-powered, or miss key constraints mentioned in the question.
4. Apply the Cost Optimization pillar: right-size resources, use appropriate pricing models (on-demand vs reserved vs spot), and eliminate waste.
5. This tests high-performing architecture design. Focus on scalability, performance optimization, and right-sizing resources."
699,700,TMC,"1. Focus on the key requirements: scalability. Always choose solutions that directly address these specific needs.
2. Remember Lambda's 15-minute execution limit. For longer-running tasks, consider ECS Fargate or EC2.
3. DynamoDB on-demand provides instant scaling without capacity planning, while provisioned capacity requires pre-planning but can be more cost-effective for predictable workloads.
4. S3 Object Lock provides immutable storage with compliance features. Versioning must be enabled to use Object Lock.
5. Eliminate options that don't meet the core requirements. Look for solutions that are over-engineered, under-powered, or miss key constraints mentioned in the question."
700,701,TMC,"1. Eliminate options that don't meet the core requirements. Look for solutions that are over-engineered, under-powered, or miss key constraints mentioned in the question.
2. This tests resilient architecture design. Focus on fault tolerance, disaster recovery, and high availability patterns.
3. Read the question carefully and identify all requirements before evaluating options.
4. Managed services are generally preferred over self-managed solutions for operational efficiency.
5. Consider the trade-offs between cost, performance, and operational complexity when choosing between options."
701,702,TMC,"1. Eliminate options that don't meet the core requirements. Look for solutions that are over-engineered, under-powered, or miss key constraints mentioned in the question.
2. This tests resilient architecture design. Focus on fault tolerance, disaster recovery, and high availability patterns.
3. Read the question carefully and identify all requirements before evaluating options.
4. Managed services are generally preferred over self-managed solutions for operational efficiency.
5. Consider the trade-offs between cost, performance, and operational complexity when choosing between options."
702,703,TMC,"1. Eliminate options that don't meet the core requirements. Look for solutions that are over-engineered, under-powered, or miss key constraints mentioned in the question.
2. This tests secure architecture design. Focus on defense in depth, least privilege, and data protection.
3. Read the question carefully and identify all requirements before evaluating options.
4. Managed services are generally preferred over self-managed solutions for operational efficiency.
5. Consider the trade-offs between cost, performance, and operational complexity when choosing between options."
703,704,TMCMA,"1. S3 Object Lock provides immutable storage with compliance features. Versioning must be enabled to use Object Lock.
2. Eliminate options that don't meet the core requirements. Look for solutions that are over-engineered, under-powered, or miss key constraints mentioned in the question.
3. This tests resilient architecture design. Focus on fault tolerance, disaster recovery, and high availability patterns."
704,705,TMC,"1. Eliminate options that don't meet the core requirements. Look for solutions that are over-engineered, under-powered, or miss key constraints mentioned in the question.
2. This tests high-performing architecture design. Focus on scalability, performance optimization, and right-sizing resources.
3. Read the question carefully and identify all requirements before evaluating options.
4. Managed services are generally preferred over self-managed solutions for operational efficiency.
5. Consider the trade-offs between cost, performance, and operational complexity when choosing between options."
705,706,TMC,"1. Focus on the key requirements: security. Always choose solutions that directly address these specific needs.
2. S3 Object Lock provides immutable storage with compliance features. Versioning must be enabled to use Object Lock.
3. Eliminate options that don't meet the core requirements. Look for solutions that are over-engineered, under-powered, or miss key constraints mentioned in the question.
4. This tests secure architecture design. Focus on defense in depth, least privilege, and data protection."
706,707,TMC,"1. Remember Lambda's 15-minute execution limit. For longer-running tasks, consider ECS Fargate or EC2.
2. S3 Object Lock provides immutable storage with compliance features. Versioning must be enabled to use Object Lock.
3. Eliminate options that don't meet the core requirements. Look for solutions that are over-engineered, under-powered, or miss key constraints mentioned in the question.
4. This tests high-performing architecture design. Focus on scalability, performance optimization, and right-sizing resources."
707,708,TMC,"1. DynamoDB on-demand provides instant scaling without capacity planning, while provisioned capacity requires pre-planning but can be more cost-effective for predictable workloads.
2. S3 Object Lock provides immutable storage with compliance features. Versioning must be enabled to use Object Lock.
3. Eliminate options that don't meet the core requirements. Look for solutions that are over-engineered, under-powered, or miss key constraints mentioned in the question.
4. This tests secure architecture design. Focus on defense in depth, least privilege, and data protection."
708,709,TMC,"1. Focus on the key requirements: cost optimization. Always choose solutions that directly address these specific needs.
2. Remember Lambda's 15-minute execution limit. For longer-running tasks, consider ECS Fargate or EC2.
3. DynamoDB on-demand provides instant scaling without capacity planning, while provisioned capacity requires pre-planning but can be more cost-effective for predictable workloads.
4. Eliminate options that don't meet the core requirements. Look for solutions that are over-engineered, under-powered, or miss key constraints mentioned in the question.
5. Apply the Cost Optimization pillar: right-size resources, use appropriate pricing models (on-demand vs reserved vs spot), and eliminate waste."
709,710,TMC,"1. Focus on the key requirements: cost optimization. Always choose solutions that directly address these specific needs.
2. S3 Object Lock provides immutable storage with compliance features. Versioning must be enabled to use Object Lock.
3. Eliminate options that don't meet the core requirements. Look for solutions that are over-engineered, under-powered, or miss key constraints mentioned in the question.
4. Apply the Reliability pillar: design for failure, use multiple AZs, implement automated recovery, and choose managed services when possible.
5. Apply the Cost Optimization pillar: right-size resources, use appropriate pricing models (on-demand vs reserved vs spot), and eliminate waste."
710,711,TMC,"1. S3 Object Lock provides immutable storage with compliance features. Versioning must be enabled to use Object Lock.
2. Eliminate options that don't meet the core requirements. Look for solutions that are over-engineered, under-powered, or miss key constraints mentioned in the question.
3. This tests secure architecture design. Focus on defense in depth, least privilege, and data protection."
711,712,TMC,"1. Focus on the key requirements: security. Always choose solutions that directly address these specific needs.
2. Eliminate options that don't meet the core requirements. Look for solutions that are over-engineered, under-powered, or miss key constraints mentioned in the question.
3. This tests secure architecture design. Focus on defense in depth, least privilege, and data protection."
712,713,TMC,"1. Eliminate options that don't meet the core requirements. Look for solutions that are over-engineered, under-powered, or miss key constraints mentioned in the question.
2. This tests high-performing architecture design. Focus on scalability, performance optimization, and right-sizing resources.
3. Read the question carefully and identify all requirements before evaluating options.
4. Managed services are generally preferred over self-managed solutions for operational efficiency.
5. Consider the trade-offs between cost, performance, and operational complexity when choosing between options."
713,714,TMC,"1. S3 Object Lock provides immutable storage with compliance features. Versioning must be enabled to use Object Lock.
2. Eliminate options that don't meet the core requirements. Look for solutions that are over-engineered, under-powered, or miss key constraints mentioned in the question.
3. Apply the Cost Optimization pillar: right-size resources, use appropriate pricing models (on-demand vs reserved vs spot), and eliminate waste.
4. This tests cost-optimized architecture design. Focus on resource optimization, pricing models, and cost monitoring."
714,715,TMC,"1. DynamoDB on-demand provides instant scaling without capacity planning, while provisioned capacity requires pre-planning but can be more cost-effective for predictable workloads.
2. Eliminate options that don't meet the core requirements. Look for solutions that are over-engineered, under-powered, or miss key constraints mentioned in the question.
3. This tests resilient architecture design. Focus on fault tolerance, disaster recovery, and high availability patterns."
715,716,TMC,"1. Focus on the key requirements: high availability. Always choose solutions that directly address these specific needs.
2. Eliminate options that don't meet the core requirements. Look for solutions that are over-engineered, under-powered, or miss key constraints mentioned in the question.
3. This tests resilient architecture design. Focus on fault tolerance, disaster recovery, and high availability patterns."
716,717,TMC,"1. Focus on the key requirements: high availability. Always choose solutions that directly address these specific needs.
2. Eliminate options that don't meet the core requirements. Look for solutions that are over-engineered, under-powered, or miss key constraints mentioned in the question.
3. This tests resilient architecture design. Focus on fault tolerance, disaster recovery, and high availability patterns."
717,718,TMC,"1. Eliminate options that don't meet the core requirements. Look for solutions that are over-engineered, under-powered, or miss key constraints mentioned in the question.
2. This tests resilient architecture design. Focus on fault tolerance, disaster recovery, and high availability patterns.
3. Read the question carefully and identify all requirements before evaluating options.
4. Managed services are generally preferred over self-managed solutions for operational efficiency.
5. Consider the trade-offs between cost, performance, and operational complexity when choosing between options."
718,719,TMC,"1. Remember Lambda's 15-minute execution limit. For longer-running tasks, consider ECS Fargate or EC2.
2. Eliminate options that don't meet the core requirements. Look for solutions that are over-engineered, under-powered, or miss key constraints mentioned in the question.
3. This tests high-performing architecture design. Focus on scalability, performance optimization, and right-sizing resources."
719,720,TMC,"1. Remember Lambda's 15-minute execution limit. For longer-running tasks, consider ECS Fargate or EC2.
2. S3 Object Lock provides immutable storage with compliance features. Versioning must be enabled to use Object Lock.
3. Eliminate options that don't meet the core requirements. Look for solutions that are over-engineered, under-powered, or miss key constraints mentioned in the question.
4. This tests secure architecture design. Focus on defense in depth, least privilege, and data protection."
720,721,TMC,"1. Eliminate options that don't meet the core requirements. Look for solutions that are over-engineered, under-powered, or miss key constraints mentioned in the question.
2. This tests high-performing architecture design. Focus on scalability, performance optimization, and right-sizing resources.
3. Read the question carefully and identify all requirements before evaluating options.
4. Managed services are generally preferred over self-managed solutions for operational efficiency.
5. Consider the trade-offs between cost, performance, and operational complexity when choosing between options."
721,722,TMC,"1. Focus on the key requirements: scalability. Always choose solutions that directly address these specific needs.
2. Eliminate options that don't meet the core requirements. Look for solutions that are over-engineered, under-powered, or miss key constraints mentioned in the question.
3. This tests high-performing architecture design. Focus on scalability, performance optimization, and right-sizing resources."
722,723,TMC,"1. Focus on the key requirements: high availability. Always choose solutions that directly address these specific needs.
2. DynamoDB on-demand provides instant scaling without capacity planning, while provisioned capacity requires pre-planning but can be more cost-effective for predictable workloads.
3. S3 Object Lock provides immutable storage with compliance features. Versioning must be enabled to use Object Lock.
4. Eliminate options that don't meet the core requirements. Look for solutions that are over-engineered, under-powered, or miss key constraints mentioned in the question.
5. Apply the Reliability pillar: design for failure, use multiple AZs, implement automated recovery, and choose managed services when possible."
723,724,TMC,"1. Focus on the key requirements: high availability. Always choose solutions that directly address these specific needs.
2. S3 Object Lock provides immutable storage with compliance features. Versioning must be enabled to use Object Lock.
3. Eliminate options that don't meet the core requirements. Look for solutions that are over-engineered, under-powered, or miss key constraints mentioned in the question.
4. Apply the Cost Optimization pillar: right-size resources, use appropriate pricing models (on-demand vs reserved vs spot), and eliminate waste.
5. This tests cost-optimized architecture design. Focus on resource optimization, pricing models, and cost monitoring."
724,725,TMC,"1. Remember Lambda's 15-minute execution limit. For longer-running tasks, consider ECS Fargate or EC2.
2. DynamoDB on-demand provides instant scaling without capacity planning, while provisioned capacity requires pre-planning but can be more cost-effective for predictable workloads.
3. S3 Object Lock provides immutable storage with compliance features. Versioning must be enabled to use Object Lock.
4. Eliminate options that don't meet the core requirements. Look for solutions that are over-engineered, under-powered, or miss key constraints mentioned in the question.
5. This tests high-performing architecture design. Focus on scalability, performance optimization, and right-sizing resources."
725,726,TMC,"1. S3 Object Lock provides immutable storage with compliance features. Versioning must be enabled to use Object Lock.
2. Eliminate options that don't meet the core requirements. Look for solutions that are over-engineered, under-powered, or miss key constraints mentioned in the question.
3. Apply the Cost Optimization pillar: right-size resources, use appropriate pricing models (on-demand vs reserved vs spot), and eliminate waste.
4. This tests cost-optimized architecture design. Focus on resource optimization, pricing models, and cost monitoring."
726,727,TMC,"1. Eliminate options that don't meet the core requirements. Look for solutions that are over-engineered, under-powered, or miss key constraints mentioned in the question.
2. This tests secure architecture design. Focus on defense in depth, least privilege, and data protection.
3. Read the question carefully and identify all requirements before evaluating options.
4. Managed services are generally preferred over self-managed solutions for operational efficiency.
5. Consider the trade-offs between cost, performance, and operational complexity when choosing between options."
727,728,TMC,"1. S3 Object Lock provides immutable storage with compliance features. Versioning must be enabled to use Object Lock.
2. Eliminate options that don't meet the core requirements. Look for solutions that are over-engineered, under-powered, or miss key constraints mentioned in the question.
3. Apply the Cost Optimization pillar: right-size resources, use appropriate pricing models (on-demand vs reserved vs spot), and eliminate waste.
4. This tests cost-optimized architecture design. Focus on resource optimization, pricing models, and cost monitoring."
728,729,TMC,"1. S3 Object Lock provides immutable storage with compliance features. Versioning must be enabled to use Object Lock.
2. NAT Gateway is fully managed and preferred over NAT Instance for operational efficiency. NAT resources must be in public subnets to provide internet access to private subnets.
3. Eliminate options that don't meet the core requirements. Look for solutions that are over-engineered, under-powered, or miss key constraints mentioned in the question.
4. This tests secure architecture design. Focus on defense in depth, least privilege, and data protection."
729,730,TMCMA,"1. S3 Object Lock provides immutable storage with compliance features. Versioning must be enabled to use Object Lock.
2. Eliminate options that don't meet the core requirements. Look for solutions that are over-engineered, under-powered, or miss key constraints mentioned in the question.
3. This tests secure architecture design. Focus on defense in depth, least privilege, and data protection."
730,731,TMC,"1. Focus on the key requirements: security. Always choose solutions that directly address these specific needs.
2. Eliminate options that don't meet the core requirements. Look for solutions that are over-engineered, under-powered, or miss key constraints mentioned in the question.
3. This tests secure architecture design. Focus on defense in depth, least privilege, and data protection."
731,732,TMC,"1. Focus on the key requirements: security. Always choose solutions that directly address these specific needs.
2. Eliminate options that don't meet the core requirements. Look for solutions that are over-engineered, under-powered, or miss key constraints mentioned in the question.
3. This tests secure architecture design. Focus on defense in depth, least privilege, and data protection."
732,733,TMC,"1. Focus on the key requirements: security. Always choose solutions that directly address these specific needs.
2. S3 Object Lock provides immutable storage with compliance features. Versioning must be enabled to use Object Lock.
3. Eliminate options that don't meet the core requirements. Look for solutions that are over-engineered, under-powered, or miss key constraints mentioned in the question.
4. This tests secure architecture design. Focus on defense in depth, least privilege, and data protection."
733,734,TMCMA,"1. Focus on the key requirements: cost optimization, high availability. Always choose solutions that directly address these specific needs.
2. Remember Lambda's 15-minute execution limit. For longer-running tasks, consider ECS Fargate or EC2.
3. DynamoDB on-demand provides instant scaling without capacity planning, while provisioned capacity requires pre-planning but can be more cost-effective for predictable workloads.
4. Eliminate options that don't meet the core requirements. Look for solutions that are over-engineered, under-powered, or miss key constraints mentioned in the question.
5. Apply the Cost Optimization pillar: right-size resources, use appropriate pricing models (on-demand vs reserved vs spot), and eliminate waste."
734,735,TMC,"1. Remember Lambda's 15-minute execution limit. For longer-running tasks, consider ECS Fargate or EC2.
2. S3 Object Lock provides immutable storage with compliance features. Versioning must be enabled to use Object Lock.
3. Eliminate options that don't meet the core requirements. Look for solutions that are over-engineered, under-powered, or miss key constraints mentioned in the question.
4. Apply the Reliability pillar: design for failure, use multiple AZs, implement automated recovery, and choose managed services when possible.
5. This tests resilient architecture design. Focus on fault tolerance, disaster recovery, and high availability patterns."
735,736,TMC,"1. Eliminate options that don't meet the core requirements. Look for solutions that are over-engineered, under-powered, or miss key constraints mentioned in the question.
2. Apply the Reliability pillar: design for failure, use multiple AZs, implement automated recovery, and choose managed services when possible.
3. This tests resilient architecture design. Focus on fault tolerance, disaster recovery, and high availability patterns."
736,737,TMC,"1. Remember Lambda's 15-minute execution limit. For longer-running tasks, consider ECS Fargate or EC2.
2. Eliminate options that don't meet the core requirements. Look for solutions that are over-engineered, under-powered, or miss key constraints mentioned in the question.
3. This tests resilient architecture design. Focus on fault tolerance, disaster recovery, and high availability patterns."
737,738,TMC,"1. Focus on the key requirements: high availability, scalability. Always choose solutions that directly address these specific needs.
2. Eliminate options that don't meet the core requirements. Look for solutions that are over-engineered, under-powered, or miss key constraints mentioned in the question.
3. Apply the Reliability pillar: design for failure, use multiple AZs, implement automated recovery, and choose managed services when possible.
4. This tests resilient architecture design. Focus on fault tolerance, disaster recovery, and high availability patterns."
738,739,TMC,"1. Eliminate options that don't meet the core requirements. Look for solutions that are over-engineered, under-powered, or miss key constraints mentioned in the question.
2. This tests high-performing architecture design. Focus on scalability, performance optimization, and right-sizing resources.
3. Read the question carefully and identify all requirements before evaluating options.
4. Managed services are generally preferred over self-managed solutions for operational efficiency.
5. Consider the trade-offs between cost, performance, and operational complexity when choosing between options."
739,740,TMC,"1. Focus on the key requirements: security. Always choose solutions that directly address these specific needs.
2. S3 Object Lock provides immutable storage with compliance features. Versioning must be enabled to use Object Lock.
3. NAT Gateway is fully managed and preferred over NAT Instance for operational efficiency. NAT resources must be in public subnets to provide internet access to private subnets.
4. Eliminate options that don't meet the core requirements. Look for solutions that are over-engineered, under-powered, or miss key constraints mentioned in the question.
5. This tests secure architecture design. Focus on defense in depth, least privilege, and data protection."
740,741,TMC,"1. Focus on the key requirements: performance optimization. Always choose solutions that directly address these specific needs.
2. DynamoDB on-demand provides instant scaling without capacity planning, while provisioned capacity requires pre-planning but can be more cost-effective for predictable workloads.
3. S3 Object Lock provides immutable storage with compliance features. Versioning must be enabled to use Object Lock.
4. Eliminate options that don't meet the core requirements. Look for solutions that are over-engineered, under-powered, or miss key constraints mentioned in the question.
5. This tests high-performing architecture design. Focus on scalability, performance optimization, and right-sizing resources."
741,742,TMC,"1. Eliminate options that don't meet the core requirements. Look for solutions that are over-engineered, under-powered, or miss key constraints mentioned in the question.
2. This tests secure architecture design. Focus on defense in depth, least privilege, and data protection.
3. Read the question carefully and identify all requirements before evaluating options.
4. Managed services are generally preferred over self-managed solutions for operational efficiency.
5. Consider the trade-offs between cost, performance, and operational complexity when choosing between options."
742,743,TMC,"1. Focus on the key requirements: performance optimization. Always choose solutions that directly address these specific needs.
2. Eliminate options that don't meet the core requirements. Look for solutions that are over-engineered, under-powered, or miss key constraints mentioned in the question.
3. Apply the Cost Optimization pillar: right-size resources, use appropriate pricing models (on-demand vs reserved vs spot), and eliminate waste.
4. This tests high-performing architecture design. Focus on scalability, performance optimization, and right-sizing resources."
743,744,TMC,"1. DynamoDB on-demand provides instant scaling without capacity planning, while provisioned capacity requires pre-planning but can be more cost-effective for predictable workloads.
2. S3 Object Lock provides immutable storage with compliance features. Versioning must be enabled to use Object Lock.
3. Eliminate options that don't meet the core requirements. Look for solutions that are over-engineered, under-powered, or miss key constraints mentioned in the question.
4. This tests resilient architecture design. Focus on fault tolerance, disaster recovery, and high availability patterns."
744,745,TMC,"1. S3 Object Lock provides immutable storage with compliance features. Versioning must be enabled to use Object Lock.
2. Eliminate options that don't meet the core requirements. Look for solutions that are over-engineered, under-powered, or miss key constraints mentioned in the question.
3. Apply the Cost Optimization pillar: right-size resources, use appropriate pricing models (on-demand vs reserved vs spot), and eliminate waste.
4. This tests cost-optimized architecture design. Focus on resource optimization, pricing models, and cost monitoring."
745,746,TMC,"1. Eliminate options that don't meet the core requirements. Look for solutions that are over-engineered, under-powered, or miss key constraints mentioned in the question.
2. This tests secure architecture design. Focus on defense in depth, least privilege, and data protection.
3. Read the question carefully and identify all requirements before evaluating options.
4. Managed services are generally preferred over self-managed solutions for operational efficiency.
5. Consider the trade-offs between cost, performance, and operational complexity when choosing between options."
746,747,TMC,"1. Focus on the key requirements: performance optimization. Always choose solutions that directly address these specific needs.
2. Eliminate options that don't meet the core requirements. Look for solutions that are over-engineered, under-powered, or miss key constraints mentioned in the question.
3. This tests high-performing architecture design. Focus on scalability, performance optimization, and right-sizing resources."
747,748,TMC,"1. Focus on the key requirements: performance optimization. Always choose solutions that directly address these specific needs.
2. Eliminate options that don't meet the core requirements. Look for solutions that are over-engineered, under-powered, or miss key constraints mentioned in the question.
3. Apply the Cost Optimization pillar: right-size resources, use appropriate pricing models (on-demand vs reserved vs spot), and eliminate waste.
4. This tests cost-optimized architecture design. Focus on resource optimization, pricing models, and cost monitoring."
748,749,TMC,"1. Focus on the key requirements: high availability. Always choose solutions that directly address these specific needs.
2. Remember Lambda's 15-minute execution limit. For longer-running tasks, consider ECS Fargate or EC2.
3. Eliminate options that don't meet the core requirements. Look for solutions that are over-engineered, under-powered, or miss key constraints mentioned in the question.
4. This tests high-performing architecture design. Focus on scalability, performance optimization, and right-sizing resources."
749,750,TMC,"1. S3 Object Lock provides immutable storage with compliance features. Versioning must be enabled to use Object Lock.
2. Eliminate options that don't meet the core requirements. Look for solutions that are over-engineered, under-powered, or miss key constraints mentioned in the question.
3. This tests high-performing architecture design. Focus on scalability, performance optimization, and right-sizing resources."
750,751,TMC,"1. S3 Object Lock provides immutable storage with compliance features. Versioning must be enabled to use Object Lock.
2. Spot Instances can be interrupted with 2-minute notice. Never use for stateful or critical workloads that cannot tolerate interruptions.
3. Eliminate options that don't meet the core requirements. Look for solutions that are over-engineered, under-powered, or miss key constraints mentioned in the question.
4. Apply the Cost Optimization pillar: right-size resources, use appropriate pricing models (on-demand vs reserved vs spot), and eliminate waste.
5. This tests cost-optimized architecture design. Focus on resource optimization, pricing models, and cost monitoring."
751,752,TMCMA,"1. Eliminate options that don't meet the core requirements. Look for solutions that are over-engineered, under-powered, or miss key constraints mentioned in the question.
2. This tests secure architecture design. Focus on defense in depth, least privilege, and data protection.
3. Read the question carefully and identify all requirements before evaluating options.
4. Managed services are generally preferred over self-managed solutions for operational efficiency.
5. Consider the trade-offs between cost, performance, and operational complexity when choosing between options."
752,753,TMC,"1. Eliminate options that don't meet the core requirements. Look for solutions that are over-engineered, under-powered, or miss key constraints mentioned in the question.
2. This tests secure architecture design. Focus on defense in depth, least privilege, and data protection.
3. Read the question carefully and identify all requirements before evaluating options.
4. Managed services are generally preferred over self-managed solutions for operational efficiency.
5. Consider the trade-offs between cost, performance, and operational complexity when choosing between options."
753,754,TMC,"1. Focus on the key requirements: scalability. Always choose solutions that directly address these specific needs.
2. DynamoDB on-demand provides instant scaling without capacity planning, while provisioned capacity requires pre-planning but can be more cost-effective for predictable workloads.
3. Eliminate options that don't meet the core requirements. Look for solutions that are over-engineered, under-powered, or miss key constraints mentioned in the question.
4. This tests high-performing architecture design. Focus on scalability, performance optimization, and right-sizing resources."
754,755,TMC,"1. Eliminate options that don't meet the core requirements. Look for solutions that are over-engineered, under-powered, or miss key constraints mentioned in the question.
2. This tests resilient architecture design. Focus on fault tolerance, disaster recovery, and high availability patterns.
3. Read the question carefully and identify all requirements before evaluating options.
4. Managed services are generally preferred over self-managed solutions for operational efficiency.
5. Consider the trade-offs between cost, performance, and operational complexity when choosing between options."
755,756,TMC,"1. Remember Lambda's 15-minute execution limit. For longer-running tasks, consider ECS Fargate or EC2.
2. S3 Object Lock provides immutable storage with compliance features. Versioning must be enabled to use Object Lock.
3. Eliminate options that don't meet the core requirements. Look for solutions that are over-engineered, under-powered, or miss key constraints mentioned in the question.
4. This tests secure architecture design. Focus on defense in depth, least privilege, and data protection."
756,757,TMC,"1. S3 Object Lock provides immutable storage with compliance features. Versioning must be enabled to use Object Lock.
2. Spot Instances can be interrupted with 2-minute notice. Never use for stateful or critical workloads that cannot tolerate interruptions.
3. Eliminate options that don't meet the core requirements. Look for solutions that are over-engineered, under-powered, or miss key constraints mentioned in the question.
4. Apply the Cost Optimization pillar: right-size resources, use appropriate pricing models (on-demand vs reserved vs spot), and eliminate waste.
5. This tests cost-optimized architecture design. Focus on resource optimization, pricing models, and cost monitoring."
757,758,TMC,"1. Focus on the key requirements: cost optimization. Always choose solutions that directly address these specific needs.
2. Remember Lambda's 15-minute execution limit. For longer-running tasks, consider ECS Fargate or EC2.
3. Eliminate options that don't meet the core requirements. Look for solutions that are over-engineered, under-powered, or miss key constraints mentioned in the question.
4. Apply the Reliability pillar: design for failure, use multiple AZs, implement automated recovery, and choose managed services when possible.
5. Apply the Cost Optimization pillar: right-size resources, use appropriate pricing models (on-demand vs reserved vs spot), and eliminate waste."
758,759,TMC,"1. Remember Lambda's 15-minute execution limit. For longer-running tasks, consider ECS Fargate or EC2.
2. DynamoDB on-demand provides instant scaling without capacity planning, while provisioned capacity requires pre-planning but can be more cost-effective for predictable workloads.
3. S3 Object Lock provides immutable storage with compliance features. Versioning must be enabled to use Object Lock.
4. Eliminate options that don't meet the core requirements. Look for solutions that are over-engineered, under-powered, or miss key constraints mentioned in the question.
5. This tests secure architecture design. Focus on defense in depth, least privilege, and data protection."
759,760,TMC,"1. Focus on the key requirements: security. Always choose solutions that directly address these specific needs.
2. S3 Object Lock provides immutable storage with compliance features. Versioning must be enabled to use Object Lock.
3. NAT Gateway is fully managed and preferred over NAT Instance for operational efficiency. NAT resources must be in public subnets to provide internet access to private subnets.
4. Eliminate options that don't meet the core requirements. Look for solutions that are over-engineered, under-powered, or miss key constraints mentioned in the question.
5. This tests secure architecture design. Focus on defense in depth, least privilege, and data protection."
760,761,TMC,"1. Remember Lambda's 15-minute execution limit. For longer-running tasks, consider ECS Fargate or EC2.
2. Eliminate options that don't meet the core requirements. Look for solutions that are over-engineered, under-powered, or miss key constraints mentioned in the question.
3. This tests high-performing architecture design. Focus on scalability, performance optimization, and right-sizing resources."
761,762,TMC,"1. DynamoDB on-demand provides instant scaling without capacity planning, while provisioned capacity requires pre-planning but can be more cost-effective for predictable workloads.
2. S3 Object Lock provides immutable storage with compliance features. Versioning must be enabled to use Object Lock.
3. Eliminate options that don't meet the core requirements. Look for solutions that are over-engineered, under-powered, or miss key constraints mentioned in the question.
4. This tests high-performing architecture design. Focus on scalability, performance optimization, and right-sizing resources."
762,763,TMCMA,"1. S3 Object Lock provides immutable storage with compliance features. Versioning must be enabled to use Object Lock.
2. Eliminate options that don't meet the core requirements. Look for solutions that are over-engineered, under-powered, or miss key constraints mentioned in the question.
3. This tests resilient architecture design. Focus on fault tolerance, disaster recovery, and high availability patterns."
763,764,TMC,"1. Focus on the key requirements: performance optimization. Always choose solutions that directly address these specific needs.
2. Eliminate options that don't meet the core requirements. Look for solutions that are over-engineered, under-powered, or miss key constraints mentioned in the question.
3. Apply the Cost Optimization pillar: right-size resources, use appropriate pricing models (on-demand vs reserved vs spot), and eliminate waste.
4. This tests high-performing architecture design. Focus on scalability, performance optimization, and right-sizing resources."
764,765,TMC,"1. Focus on the key requirements: high availability. Always choose solutions that directly address these specific needs.
2. Eliminate options that don't meet the core requirements. Look for solutions that are over-engineered, under-powered, or miss key constraints mentioned in the question.
3. This tests resilient architecture design. Focus on fault tolerance, disaster recovery, and high availability patterns."
765,766,TMC,"1. Focus on the key requirements: cost optimization. Always choose solutions that directly address these specific needs.
2. Remember Lambda's 15-minute execution limit. For longer-running tasks, consider ECS Fargate or EC2.
3. Eliminate options that don't meet the core requirements. Look for solutions that are over-engineered, under-powered, or miss key constraints mentioned in the question.
4. Apply the Cost Optimization pillar: right-size resources, use appropriate pricing models (on-demand vs reserved vs spot), and eliminate waste.
5. This tests resilient architecture design. Focus on fault tolerance, disaster recovery, and high availability patterns."
766,767,TMC,"1. Eliminate options that don't meet the core requirements. Look for solutions that are over-engineered, under-powered, or miss key constraints mentioned in the question.
2. This tests high-performing architecture design. Focus on scalability, performance optimization, and right-sizing resources.
3. Read the question carefully and identify all requirements before evaluating options.
4. Managed services are generally preferred over self-managed solutions for operational efficiency.
5. Consider the trade-offs between cost, performance, and operational complexity when choosing between options."
767,768,TMC,"1. Remember Lambda's 15-minute execution limit. For longer-running tasks, consider ECS Fargate or EC2.
2. Eliminate options that don't meet the core requirements. Look for solutions that are over-engineered, under-powered, or miss key constraints mentioned in the question.
3. This tests secure architecture design. Focus on defense in depth, least privilege, and data protection."
768,769,TMC,"1. Remember Lambda's 15-minute execution limit. For longer-running tasks, consider ECS Fargate or EC2.
2. DynamoDB on-demand provides instant scaling without capacity planning, while provisioned capacity requires pre-planning but can be more cost-effective for predictable workloads.
3. Eliminate options that don't meet the core requirements. Look for solutions that are over-engineered, under-powered, or miss key constraints mentioned in the question.
4. This tests secure architecture design. Focus on defense in depth, least privilege, and data protection."
769,770,TMC,"1. Focus on the key requirements: cost optimization, performance optimization. Always choose solutions that directly address these specific needs.
2. Eliminate options that don't meet the core requirements. Look for solutions that are over-engineered, under-powered, or miss key constraints mentioned in the question.
3. Apply the Cost Optimization pillar: right-size resources, use appropriate pricing models (on-demand vs reserved vs spot), and eliminate waste.
4. This tests high-performing architecture design. Focus on scalability, performance optimization, and right-sizing resources."
770,771,TMC,"1. Focus on the key requirements: security. Always choose solutions that directly address these specific needs.
2. Eliminate options that don't meet the core requirements. Look for solutions that are over-engineered, under-powered, or miss key constraints mentioned in the question.
3. This tests secure architecture design. Focus on defense in depth, least privilege, and data protection."
771,772,TMC,"1. Focus on the key requirements: security. Always choose solutions that directly address these specific needs.
2. NAT Gateway is fully managed and preferred over NAT Instance for operational efficiency. NAT resources must be in public subnets to provide internet access to private subnets.
3. Eliminate options that don't meet the core requirements. Look for solutions that are over-engineered, under-powered, or miss key constraints mentioned in the question.
4. This tests secure architecture design. Focus on defense in depth, least privilege, and data protection."
772,773,TMC,"1. Remember Lambda's 15-minute execution limit. For longer-running tasks, consider ECS Fargate or EC2.
2. S3 Object Lock provides immutable storage with compliance features. Versioning must be enabled to use Object Lock.
3. Eliminate options that don't meet the core requirements. Look for solutions that are over-engineered, under-powered, or miss key constraints mentioned in the question.
4. This tests secure architecture design. Focus on defense in depth, least privilege, and data protection."
773,774,TMC,"1. Remember Lambda's 15-minute execution limit. For longer-running tasks, consider ECS Fargate or EC2.
2. DynamoDB on-demand provides instant scaling without capacity planning, while provisioned capacity requires pre-planning but can be more cost-effective for predictable workloads.
3. S3 Object Lock provides immutable storage with compliance features. Versioning must be enabled to use Object Lock.
4. Eliminate options that don't meet the core requirements. Look for solutions that are over-engineered, under-powered, or miss key constraints mentioned in the question.
5. Apply the Cost Optimization pillar: right-size resources, use appropriate pricing models (on-demand vs reserved vs spot), and eliminate waste."
774,775,TMC,"1. S3 Object Lock provides immutable storage with compliance features. Versioning must be enabled to use Object Lock.
2. Eliminate options that don't meet the core requirements. Look for solutions that are over-engineered, under-powered, or miss key constraints mentioned in the question.
3. This tests high-performing architecture design. Focus on scalability, performance optimization, and right-sizing resources."
775,776,TMC,"1. Focus on the key requirements: security. Always choose solutions that directly address these specific needs.
2. Eliminate options that don't meet the core requirements. Look for solutions that are over-engineered, under-powered, or miss key constraints mentioned in the question.
3. Apply the Cost Optimization pillar: right-size resources, use appropriate pricing models (on-demand vs reserved vs spot), and eliminate waste.
4. This tests cost-optimized architecture design. Focus on resource optimization, pricing models, and cost monitoring."
776,777,TMC,"1. Eliminate options that don't meet the core requirements. Look for solutions that are over-engineered, under-powered, or miss key constraints mentioned in the question.
2. Apply the Cost Optimization pillar: right-size resources, use appropriate pricing models (on-demand vs reserved vs spot), and eliminate waste.
3. This tests cost-optimized architecture design. Focus on resource optimization, pricing models, and cost monitoring."
777,778,TMC,"1. Eliminate options that don't meet the core requirements. Look for solutions that are over-engineered, under-powered, or miss key constraints mentioned in the question.
2. Apply the Cost Optimization pillar: right-size resources, use appropriate pricing models (on-demand vs reserved vs spot), and eliminate waste.
3. This tests cost-optimized architecture design. Focus on resource optimization, pricing models, and cost monitoring."
778,779,TMC,"1. S3 Object Lock provides immutable storage with compliance features. Versioning must be enabled to use Object Lock.
2. NAT Gateway is fully managed and preferred over NAT Instance for operational efficiency. NAT resources must be in public subnets to provide internet access to private subnets.
3. Eliminate options that don't meet the core requirements. Look for solutions that are over-engineered, under-powered, or miss key constraints mentioned in the question.
4. This tests secure architecture design. Focus on defense in depth, least privilege, and data protection."
779,780,TMC,"1. Focus on the key requirements: performance optimization. Always choose solutions that directly address these specific needs.
2. Eliminate options that don't meet the core requirements. Look for solutions that are over-engineered, under-powered, or miss key constraints mentioned in the question.
3. This tests high-performing architecture design. Focus on scalability, performance optimization, and right-sizing resources."
780,781,TMC,"1. S3 Object Lock provides immutable storage with compliance features. Versioning must be enabled to use Object Lock.
2. Eliminate options that don't meet the core requirements. Look for solutions that are over-engineered, under-powered, or miss key constraints mentioned in the question.
3. This tests resilient architecture design. Focus on fault tolerance, disaster recovery, and high availability patterns."
781,782,TMC,"1. S3 Object Lock provides immutable storage with compliance features. Versioning must be enabled to use Object Lock.
2. Eliminate options that don't meet the core requirements. Look for solutions that are over-engineered, under-powered, or miss key constraints mentioned in the question.
3. This tests high-performing architecture design. Focus on scalability, performance optimization, and right-sizing resources."
782,783,TMC,"1. Focus on the key requirements: security. Always choose solutions that directly address these specific needs.
2. S3 Object Lock provides immutable storage with compliance features. Versioning must be enabled to use Object Lock.
3. Eliminate options that don't meet the core requirements. Look for solutions that are over-engineered, under-powered, or miss key constraints mentioned in the question.
4. This tests secure architecture design. Focus on defense in depth, least privilege, and data protection."
783,784,TMC,"1. Focus on the key requirements: cost optimization. Always choose solutions that directly address these specific needs.
2. Eliminate options that don't meet the core requirements. Look for solutions that are over-engineered, under-powered, or miss key constraints mentioned in the question.
3. Apply the Cost Optimization pillar: right-size resources, use appropriate pricing models (on-demand vs reserved vs spot), and eliminate waste.
4. This tests high-performing architecture design. Focus on scalability, performance optimization, and right-sizing resources."
784,785,TMC,"1. Focus on the key requirements: cost optimization. Always choose solutions that directly address these specific needs.
2. Remember Lambda's 15-minute execution limit. For longer-running tasks, consider ECS Fargate or EC2.
3. Eliminate options that don't meet the core requirements. Look for solutions that are over-engineered, under-powered, or miss key constraints mentioned in the question.
4. Apply the Cost Optimization pillar: right-size resources, use appropriate pricing models (on-demand vs reserved vs spot), and eliminate waste.
5. This tests cost-optimized architecture design. Focus on resource optimization, pricing models, and cost monitoring."
785,786,TMC,"1. Eliminate options that don't meet the core requirements. Look for solutions that are over-engineered, under-powered, or miss key constraints mentioned in the question.
2. This tests high-performing architecture design. Focus on scalability, performance optimization, and right-sizing resources.
3. Read the question carefully and identify all requirements before evaluating options.
4. Managed services are generally preferred over self-managed solutions for operational efficiency.
5. Consider the trade-offs between cost, performance, and operational complexity when choosing between options."
786,787,TMC,"1. S3 Object Lock provides immutable storage with compliance features. Versioning must be enabled to use Object Lock.
2. Eliminate options that don't meet the core requirements. Look for solutions that are over-engineered, under-powered, or miss key constraints mentioned in the question.
3. This tests secure architecture design. Focus on defense in depth, least privilege, and data protection."
787,788,TMC,"1. Focus on the key requirements: security. Always choose solutions that directly address these specific needs.
2. Eliminate options that don't meet the core requirements. Look for solutions that are over-engineered, under-powered, or miss key constraints mentioned in the question.
3. This tests secure architecture design. Focus on defense in depth, least privilege, and data protection."
788,789,TMCMA,"1. Focus on the key requirements: security. Always choose solutions that directly address these specific needs.
2. Eliminate options that don't meet the core requirements. Look for solutions that are over-engineered, under-powered, or miss key constraints mentioned in the question.
3. This tests secure architecture design. Focus on defense in depth, least privilege, and data protection."
789,790,TMC,"1. Remember Lambda's 15-minute execution limit. For longer-running tasks, consider ECS Fargate or EC2.
2. DynamoDB on-demand provides instant scaling without capacity planning, while provisioned capacity requires pre-planning but can be more cost-effective for predictable workloads.
3. S3 Object Lock provides immutable storage with compliance features. Versioning must be enabled to use Object Lock.
4. Eliminate options that don't meet the core requirements. Look for solutions that are over-engineered, under-powered, or miss key constraints mentioned in the question.
5. This tests resilient architecture design. Focus on fault tolerance, disaster recovery, and high availability patterns."
790,791,TMC,"1. Focus on the key requirements: cost optimization, performance optimization. Always choose solutions that directly address these specific needs.
2. Eliminate options that don't meet the core requirements. Look for solutions that are over-engineered, under-powered, or miss key constraints mentioned in the question.
3. Apply the Cost Optimization pillar: right-size resources, use appropriate pricing models (on-demand vs reserved vs spot), and eliminate waste.
4. This tests high-performing architecture design. Focus on scalability, performance optimization, and right-sizing resources."
791,792,TMCMA,"1. Remember Lambda's 15-minute execution limit. For longer-running tasks, consider ECS Fargate or EC2.
2. Eliminate options that don't meet the core requirements. Look for solutions that are over-engineered, under-powered, or miss key constraints mentioned in the question.
3. This tests secure architecture design. Focus on defense in depth, least privilege, and data protection."
792,793,TMC,"1. Focus on the key requirements: security. Always choose solutions that directly address these specific needs.
2. DynamoDB on-demand provides instant scaling without capacity planning, while provisioned capacity requires pre-planning but can be more cost-effective for predictable workloads.
3. Eliminate options that don't meet the core requirements. Look for solutions that are over-engineered, under-powered, or miss key constraints mentioned in the question.
4. This tests secure architecture design. Focus on defense in depth, least privilege, and data protection."
793,794,TMC,"1. Focus on the key requirements: cost optimization, security. Always choose solutions that directly address these specific needs.
2. S3 Object Lock provides immutable storage with compliance features. Versioning must be enabled to use Object Lock.
3. Eliminate options that don't meet the core requirements. Look for solutions that are over-engineered, under-powered, or miss key constraints mentioned in the question.
4. Apply the Cost Optimization pillar: right-size resources, use appropriate pricing models (on-demand vs reserved vs spot), and eliminate waste.
5. This tests secure architecture design. Focus on defense in depth, least privilege, and data protection."
794,795,TMC,"1. Eliminate options that don't meet the core requirements. Look for solutions that are over-engineered, under-powered, or miss key constraints mentioned in the question.
2. This tests high-performing architecture design. Focus on scalability, performance optimization, and right-sizing resources.
3. Read the question carefully and identify all requirements before evaluating options.
4. Managed services are generally preferred over self-managed solutions for operational efficiency.
5. Consider the trade-offs between cost, performance, and operational complexity when choosing between options."
795,796,TMC,"1. Remember Lambda's 15-minute execution limit. For longer-running tasks, consider ECS Fargate or EC2.
2. Eliminate options that don't meet the core requirements. Look for solutions that are over-engineered, under-powered, or miss key constraints mentioned in the question.
3. This tests high-performing architecture design. Focus on scalability, performance optimization, and right-sizing resources."
796,797,TMC,"1. Remember Lambda's 15-minute execution limit. For longer-running tasks, consider ECS Fargate or EC2.
2. S3 Object Lock provides immutable storage with compliance features. Versioning must be enabled to use Object Lock.
3. Eliminate options that don't meet the core requirements. Look for solutions that are over-engineered, under-powered, or miss key constraints mentioned in the question.
4. This tests secure architecture design. Focus on defense in depth, least privilege, and data protection."
797,798,TMC,"1. Remember Lambda's 15-minute execution limit. For longer-running tasks, consider ECS Fargate or EC2.
2. S3 Object Lock provides immutable storage with compliance features. Versioning must be enabled to use Object Lock.
3. Eliminate options that don't meet the core requirements. Look for solutions that are over-engineered, under-powered, or miss key constraints mentioned in the question.
4. This tests resilient architecture design. Focus on fault tolerance, disaster recovery, and high availability patterns."
798,799,TMC,"1. Focus on the key requirements: high availability. Always choose solutions that directly address these specific needs.
2. DynamoDB on-demand provides instant scaling without capacity planning, while provisioned capacity requires pre-planning but can be more cost-effective for predictable workloads.
3. Eliminate options that don't meet the core requirements. Look for solutions that are over-engineered, under-powered, or miss key constraints mentioned in the question.
4. This tests high-performing architecture design. Focus on scalability, performance optimization, and right-sizing resources."
799,800,TMC,"1. Eliminate options that don't meet the core requirements. Look for solutions that are over-engineered, under-powered, or miss key constraints mentioned in the question.
2. This tests high-performing architecture design. Focus on scalability, performance optimization, and right-sizing resources.
3. Read the question carefully and identify all requirements before evaluating options.
4. Managed services are generally preferred over self-managed solutions for operational efficiency.
5. Consider the trade-offs between cost, performance, and operational complexity when choosing between options."
800,801,TMC,"1. Eliminate options that don't meet the core requirements. Look for solutions that are over-engineered, under-powered, or miss key constraints mentioned in the question.
2. This tests resilient architecture design. Focus on fault tolerance, disaster recovery, and high availability patterns.
3. Read the question carefully and identify all requirements before evaluating options.
4. Managed services are generally preferred over self-managed solutions for operational efficiency.
5. Consider the trade-offs between cost, performance, and operational complexity when choosing between options."
801,802,TMC,"1. Focus on the key requirements: security. Always choose solutions that directly address these specific needs.
2. Remember Lambda's 15-minute execution limit. For longer-running tasks, consider ECS Fargate or EC2.
3. S3 Object Lock provides immutable storage with compliance features. Versioning must be enabled to use Object Lock.
4. Eliminate options that don't meet the core requirements. Look for solutions that are over-engineered, under-powered, or miss key constraints mentioned in the question.
5. This tests secure architecture design. Focus on defense in depth, least privilege, and data protection."
802,803,TMC,"1. Remember Lambda's 15-minute execution limit. For longer-running tasks, consider ECS Fargate or EC2.
2. Eliminate options that don't meet the core requirements. Look for solutions that are over-engineered, under-powered, or miss key constraints mentioned in the question.
3. This tests secure architecture design. Focus on defense in depth, least privilege, and data protection."
803,804,TMC,"1. Focus on the key requirements: high availability. Always choose solutions that directly address these specific needs.
2. S3 Object Lock provides immutable storage with compliance features. Versioning must be enabled to use Object Lock.
3. Eliminate options that don't meet the core requirements. Look for solutions that are over-engineered, under-powered, or miss key constraints mentioned in the question.
4. Apply the Cost Optimization pillar: right-size resources, use appropriate pricing models (on-demand vs reserved vs spot), and eliminate waste.
5. This tests cost-optimized architecture design. Focus on resource optimization, pricing models, and cost monitoring."
804,805,TMC,"1. Remember Lambda's 15-minute execution limit. For longer-running tasks, consider ECS Fargate or EC2.
2. Spot Instances can be interrupted with 2-minute notice. Never use for stateful or critical workloads that cannot tolerate interruptions.
3. Eliminate options that don't meet the core requirements. Look for solutions that are over-engineered, under-powered, or miss key constraints mentioned in the question.
4. Apply the Cost Optimization pillar: right-size resources, use appropriate pricing models (on-demand vs reserved vs spot), and eliminate waste.
5. This tests cost-optimized architecture design. Focus on resource optimization, pricing models, and cost monitoring."
805,806,TMC,"1. Remember Lambda's 15-minute execution limit. For longer-running tasks, consider ECS Fargate or EC2.
2. Eliminate options that don't meet the core requirements. Look for solutions that are over-engineered, under-powered, or miss key constraints mentioned in the question.
3. This tests secure architecture design. Focus on defense in depth, least privilege, and data protection."
806,807,TMC,"1. Remember Lambda's 15-minute execution limit. For longer-running tasks, consider ECS Fargate or EC2.
2. Spot Instances can be interrupted with 2-minute notice. Never use for stateful or critical workloads that cannot tolerate interruptions.
3. Eliminate options that don't meet the core requirements. Look for solutions that are over-engineered, under-powered, or miss key constraints mentioned in the question.
4. This tests cost-optimized architecture design. Focus on resource optimization, pricing models, and cost monitoring."
807,808,TMC,"1. Eliminate options that don't meet the core requirements. Look for solutions that are over-engineered, under-powered, or miss key constraints mentioned in the question.
2. This tests secure architecture design. Focus on defense in depth, least privilege, and data protection.
3. Read the question carefully and identify all requirements before evaluating options.
4. Managed services are generally preferred over self-managed solutions for operational efficiency.
5. Consider the trade-offs between cost, performance, and operational complexity when choosing between options."
808,809,TMC,"1. Remember Lambda's 15-minute execution limit. For longer-running tasks, consider ECS Fargate or EC2.
2. DynamoDB on-demand provides instant scaling without capacity planning, while provisioned capacity requires pre-planning but can be more cost-effective for predictable workloads.
3. S3 Object Lock provides immutable storage with compliance features. Versioning must be enabled to use Object Lock.
4. Eliminate options that don't meet the core requirements. Look for solutions that are over-engineered, under-powered, or miss key constraints mentioned in the question.
5. Apply the Cost Optimization pillar: right-size resources, use appropriate pricing models (on-demand vs reserved vs spot), and eliminate waste."
809,810,TMC,"1. Eliminate options that don't meet the core requirements. Look for solutions that are over-engineered, under-powered, or miss key constraints mentioned in the question.
2. This tests secure architecture design. Focus on defense in depth, least privilege, and data protection.
3. Read the question carefully and identify all requirements before evaluating options.
4. Managed services are generally preferred over self-managed solutions for operational efficiency.
5. Consider the trade-offs between cost, performance, and operational complexity when choosing between options."
810,811,TMC,"1. Focus on the key requirements: security. Always choose solutions that directly address these specific needs.
2. NAT Gateway is fully managed and preferred over NAT Instance for operational efficiency. NAT resources must be in public subnets to provide internet access to private subnets.
3. Eliminate options that don't meet the core requirements. Look for solutions that are over-engineered, under-powered, or miss key constraints mentioned in the question.
4. This tests secure architecture design. Focus on defense in depth, least privilege, and data protection."
811,812,TMC,"1. Focus on the key requirements: performance optimization. Always choose solutions that directly address these specific needs.
2. S3 Object Lock provides immutable storage with compliance features. Versioning must be enabled to use Object Lock.
3. Eliminate options that don't meet the core requirements. Look for solutions that are over-engineered, under-powered, or miss key constraints mentioned in the question.
4. This tests high-performing architecture design. Focus on scalability, performance optimization, and right-sizing resources."
812,813,TMC,"1. Remember Lambda's 15-minute execution limit. For longer-running tasks, consider ECS Fargate or EC2.
2. NAT Gateway is fully managed and preferred over NAT Instance for operational efficiency. NAT resources must be in public subnets to provide internet access to private subnets.
3. Eliminate options that don't meet the core requirements. Look for solutions that are over-engineered, under-powered, or miss key constraints mentioned in the question.
4. This tests cost-optimized architecture design. Focus on resource optimization, pricing models, and cost monitoring."
813,814,TMC,"1. Focus on the key requirements: performance optimization. Always choose solutions that directly address these specific needs.
2. Remember Lambda's 15-minute execution limit. For longer-running tasks, consider ECS Fargate or EC2.
3. Eliminate options that don't meet the core requirements. Look for solutions that are over-engineered, under-powered, or miss key constraints mentioned in the question.
4. This tests high-performing architecture design. Focus on scalability, performance optimization, and right-sizing resources."
814,815,TMC,"1. S3 Object Lock provides immutable storage with compliance features. Versioning must be enabled to use Object Lock.
2. Eliminate options that don't meet the core requirements. Look for solutions that are over-engineered, under-powered, or miss key constraints mentioned in the question.
3. This tests high-performing architecture design. Focus on scalability, performance optimization, and right-sizing resources."
815,816,TMC,"1. Remember Lambda's 15-minute execution limit. For longer-running tasks, consider ECS Fargate or EC2.
2. S3 Object Lock provides immutable storage with compliance features. Versioning must be enabled to use Object Lock.
3. Eliminate options that don't meet the core requirements. Look for solutions that are over-engineered, under-powered, or miss key constraints mentioned in the question.
4. This tests resilient architecture design. Focus on fault tolerance, disaster recovery, and high availability patterns."
816,817,TMC,"1. Focus on the key requirements: performance optimization. Always choose solutions that directly address these specific needs.
2. S3 Object Lock provides immutable storage with compliance features. Versioning must be enabled to use Object Lock.
3. Eliminate options that don't meet the core requirements. Look for solutions that are over-engineered, under-powered, or miss key constraints mentioned in the question.
4. Apply the Cost Optimization pillar: right-size resources, use appropriate pricing models (on-demand vs reserved vs spot), and eliminate waste.
5. This tests high-performing architecture design. Focus on scalability, performance optimization, and right-sizing resources."
817,818,TMC,"1. Remember Lambda's 15-minute execution limit. For longer-running tasks, consider ECS Fargate or EC2.
2. S3 Object Lock provides immutable storage with compliance features. Versioning must be enabled to use Object Lock.
3. Eliminate options that don't meet the core requirements. Look for solutions that are over-engineered, under-powered, or miss key constraints mentioned in the question.
4. This tests high-performing architecture design. Focus on scalability, performance optimization, and right-sizing resources."
818,819,TMC,"1. S3 Object Lock provides immutable storage with compliance features. Versioning must be enabled to use Object Lock.
2. Eliminate options that don't meet the core requirements. Look for solutions that are over-engineered, under-powered, or miss key constraints mentioned in the question.
3. Apply the Cost Optimization pillar: right-size resources, use appropriate pricing models (on-demand vs reserved vs spot), and eliminate waste.
4. This tests cost-optimized architecture design. Focus on resource optimization, pricing models, and cost monitoring."
819,820,TMC,"1. Focus on the key requirements: high availability, security. Always choose solutions that directly address these specific needs.
2. Eliminate options that don't meet the core requirements. Look for solutions that are over-engineered, under-powered, or miss key constraints mentioned in the question.
3. This tests high-performing architecture design. Focus on scalability, performance optimization, and right-sizing resources."
820,821,TMC,"1. Eliminate options that don't meet the core requirements. Look for solutions that are over-engineered, under-powered, or miss key constraints mentioned in the question.
2. This tests secure architecture design. Focus on defense in depth, least privilege, and data protection.
3. Read the question carefully and identify all requirements before evaluating options.
4. Managed services are generally preferred over self-managed solutions for operational efficiency.
5. Consider the trade-offs between cost, performance, and operational complexity when choosing between options."
821,822,TMC,"1. Eliminate options that don't meet the core requirements. Look for solutions that are over-engineered, under-powered, or miss key constraints mentioned in the question.
2. Apply the Cost Optimization pillar: right-size resources, use appropriate pricing models (on-demand vs reserved vs spot), and eliminate waste.
3. This tests high-performing architecture design. Focus on scalability, performance optimization, and right-sizing resources."
822,823,TMC,"1. Remember Lambda's 15-minute execution limit. For longer-running tasks, consider ECS Fargate or EC2.
2. Eliminate options that don't meet the core requirements. Look for solutions that are over-engineered, under-powered, or miss key constraints mentioned in the question.
3. This tests high-performing architecture design. Focus on scalability, performance optimization, and right-sizing resources."
823,824,TMC,"1. S3 Object Lock provides immutable storage with compliance features. Versioning must be enabled to use Object Lock.
2. Eliminate options that don't meet the core requirements. Look for solutions that are over-engineered, under-powered, or miss key constraints mentioned in the question.
3. Apply the Cost Optimization pillar: right-size resources, use appropriate pricing models (on-demand vs reserved vs spot), and eliminate waste.
4. This tests cost-optimized architecture design. Focus on resource optimization, pricing models, and cost monitoring."
824,825,TMC,"1. Remember Lambda's 15-minute execution limit. For longer-running tasks, consider ECS Fargate or EC2.
2. Eliminate options that don't meet the core requirements. Look for solutions that are over-engineered, under-powered, or miss key constraints mentioned in the question.
3. Apply the Cost Optimization pillar: right-size resources, use appropriate pricing models (on-demand vs reserved vs spot), and eliminate waste.
4. This tests cost-optimized architecture design. Focus on resource optimization, pricing models, and cost monitoring."
825,826,TMC,"1. Remember Lambda's 15-minute execution limit. For longer-running tasks, consider ECS Fargate or EC2.
2. DynamoDB on-demand provides instant scaling without capacity planning, while provisioned capacity requires pre-planning but can be more cost-effective for predictable workloads.
3. Eliminate options that don't meet the core requirements. Look for solutions that are over-engineered, under-powered, or miss key constraints mentioned in the question.
4. This tests resilient architecture design. Focus on fault tolerance, disaster recovery, and high availability patterns."
826,827,TMC,"1. S3 Object Lock provides immutable storage with compliance features. Versioning must be enabled to use Object Lock.
2. Eliminate options that don't meet the core requirements. Look for solutions that are over-engineered, under-powered, or miss key constraints mentioned in the question.
3. This tests resilient architecture design. Focus on fault tolerance, disaster recovery, and high availability patterns."
827,828,TMC,"1. Focus on the key requirements: performance optimization. Always choose solutions that directly address these specific needs.
2. Eliminate options that don't meet the core requirements. Look for solutions that are over-engineered, under-powered, or miss key constraints mentioned in the question.
3. This tests high-performing architecture design. Focus on scalability, performance optimization, and right-sizing resources."
828,829,TMC,"1. Eliminate options that don't meet the core requirements. Look for solutions that are over-engineered, under-powered, or miss key constraints mentioned in the question.
2. Apply the Cost Optimization pillar: right-size resources, use appropriate pricing models (on-demand vs reserved vs spot), and eliminate waste.
3. This tests cost-optimized architecture design. Focus on resource optimization, pricing models, and cost monitoring."
829,830,TMC,"1. Remember Lambda's 15-minute execution limit. For longer-running tasks, consider ECS Fargate or EC2.
2. DynamoDB on-demand provides instant scaling without capacity planning, while provisioned capacity requires pre-planning but can be more cost-effective for predictable workloads.
3. Eliminate options that don't meet the core requirements. Look for solutions that are over-engineered, under-powered, or miss key constraints mentioned in the question.
4. This tests resilient architecture design. Focus on fault tolerance, disaster recovery, and high availability patterns."
830,831,TMCMA,"1. Eliminate options that don't meet the core requirements. Look for solutions that are over-engineered, under-powered, or miss key constraints mentioned in the question.
2. This tests secure architecture design. Focus on defense in depth, least privilege, and data protection.
3. Read the question carefully and identify all requirements before evaluating options.
4. Managed services are generally preferred over self-managed solutions for operational efficiency.
5. Consider the trade-offs between cost, performance, and operational complexity when choosing between options."
831,832,TMC,"1. Eliminate options that don't meet the core requirements. Look for solutions that are over-engineered, under-powered, or miss key constraints mentioned in the question.
2. This tests high-performing architecture design. Focus on scalability, performance optimization, and right-sizing resources.
3. Read the question carefully and identify all requirements before evaluating options.
4. Managed services are generally preferred over self-managed solutions for operational efficiency.
5. Consider the trade-offs between cost, performance, and operational complexity when choosing between options."
832,833,TMC,"1. Remember Lambda's 15-minute execution limit. For longer-running tasks, consider ECS Fargate or EC2.
2. S3 Object Lock provides immutable storage with compliance features. Versioning must be enabled to use Object Lock.
3. Eliminate options that don't meet the core requirements. Look for solutions that are over-engineered, under-powered, or miss key constraints mentioned in the question.
4. This tests high-performing architecture design. Focus on scalability, performance optimization, and right-sizing resources."
833,834,TMC,"1. Remember Lambda's 15-minute execution limit. For longer-running tasks, consider ECS Fargate or EC2.
2. S3 Object Lock provides immutable storage with compliance features. Versioning must be enabled to use Object Lock.
3. Eliminate options that don't meet the core requirements. Look for solutions that are over-engineered, under-powered, or miss key constraints mentioned in the question.
4. This tests secure architecture design. Focus on defense in depth, least privilege, and data protection."
834,835,TMC,"1. S3 Object Lock provides immutable storage with compliance features. Versioning must be enabled to use Object Lock.
2. Eliminate options that don't meet the core requirements. Look for solutions that are over-engineered, under-powered, or miss key constraints mentioned in the question.
3. This tests secure architecture design. Focus on defense in depth, least privilege, and data protection."
835,836,TMC,"1. Focus on the key requirements: scalability. Always choose solutions that directly address these specific needs.
2. NAT Gateway is fully managed and preferred over NAT Instance for operational efficiency. NAT resources must be in public subnets to provide internet access to private subnets.
3. Eliminate options that don't meet the core requirements. Look for solutions that are over-engineered, under-powered, or miss key constraints mentioned in the question.
4. This tests high-performing architecture design. Focus on scalability, performance optimization, and right-sizing resources."
836,837,TMC,"1. S3 Object Lock provides immutable storage with compliance features. Versioning must be enabled to use Object Lock.
2. Eliminate options that don't meet the core requirements. Look for solutions that are over-engineered, under-powered, or miss key constraints mentioned in the question.
3. Apply the Cost Optimization pillar: right-size resources, use appropriate pricing models (on-demand vs reserved vs spot), and eliminate waste.
4. This tests cost-optimized architecture design. Focus on resource optimization, pricing models, and cost monitoring."
837,838,TMC,"1. Remember Lambda's 15-minute execution limit. For longer-running tasks, consider ECS Fargate or EC2.
2. S3 Object Lock provides immutable storage with compliance features. Versioning must be enabled to use Object Lock.
3. Eliminate options that don't meet the core requirements. Look for solutions that are over-engineered, under-powered, or miss key constraints mentioned in the question.
4. This tests resilient architecture design. Focus on fault tolerance, disaster recovery, and high availability patterns."
838,839,TMC,"1. S3 Object Lock provides immutable storage with compliance features. Versioning must be enabled to use Object Lock.
2. Eliminate options that don't meet the core requirements. Look for solutions that are over-engineered, under-powered, or miss key constraints mentioned in the question.
3. This tests high-performing architecture design. Focus on scalability, performance optimization, and right-sizing resources."
839,840,TMC,"1. Remember Lambda's 15-minute execution limit. For longer-running tasks, consider ECS Fargate or EC2.
2. DynamoDB on-demand provides instant scaling without capacity planning, while provisioned capacity requires pre-planning but can be more cost-effective for predictable workloads.
3. Eliminate options that don't meet the core requirements. Look for solutions that are over-engineered, under-powered, or miss key constraints mentioned in the question.
4. This tests cost-optimized architecture design. Focus on resource optimization, pricing models, and cost monitoring."
840,841,TMCMA,"1. Eliminate options that don't meet the core requirements. Look for solutions that are over-engineered, under-powered, or miss key constraints mentioned in the question.
2. Apply the Cost Optimization pillar: right-size resources, use appropriate pricing models (on-demand vs reserved vs spot), and eliminate waste.
3. This tests cost-optimized architecture design. Focus on resource optimization, pricing models, and cost monitoring."
841,842,TMC,"1. Remember Lambda's 15-minute execution limit. For longer-running tasks, consider ECS Fargate or EC2.
2. S3 Object Lock provides immutable storage with compliance features. Versioning must be enabled to use Object Lock.
3. Spot Instances can be interrupted with 2-minute notice. Never use for stateful or critical workloads that cannot tolerate interruptions.
4. Eliminate options that don't meet the core requirements. Look for solutions that are over-engineered, under-powered, or miss key constraints mentioned in the question.
5. Apply the Cost Optimization pillar: right-size resources, use appropriate pricing models (on-demand vs reserved vs spot), and eliminate waste."
842,843,TMC,"1. Remember Lambda's 15-minute execution limit. For longer-running tasks, consider ECS Fargate or EC2.
2. DynamoDB on-demand provides instant scaling without capacity planning, while provisioned capacity requires pre-planning but can be more cost-effective for predictable workloads.
3. S3 Object Lock provides immutable storage with compliance features. Versioning must be enabled to use Object Lock.
4. Eliminate options that don't meet the core requirements. Look for solutions that are over-engineered, under-powered, or miss key constraints mentioned in the question.
5. This tests high-performing architecture design. Focus on scalability, performance optimization, and right-sizing resources."
843,844,TMCMA,"1. Remember Lambda's 15-minute execution limit. For longer-running tasks, consider ECS Fargate or EC2.
2. DynamoDB on-demand provides instant scaling without capacity planning, while provisioned capacity requires pre-planning but can be more cost-effective for predictable workloads.
3. Eliminate options that don't meet the core requirements. Look for solutions that are over-engineered, under-powered, or miss key constraints mentioned in the question.
4. This tests resilient architecture design. Focus on fault tolerance, disaster recovery, and high availability patterns."
844,845,TMCMA,"1. Focus on the key requirements: security. Always choose solutions that directly address these specific needs.
2. Eliminate options that don't meet the core requirements. Look for solutions that are over-engineered, under-powered, or miss key constraints mentioned in the question.
3. This tests secure architecture design. Focus on defense in depth, least privilege, and data protection."
845,846,TMC,"1. Focus on the key requirements: cost optimization. Always choose solutions that directly address these specific needs.
2. S3 Object Lock provides immutable storage with compliance features. Versioning must be enabled to use Object Lock.
3. Eliminate options that don't meet the core requirements. Look for solutions that are over-engineered, under-powered, or miss key constraints mentioned in the question.
4. Apply the Cost Optimization pillar: right-size resources, use appropriate pricing models (on-demand vs reserved vs spot), and eliminate waste.
5. This tests high-performing architecture design. Focus on scalability, performance optimization, and right-sizing resources."
846,847,TMC,"1. Focus on the key requirements: security. Always choose solutions that directly address these specific needs.
2. NAT Gateway is fully managed and preferred over NAT Instance for operational efficiency. NAT resources must be in public subnets to provide internet access to private subnets.
3. Eliminate options that don't meet the core requirements. Look for solutions that are over-engineered, under-powered, or miss key constraints mentioned in the question.
4. This tests secure architecture design. Focus on defense in depth, least privilege, and data protection."
847,848,TMCMA,"1. Focus on the key requirements: performance optimization. Always choose solutions that directly address these specific needs.
2. Eliminate options that don't meet the core requirements. Look for solutions that are over-engineered, under-powered, or miss key constraints mentioned in the question.
3. This tests high-performing architecture design. Focus on scalability, performance optimization, and right-sizing resources."
848,849,TMC,"1. Focus on the key requirements: scalability. Always choose solutions that directly address these specific needs.
2. Remember Lambda's 15-minute execution limit. For longer-running tasks, consider ECS Fargate or EC2.
3. Eliminate options that don't meet the core requirements. Look for solutions that are over-engineered, under-powered, or miss key constraints mentioned in the question.
4. This tests cost-optimized architecture design. Focus on resource optimization, pricing models, and cost monitoring."
849,850,TMC,"1. Eliminate options that don't meet the core requirements. Look for solutions that are over-engineered, under-powered, or miss key constraints mentioned in the question.
2. This tests secure architecture design. Focus on defense in depth, least privilege, and data protection.
3. Read the question carefully and identify all requirements before evaluating options.
4. Managed services are generally preferred over self-managed solutions for operational efficiency.
5. Consider the trade-offs between cost, performance, and operational complexity when choosing between options."
850,851,TMC,"1. Focus on the key requirements: security. Always choose solutions that directly address these specific needs.
2. S3 Object Lock provides immutable storage with compliance features. Versioning must be enabled to use Object Lock.
3. Eliminate options that don't meet the core requirements. Look for solutions that are over-engineered, under-powered, or miss key constraints mentioned in the question.
4. This tests secure architecture design. Focus on defense in depth, least privilege, and data protection."
851,852,TMC,"1. S3 Object Lock provides immutable storage with compliance features. Versioning must be enabled to use Object Lock.
2. Eliminate options that don't meet the core requirements. Look for solutions that are over-engineered, under-powered, or miss key constraints mentioned in the question.
3. Apply the Cost Optimization pillar: right-size resources, use appropriate pricing models (on-demand vs reserved vs spot), and eliminate waste.
4. This tests cost-optimized architecture design. Focus on resource optimization, pricing models, and cost monitoring."
852,853,TMC,"1. S3 Object Lock provides immutable storage with compliance features. Versioning must be enabled to use Object Lock.
2. Eliminate options that don't meet the core requirements. Look for solutions that are over-engineered, under-powered, or miss key constraints mentioned in the question.
3. This tests cost-optimized architecture design. Focus on resource optimization, pricing models, and cost monitoring."
853,854,TMC,"1. S3 Object Lock provides immutable storage with compliance features. Versioning must be enabled to use Object Lock.
2. Eliminate options that don't meet the core requirements. Look for solutions that are over-engineered, under-powered, or miss key constraints mentioned in the question.
3. This tests high-performing architecture design. Focus on scalability, performance optimization, and right-sizing resources."
854,855,TMC,"1. Remember Lambda's 15-minute execution limit. For longer-running tasks, consider ECS Fargate or EC2.
2. S3 Object Lock provides immutable storage with compliance features. Versioning must be enabled to use Object Lock.
3. Eliminate options that don't meet the core requirements. Look for solutions that are over-engineered, under-powered, or miss key constraints mentioned in the question.
4. Apply the Cost Optimization pillar: right-size resources, use appropriate pricing models (on-demand vs reserved vs spot), and eliminate waste.
5. This tests cost-optimized architecture design. Focus on resource optimization, pricing models, and cost monitoring."
855,856,TMCMA,"1. Focus on the key requirements: performance optimization. Always choose solutions that directly address these specific needs.
2. Remember Lambda's 15-minute execution limit. For longer-running tasks, consider ECS Fargate or EC2.
3. S3 Object Lock provides immutable storage with compliance features. Versioning must be enabled to use Object Lock.
4. Eliminate options that don't meet the core requirements. Look for solutions that are over-engineered, under-powered, or miss key constraints mentioned in the question.
5. This tests secure architecture design. Focus on defense in depth, least privilege, and data protection."
856,857,TMC,"1. S3 Object Lock provides immutable storage with compliance features. Versioning must be enabled to use Object Lock.
2. Eliminate options that don't meet the core requirements. Look for solutions that are over-engineered, under-powered, or miss key constraints mentioned in the question.
3. Apply the Cost Optimization pillar: right-size resources, use appropriate pricing models (on-demand vs reserved vs spot), and eliminate waste.
4. This tests cost-optimized architecture design. Focus on resource optimization, pricing models, and cost monitoring."
857,858,TMC,"1. Focus on the key requirements: scalability. Always choose solutions that directly address these specific needs.
2. Remember Lambda's 15-minute execution limit. For longer-running tasks, consider ECS Fargate or EC2.
3. Eliminate options that don't meet the core requirements. Look for solutions that are over-engineered, under-powered, or miss key constraints mentioned in the question.
4. This tests high-performing architecture design. Focus on scalability, performance optimization, and right-sizing resources."
858,859,TMC,"1. Eliminate options that don't meet the core requirements. Look for solutions that are over-engineered, under-powered, or miss key constraints mentioned in the question.
2. This tests high-performing architecture design. Focus on scalability, performance optimization, and right-sizing resources.
3. Read the question carefully and identify all requirements before evaluating options.
4. Managed services are generally preferred over self-managed solutions for operational efficiency.
5. Consider the trade-offs between cost, performance, and operational complexity when choosing between options."
859,860,TMCMA,"1. Remember Lambda's 15-minute execution limit. For longer-running tasks, consider ECS Fargate or EC2.
2. Spot Instances can be interrupted with 2-minute notice. Never use for stateful or critical workloads that cannot tolerate interruptions.
3. Eliminate options that don't meet the core requirements. Look for solutions that are over-engineered, under-powered, or miss key constraints mentioned in the question.
4. Apply the Cost Optimization pillar: right-size resources, use appropriate pricing models (on-demand vs reserved vs spot), and eliminate waste.
5. This tests cost-optimized architecture design. Focus on resource optimization, pricing models, and cost monitoring."
860,861,TMC,"1. Remember Lambda's 15-minute execution limit. For longer-running tasks, consider ECS Fargate or EC2.
2. S3 Object Lock provides immutable storage with compliance features. Versioning must be enabled to use Object Lock.
3. Eliminate options that don't meet the core requirements. Look for solutions that are over-engineered, under-powered, or miss key constraints mentioned in the question.
4. This tests high-performing architecture design. Focus on scalability, performance optimization, and right-sizing resources."
861,862,TMC,"1. Remember Lambda's 15-minute execution limit. For longer-running tasks, consider ECS Fargate or EC2.
2. Eliminate options that don't meet the core requirements. Look for solutions that are over-engineered, under-powered, or miss key constraints mentioned in the question.
3. This tests resilient architecture design. Focus on fault tolerance, disaster recovery, and high availability patterns."
862,863,TMC,"1. Remember Lambda's 15-minute execution limit. For longer-running tasks, consider ECS Fargate or EC2.
2. Eliminate options that don't meet the core requirements. Look for solutions that are over-engineered, under-powered, or miss key constraints mentioned in the question.
3. This tests resilient architecture design. Focus on fault tolerance, disaster recovery, and high availability patterns."
863,864,TMC,"1. Focus on the key requirements: high availability. Always choose solutions that directly address these specific needs.
2. Eliminate options that don't meet the core requirements. Look for solutions that are over-engineered, under-powered, or miss key constraints mentioned in the question.
3. This tests resilient architecture design. Focus on fault tolerance, disaster recovery, and high availability patterns."
864,865,TMC,"1. Focus on the key requirements: security. Always choose solutions that directly address these specific needs.
2. Eliminate options that don't meet the core requirements. Look for solutions that are over-engineered, under-powered, or miss key constraints mentioned in the question.
3. This tests secure architecture design. Focus on defense in depth, least privilege, and data protection."
865,866,TMCMA,"1. Focus on the key requirements: security. Always choose solutions that directly address these specific needs.
2. Eliminate options that don't meet the core requirements. Look for solutions that are over-engineered, under-powered, or miss key constraints mentioned in the question.
3. Apply the Reliability pillar: design for failure, use multiple AZs, implement automated recovery, and choose managed services when possible.
4. This tests secure architecture design. Focus on defense in depth, least privilege, and data protection."
866,867,TMC,"1. Focus on the key requirements: high availability. Always choose solutions that directly address these specific needs.
2. S3 Object Lock provides immutable storage with compliance features. Versioning must be enabled to use Object Lock.
3. Eliminate options that don't meet the core requirements. Look for solutions that are over-engineered, under-powered, or miss key constraints mentioned in the question.
4. Apply the Cost Optimization pillar: right-size resources, use appropriate pricing models (on-demand vs reserved vs spot), and eliminate waste.
5. This tests cost-optimized architecture design. Focus on resource optimization, pricing models, and cost monitoring."
867,868,TMC,"1. Focus on the key requirements: scalability, performance optimization. Always choose solutions that directly address these specific needs.
2. Remember Lambda's 15-minute execution limit. For longer-running tasks, consider ECS Fargate or EC2.
3. Eliminate options that don't meet the core requirements. Look for solutions that are over-engineered, under-powered, or miss key constraints mentioned in the question.
4. This tests high-performing architecture design. Focus on scalability, performance optimization, and right-sizing resources."
868,869,TMC,"1. Focus on the key requirements: performance optimization. Always choose solutions that directly address these specific needs.
2. Eliminate options that don't meet the core requirements. Look for solutions that are over-engineered, under-powered, or miss key constraints mentioned in the question.
3. Apply the Cost Optimization pillar: right-size resources, use appropriate pricing models (on-demand vs reserved vs spot), and eliminate waste.
4. This tests high-performing architecture design. Focus on scalability, performance optimization, and right-sizing resources."
869,870,TMC,"1. S3 Object Lock provides immutable storage with compliance features. Versioning must be enabled to use Object Lock.
2. Eliminate options that don't meet the core requirements. Look for solutions that are over-engineered, under-powered, or miss key constraints mentioned in the question.
3. This tests high-performing architecture design. Focus on scalability, performance optimization, and right-sizing resources."
870,871,TMCMA,"1. Focus on the key requirements: scalability. Always choose solutions that directly address these specific needs.
2. Eliminate options that don't meet the core requirements. Look for solutions that are over-engineered, under-powered, or miss key constraints mentioned in the question.
3. This tests cost-optimized architecture design. Focus on resource optimization, pricing models, and cost monitoring."
871,872,TMC,"1. Focus on the key requirements: high availability. Always choose solutions that directly address these specific needs.
2. Eliminate options that don't meet the core requirements. Look for solutions that are over-engineered, under-powered, or miss key constraints mentioned in the question.
3. This tests high-performing architecture design. Focus on scalability, performance optimization, and right-sizing resources."
872,873,TMC,"1. Focus on the key requirements: security. Always choose solutions that directly address these specific needs.
2. Eliminate options that don't meet the core requirements. Look for solutions that are over-engineered, under-powered, or miss key constraints mentioned in the question.
3. Apply the Reliability pillar: design for failure, use multiple AZs, implement automated recovery, and choose managed services when possible.
4. This tests secure architecture design. Focus on defense in depth, least privilege, and data protection."
873,874,TMC,"1. Focus on the key requirements: security. Always choose solutions that directly address these specific needs.
2. Remember Lambda's 15-minute execution limit. For longer-running tasks, consider ECS Fargate or EC2.
3. Eliminate options that don't meet the core requirements. Look for solutions that are over-engineered, under-powered, or miss key constraints mentioned in the question.
4. This tests secure architecture design. Focus on defense in depth, least privilege, and data protection."
874,875,TMCMA,"1. Remember Lambda's 15-minute execution limit. For longer-running tasks, consider ECS Fargate or EC2.
2. S3 Object Lock provides immutable storage with compliance features. Versioning must be enabled to use Object Lock.
3. Eliminate options that don't meet the core requirements. Look for solutions that are over-engineered, under-powered, or miss key constraints mentioned in the question.
4. This tests high-performing architecture design. Focus on scalability, performance optimization, and right-sizing resources."
875,876,TMCMA,"1. Focus on the key requirements: scalability. Always choose solutions that directly address these specific needs.
2. S3 Object Lock provides immutable storage with compliance features. Versioning must be enabled to use Object Lock.
3. Spot Instances can be interrupted with 2-minute notice. Never use for stateful or critical workloads that cannot tolerate interruptions.
4. Eliminate options that don't meet the core requirements. Look for solutions that are over-engineered, under-powered, or miss key constraints mentioned in the question.
5. This tests high-performing architecture design. Focus on scalability, performance optimization, and right-sizing resources."
876,877,TMC,"1. Eliminate options that don't meet the core requirements. Look for solutions that are over-engineered, under-powered, or miss key constraints mentioned in the question.
2. This tests secure architecture design. Focus on defense in depth, least privilege, and data protection.
3. Read the question carefully and identify all requirements before evaluating options.
4. Managed services are generally preferred over self-managed solutions for operational efficiency.
5. Consider the trade-offs between cost, performance, and operational complexity when choosing between options."
877,878,TMC,"1. Remember Lambda's 15-minute execution limit. For longer-running tasks, consider ECS Fargate or EC2.
2. S3 Object Lock provides immutable storage with compliance features. Versioning must be enabled to use Object Lock.
3. Eliminate options that don't meet the core requirements. Look for solutions that are over-engineered, under-powered, or miss key constraints mentioned in the question.
4. This tests cost-optimized architecture design. Focus on resource optimization, pricing models, and cost monitoring."
878,879,TMC,"1. S3 Object Lock provides immutable storage with compliance features. Versioning must be enabled to use Object Lock.
2. Eliminate options that don't meet the core requirements. Look for solutions that are over-engineered, under-powered, or miss key constraints mentioned in the question.
3. Apply the Cost Optimization pillar: right-size resources, use appropriate pricing models (on-demand vs reserved vs spot), and eliminate waste.
4. This tests cost-optimized architecture design. Focus on resource optimization, pricing models, and cost monitoring."
879,880,TMC,"1. NAT Gateway is fully managed and preferred over NAT Instance for operational efficiency. NAT resources must be in public subnets to provide internet access to private subnets.
2. Eliminate options that don't meet the core requirements. Look for solutions that are over-engineered, under-powered, or miss key constraints mentioned in the question.
3. This tests resilient architecture design. Focus on fault tolerance, disaster recovery, and high availability patterns."
880,881,TMC,"1. Remember Lambda's 15-minute execution limit. For longer-running tasks, consider ECS Fargate or EC2.
2. DynamoDB on-demand provides instant scaling without capacity planning, while provisioned capacity requires pre-planning but can be more cost-effective for predictable workloads.
3. S3 Object Lock provides immutable storage with compliance features. Versioning must be enabled to use Object Lock.
4. Eliminate options that don't meet the core requirements. Look for solutions that are over-engineered, under-powered, or miss key constraints mentioned in the question.
5. This tests cost-optimized architecture design. Focus on resource optimization, pricing models, and cost monitoring."
881,882,TMC,"1. Focus on the key requirements: security. Always choose solutions that directly address these specific needs.
2. Eliminate options that don't meet the core requirements. Look for solutions that are over-engineered, under-powered, or miss key constraints mentioned in the question.
3. This tests secure architecture design. Focus on defense in depth, least privilege, and data protection."
882,883,TMC,"1. Focus on the key requirements: cost optimization. Always choose solutions that directly address these specific needs.
2. S3 Object Lock provides immutable storage with compliance features. Versioning must be enabled to use Object Lock.
3. Eliminate options that don't meet the core requirements. Look for solutions that are over-engineered, under-powered, or miss key constraints mentioned in the question.
4. Apply the Cost Optimization pillar: right-size resources, use appropriate pricing models (on-demand vs reserved vs spot), and eliminate waste.
5. This tests high-performing architecture design. Focus on scalability, performance optimization, and right-sizing resources."
883,884,TMC,"1. Focus on the key requirements: performance optimization. Always choose solutions that directly address these specific needs.
2. DynamoDB on-demand provides instant scaling without capacity planning, while provisioned capacity requires pre-planning but can be more cost-effective for predictable workloads.
3. Eliminate options that don't meet the core requirements. Look for solutions that are over-engineered, under-powered, or miss key constraints mentioned in the question.
4. This tests high-performing architecture design. Focus on scalability, performance optimization, and right-sizing resources."
884,885,TMC,"1. Eliminate options that don't meet the core requirements. Look for solutions that are over-engineered, under-powered, or miss key constraints mentioned in the question.
2. This tests resilient architecture design. Focus on fault tolerance, disaster recovery, and high availability patterns.
3. Read the question carefully and identify all requirements before evaluating options.
4. Managed services are generally preferred over self-managed solutions for operational efficiency.
5. Consider the trade-offs between cost, performance, and operational complexity when choosing between options."
885,886,TMCMA,"1. Focus on the key requirements: performance optimization. Always choose solutions that directly address these specific needs.
2. Eliminate options that don't meet the core requirements. Look for solutions that are over-engineered, under-powered, or miss key constraints mentioned in the question.
3. This tests high-performing architecture design. Focus on scalability, performance optimization, and right-sizing resources."
886,887,TMCMA,"1. Focus on the key requirements: security. Always choose solutions that directly address these specific needs.
2. Eliminate options that don't meet the core requirements. Look for solutions that are over-engineered, under-powered, or miss key constraints mentioned in the question.
3. This tests resilient architecture design. Focus on fault tolerance, disaster recovery, and high availability patterns."
887,888,TMCMA,"1. Focus on the key requirements: performance optimization. Always choose solutions that directly address these specific needs.
2. Remember Lambda's 15-minute execution limit. For longer-running tasks, consider ECS Fargate or EC2.
3. S3 Object Lock provides immutable storage with compliance features. Versioning must be enabled to use Object Lock.
4. Eliminate options that don't meet the core requirements. Look for solutions that are over-engineered, under-powered, or miss key constraints mentioned in the question.
5. This tests high-performing architecture design. Focus on scalability, performance optimization, and right-sizing resources."
888,889,TMC,"1. S3 Object Lock provides immutable storage with compliance features. Versioning must be enabled to use Object Lock.
2. Eliminate options that don't meet the core requirements. Look for solutions that are over-engineered, under-powered, or miss key constraints mentioned in the question.
3. Apply the Cost Optimization pillar: right-size resources, use appropriate pricing models (on-demand vs reserved vs spot), and eliminate waste.
4. This tests cost-optimized architecture design. Focus on resource optimization, pricing models, and cost monitoring."
889,890,TMC,"1. Remember Lambda's 15-minute execution limit. For longer-running tasks, consider ECS Fargate or EC2.
2. Eliminate options that don't meet the core requirements. Look for solutions that are over-engineered, under-powered, or miss key constraints mentioned in the question.
3. This tests high-performing architecture design. Focus on scalability, performance optimization, and right-sizing resources."
890,891,TMC,"1. S3 Object Lock provides immutable storage with compliance features. Versioning must be enabled to use Object Lock.
2. Eliminate options that don't meet the core requirements. Look for solutions that are over-engineered, under-powered, or miss key constraints mentioned in the question.
3. This tests secure architecture design. Focus on defense in depth, least privilege, and data protection."
891,892,TMC,"1. Remember Lambda's 15-minute execution limit. For longer-running tasks, consider ECS Fargate or EC2.
2. Eliminate options that don't meet the core requirements. Look for solutions that are over-engineered, under-powered, or miss key constraints mentioned in the question.
3. This tests resilient architecture design. Focus on fault tolerance, disaster recovery, and high availability patterns."
892,893,TMCMA,"1. Focus on the key requirements: security. Always choose solutions that directly address these specific needs.
2. Eliminate options that don't meet the core requirements. Look for solutions that are over-engineered, under-powered, or miss key constraints mentioned in the question.
3. This tests secure architecture design. Focus on defense in depth, least privilege, and data protection."
893,894,TMC,"1. Remember Lambda's 15-minute execution limit. For longer-running tasks, consider ECS Fargate or EC2.
2. Eliminate options that don't meet the core requirements. Look for solutions that are over-engineered, under-powered, or miss key constraints mentioned in the question.
3. Apply the Cost Optimization pillar: right-size resources, use appropriate pricing models (on-demand vs reserved vs spot), and eliminate waste.
4. This tests cost-optimized architecture design. Focus on resource optimization, pricing models, and cost monitoring."
894,895,TMC,"1. Eliminate options that don't meet the core requirements. Look for solutions that are over-engineered, under-powered, or miss key constraints mentioned in the question.
2. This tests high-performing architecture design. Focus on scalability, performance optimization, and right-sizing resources.
3. Read the question carefully and identify all requirements before evaluating options.
4. Managed services are generally preferred over self-managed solutions for operational efficiency.
5. Consider the trade-offs between cost, performance, and operational complexity when choosing between options."
895,896,TMC,"1. Remember Lambda's 15-minute execution limit. For longer-running tasks, consider ECS Fargate or EC2.
2. Eliminate options that don't meet the core requirements. Look for solutions that are over-engineered, under-powered, or miss key constraints mentioned in the question.
3. Apply the Cost Optimization pillar: right-size resources, use appropriate pricing models (on-demand vs reserved vs spot), and eliminate waste.
4. This tests cost-optimized architecture design. Focus on resource optimization, pricing models, and cost monitoring."
896,897,TMC,"1. S3 Object Lock provides immutable storage with compliance features. Versioning must be enabled to use Object Lock.
2. Eliminate options that don't meet the core requirements. Look for solutions that are over-engineered, under-powered, or miss key constraints mentioned in the question.
3. This tests resilient architecture design. Focus on fault tolerance, disaster recovery, and high availability patterns."
897,898,TMC,"1. Focus on the key requirements: security. Always choose solutions that directly address these specific needs.
2. Eliminate options that don't meet the core requirements. Look for solutions that are over-engineered, under-powered, or miss key constraints mentioned in the question.
3. This tests secure architecture design. Focus on defense in depth, least privilege, and data protection."
898,899,TMC,"1. S3 Object Lock provides immutable storage with compliance features. Versioning must be enabled to use Object Lock.
2. Eliminate options that don't meet the core requirements. Look for solutions that are over-engineered, under-powered, or miss key constraints mentioned in the question.
3. Apply the Cost Optimization pillar: right-size resources, use appropriate pricing models (on-demand vs reserved vs spot), and eliminate waste.
4. This tests cost-optimized architecture design. Focus on resource optimization, pricing models, and cost monitoring."
899,900,TMC,"1. Remember Lambda's 15-minute execution limit. For longer-running tasks, consider ECS Fargate or EC2.
2. Spot Instances can be interrupted with 2-minute notice. Never use for stateful or critical workloads that cannot tolerate interruptions.
3. Eliminate options that don't meet the core requirements. Look for solutions that are over-engineered, under-powered, or miss key constraints mentioned in the question.
4. Apply the Cost Optimization pillar: right-size resources, use appropriate pricing models (on-demand vs reserved vs spot), and eliminate waste.
5. This tests cost-optimized architecture design. Focus on resource optimization, pricing models, and cost monitoring."
900,901,TMC,"1. S3 Object Lock provides immutable storage with compliance features. Versioning must be enabled to use Object Lock.
2. Eliminate options that don't meet the core requirements. Look for solutions that are over-engineered, under-powered, or miss key constraints mentioned in the question.
3. This tests secure architecture design. Focus on defense in depth, least privilege, and data protection."
901,902,TMC,"1. Eliminate options that don't meet the core requirements. Look for solutions that are over-engineered, under-powered, or miss key constraints mentioned in the question.
2. Apply the Cost Optimization pillar: right-size resources, use appropriate pricing models (on-demand vs reserved vs spot), and eliminate waste.
3. This tests cost-optimized architecture design. Focus on resource optimization, pricing models, and cost monitoring."
902,903,TMC,"1. Remember Lambda's 15-minute execution limit. For longer-running tasks, consider ECS Fargate or EC2.
2. Eliminate options that don't meet the core requirements. Look for solutions that are over-engineered, under-powered, or miss key constraints mentioned in the question.
3. Apply the Cost Optimization pillar: right-size resources, use appropriate pricing models (on-demand vs reserved vs spot), and eliminate waste.
4. This tests cost-optimized architecture design. Focus on resource optimization, pricing models, and cost monitoring."
903,904,TMCMA,"1. Focus on the key requirements: scalability. Always choose solutions that directly address these specific needs.
2. Eliminate options that don't meet the core requirements. Look for solutions that are over-engineered, under-powered, or miss key constraints mentioned in the question.
3. This tests high-performing architecture design. Focus on scalability, performance optimization, and right-sizing resources."
904,905,TMC,"1. Focus on the key requirements: performance optimization. Always choose solutions that directly address these specific needs.
2. DynamoDB on-demand provides instant scaling without capacity planning, while provisioned capacity requires pre-planning but can be more cost-effective for predictable workloads.
3. Eliminate options that don't meet the core requirements. Look for solutions that are over-engineered, under-powered, or miss key constraints mentioned in the question.
4. This tests high-performing architecture design. Focus on scalability, performance optimization, and right-sizing resources."
905,906,TMC,"1. S3 Object Lock provides immutable storage with compliance features. Versioning must be enabled to use Object Lock.
2. Eliminate options that don't meet the core requirements. Look for solutions that are over-engineered, under-powered, or miss key constraints mentioned in the question.
3. This tests high-performing architecture design. Focus on scalability, performance optimization, and right-sizing resources."
906,907,TMC,"1. Focus on the key requirements: minimal operational overhead, scalability. Always choose solutions that directly address these specific needs.
2. Eliminate options that don't meet the core requirements. Look for solutions that are over-engineered, under-powered, or miss key constraints mentioned in the question.
3. This tests high-performing architecture design. Focus on scalability, performance optimization, and right-sizing resources."
907,908,TMCMA,"1. Eliminate options that don't meet the core requirements. Look for solutions that are over-engineered, under-powered, or miss key constraints mentioned in the question.
2. This tests high-performing architecture design. Focus on scalability, performance optimization, and right-sizing resources.
3. Read the question carefully and identify all requirements before evaluating options.
4. Managed services are generally preferred over self-managed solutions for operational efficiency.
5. Consider the trade-offs between cost, performance, and operational complexity when choosing between options."
908,909,TMC,"1. Focus on the key requirements: cost optimization, high availability. Always choose solutions that directly address these specific needs.
2. Remember Lambda's 15-minute execution limit. For longer-running tasks, consider ECS Fargate or EC2.
3. S3 Object Lock provides immutable storage with compliance features. Versioning must be enabled to use Object Lock.
4. Eliminate options that don't meet the core requirements. Look for solutions that are over-engineered, under-powered, or miss key constraints mentioned in the question.
5. Apply the Cost Optimization pillar: right-size resources, use appropriate pricing models (on-demand vs reserved vs spot), and eliminate waste."
909,910,TMC,"1. Eliminate options that don't meet the core requirements. Look for solutions that are over-engineered, under-powered, or miss key constraints mentioned in the question.
2. This tests secure architecture design. Focus on defense in depth, least privilege, and data protection.
3. Read the question carefully and identify all requirements before evaluating options.
4. Managed services are generally preferred over self-managed solutions for operational efficiency.
5. Consider the trade-offs between cost, performance, and operational complexity when choosing between options."
910,911,TMC,"1. Remember Lambda's 15-minute execution limit. For longer-running tasks, consider ECS Fargate or EC2.
2. Eliminate options that don't meet the core requirements. Look for solutions that are over-engineered, under-powered, or miss key constraints mentioned in the question.
3. This tests cost-optimized architecture design. Focus on resource optimization, pricing models, and cost monitoring."
911,912,TMC,"1. Remember Lambda's 15-minute execution limit. For longer-running tasks, consider ECS Fargate or EC2.
2. Eliminate options that don't meet the core requirements. Look for solutions that are over-engineered, under-powered, or miss key constraints mentioned in the question.
3. This tests secure architecture design. Focus on defense in depth, least privilege, and data protection."
912,913,TMC,"1. Focus on the key requirements: cost optimization. Always choose solutions that directly address these specific needs.
2. Spot Instances can be interrupted with 2-minute notice. Never use for stateful or critical workloads that cannot tolerate interruptions.
3. Eliminate options that don't meet the core requirements. Look for solutions that are over-engineered, under-powered, or miss key constraints mentioned in the question.
4. Apply the Cost Optimization pillar: right-size resources, use appropriate pricing models (on-demand vs reserved vs spot), and eliminate waste.
5. This tests cost-optimized architecture design. Focus on resource optimization, pricing models, and cost monitoring."
913,914,TMC,"1. S3 Object Lock provides immutable storage with compliance features. Versioning must be enabled to use Object Lock.
2. Eliminate options that don't meet the core requirements. Look for solutions that are over-engineered, under-powered, or miss key constraints mentioned in the question.
3. Apply the Reliability pillar: design for failure, use multiple AZs, implement automated recovery, and choose managed services when possible.
4. Apply the Cost Optimization pillar: right-size resources, use appropriate pricing models (on-demand vs reserved vs spot), and eliminate waste.
5. This tests cost-optimized architecture design. Focus on resource optimization, pricing models, and cost monitoring."
914,915,TMCMA,"1. Focus on the key requirements: security. Always choose solutions that directly address these specific needs.
2. Eliminate options that don't meet the core requirements. Look for solutions that are over-engineered, under-powered, or miss key constraints mentioned in the question.
3. This tests resilient architecture design. Focus on fault tolerance, disaster recovery, and high availability patterns."
915,916,TMC,"1. Eliminate options that don't meet the core requirements. Look for solutions that are over-engineered, under-powered, or miss key constraints mentioned in the question.
2. This tests secure architecture design. Focus on defense in depth, least privilege, and data protection.
3. Read the question carefully and identify all requirements before evaluating options.
4. Managed services are generally preferred over self-managed solutions for operational efficiency.
5. Consider the trade-offs between cost, performance, and operational complexity when choosing between options."
916,917,TMC,"1. Focus on the key requirements: cost optimization. Always choose solutions that directly address these specific needs.
2. Remember Lambda's 15-minute execution limit. For longer-running tasks, consider ECS Fargate or EC2.
3. Eliminate options that don't meet the core requirements. Look for solutions that are over-engineered, under-powered, or miss key constraints mentioned in the question.
4. Apply the Cost Optimization pillar: right-size resources, use appropriate pricing models (on-demand vs reserved vs spot), and eliminate waste.
5. This tests cost-optimized architecture design. Focus on resource optimization, pricing models, and cost monitoring."
917,918,TMC,"1. Eliminate options that don't meet the core requirements. Look for solutions that are over-engineered, under-powered, or miss key constraints mentioned in the question.
2. This tests secure architecture design. Focus on defense in depth, least privilege, and data protection.
3. Read the question carefully and identify all requirements before evaluating options.
4. Managed services are generally preferred over self-managed solutions for operational efficiency.
5. Consider the trade-offs between cost, performance, and operational complexity when choosing between options."
918,919,TMC,"1. Remember Lambda's 15-minute execution limit. For longer-running tasks, consider ECS Fargate or EC2.
2. Eliminate options that don't meet the core requirements. Look for solutions that are over-engineered, under-powered, or miss key constraints mentioned in the question.
3. This tests resilient architecture design. Focus on fault tolerance, disaster recovery, and high availability patterns."
919,920,TMC,"1. Remember Lambda's 15-minute execution limit. For longer-running tasks, consider ECS Fargate or EC2.
2. S3 Object Lock provides immutable storage with compliance features. Versioning must be enabled to use Object Lock.
3. Eliminate options that don't meet the core requirements. Look for solutions that are over-engineered, under-powered, or miss key constraints mentioned in the question.
4. This tests high-performing architecture design. Focus on scalability, performance optimization, and right-sizing resources."
920,921,TMC,"1. S3 Object Lock provides immutable storage with compliance features. Versioning must be enabled to use Object Lock.
2. Eliminate options that don't meet the core requirements. Look for solutions that are over-engineered, under-powered, or miss key constraints mentioned in the question.
3. Apply the Cost Optimization pillar: right-size resources, use appropriate pricing models (on-demand vs reserved vs spot), and eliminate waste.
4. This tests cost-optimized architecture design. Focus on resource optimization, pricing models, and cost monitoring."
921,922,TMCMA,"1. S3 Object Lock provides immutable storage with compliance features. Versioning must be enabled to use Object Lock.
2. Eliminate options that don't meet the core requirements. Look for solutions that are over-engineered, under-powered, or miss key constraints mentioned in the question.
3. This tests secure architecture design. Focus on defense in depth, least privilege, and data protection."
922,923,TMCMA,"1. S3 Object Lock provides immutable storage with compliance features. Versioning must be enabled to use Object Lock.
2. Eliminate options that don't meet the core requirements. Look for solutions that are over-engineered, under-powered, or miss key constraints mentioned in the question.
3. Apply the Cost Optimization pillar: right-size resources, use appropriate pricing models (on-demand vs reserved vs spot), and eliminate waste.
4. This tests cost-optimized architecture design. Focus on resource optimization, pricing models, and cost monitoring."
923,924,TMCMA,"1. Focus on the key requirements: high availability. Always choose solutions that directly address these specific needs.
2. Eliminate options that don't meet the core requirements. Look for solutions that are over-engineered, under-powered, or miss key constraints mentioned in the question.
3. This tests resilient architecture design. Focus on fault tolerance, disaster recovery, and high availability patterns."
924,925,TMCMA,"1. Remember Lambda's 15-minute execution limit. For longer-running tasks, consider ECS Fargate or EC2.
2. Eliminate options that don't meet the core requirements. Look for solutions that are over-engineered, under-powered, or miss key constraints mentioned in the question.
3. This tests secure architecture design. Focus on defense in depth, least privilege, and data protection."
925,926,TMC,"1. Eliminate options that don't meet the core requirements. Look for solutions that are over-engineered, under-powered, or miss key constraints mentioned in the question.
2. This tests secure architecture design. Focus on defense in depth, least privilege, and data protection.
3. Read the question carefully and identify all requirements before evaluating options.
4. Managed services are generally preferred over self-managed solutions for operational efficiency.
5. Consider the trade-offs between cost, performance, and operational complexity when choosing between options."
926,927,TMC,"1. Focus on the key requirements: cost optimization. Always choose solutions that directly address these specific needs.
2. Eliminate options that don't meet the core requirements. Look for solutions that are over-engineered, under-powered, or miss key constraints mentioned in the question.
3. Apply the Cost Optimization pillar: right-size resources, use appropriate pricing models (on-demand vs reserved vs spot), and eliminate waste.
4. This tests high-performing architecture design. Focus on scalability, performance optimization, and right-sizing resources."
927,928,TMCMA,"1. S3 Object Lock provides immutable storage with compliance features. Versioning must be enabled to use Object Lock.
2. Eliminate options that don't meet the core requirements. Look for solutions that are over-engineered, under-powered, or miss key constraints mentioned in the question.
3. This tests secure architecture design. Focus on defense in depth, least privilege, and data protection."
928,929,TMC,"1. Focus on the key requirements: security. Always choose solutions that directly address these specific needs.
2. Eliminate options that don't meet the core requirements. Look for solutions that are over-engineered, under-powered, or miss key constraints mentioned in the question.
3. This tests secure architecture design. Focus on defense in depth, least privilege, and data protection."
929,930,TMC,"1. Eliminate options that don't meet the core requirements. Look for solutions that are over-engineered, under-powered, or miss key constraints mentioned in the question.
2. This tests resilient architecture design. Focus on fault tolerance, disaster recovery, and high availability patterns.
3. Read the question carefully and identify all requirements before evaluating options.
4. Managed services are generally preferred over self-managed solutions for operational efficiency.
5. Consider the trade-offs between cost, performance, and operational complexity when choosing between options."
930,931,TMC,"1. Remember Lambda's 15-minute execution limit. For longer-running tasks, consider ECS Fargate or EC2.
2. Eliminate options that don't meet the core requirements. Look for solutions that are over-engineered, under-powered, or miss key constraints mentioned in the question.
3. Apply the Cost Optimization pillar: right-size resources, use appropriate pricing models (on-demand vs reserved vs spot), and eliminate waste.
4. This tests cost-optimized architecture design. Focus on resource optimization, pricing models, and cost monitoring."
931,932,TMC,"1. Focus on the key requirements: security, performance optimization. Always choose solutions that directly address these specific needs.
2. Eliminate options that don't meet the core requirements. Look for solutions that are over-engineered, under-powered, or miss key constraints mentioned in the question.
3. This tests high-performing architecture design. Focus on scalability, performance optimization, and right-sizing resources."
932,933,TMC,"1. Remember Lambda's 15-minute execution limit. For longer-running tasks, consider ECS Fargate or EC2.
2. S3 Object Lock provides immutable storage with compliance features. Versioning must be enabled to use Object Lock.
3. Spot Instances can be interrupted with 2-minute notice. Never use for stateful or critical workloads that cannot tolerate interruptions.
4. Eliminate options that don't meet the core requirements. Look for solutions that are over-engineered, under-powered, or miss key constraints mentioned in the question.
5. This tests high-performing architecture design. Focus on scalability, performance optimization, and right-sizing resources."
933,934,TMC,"1. Eliminate options that don't meet the core requirements. Look for solutions that are over-engineered, under-powered, or miss key constraints mentioned in the question.
2. This tests secure architecture design. Focus on defense in depth, least privilege, and data protection.
3. Read the question carefully and identify all requirements before evaluating options.
4. Managed services are generally preferred over self-managed solutions for operational efficiency.
5. Consider the trade-offs between cost, performance, and operational complexity when choosing between options."
934,935,TMC,"1. S3 Object Lock provides immutable storage with compliance features. Versioning must be enabled to use Object Lock.
2. Eliminate options that don't meet the core requirements. Look for solutions that are over-engineered, under-powered, or miss key constraints mentioned in the question.
3. This tests cost-optimized architecture design. Focus on resource optimization, pricing models, and cost monitoring."
935,936,TMCMA,"1. Eliminate options that don't meet the core requirements. Look for solutions that are over-engineered, under-powered, or miss key constraints mentioned in the question.
2. This tests secure architecture design. Focus on defense in depth, least privilege, and data protection.
3. Read the question carefully and identify all requirements before evaluating options.
4. Managed services are generally preferred over self-managed solutions for operational efficiency.
5. Consider the trade-offs between cost, performance, and operational complexity when choosing between options."
936,937,TMC,"1. Focus on the key requirements: high availability. Always choose solutions that directly address these specific needs.
2. S3 Object Lock provides immutable storage with compliance features. Versioning must be enabled to use Object Lock.
3. Eliminate options that don't meet the core requirements. Look for solutions that are over-engineered, under-powered, or miss key constraints mentioned in the question.
4. Apply the Cost Optimization pillar: right-size resources, use appropriate pricing models (on-demand vs reserved vs spot), and eliminate waste.
5. This tests cost-optimized architecture design. Focus on resource optimization, pricing models, and cost monitoring."
937,938,TMC,"1. Focus on the key requirements: high availability. Always choose solutions that directly address these specific needs.
2. Remember Lambda's 15-minute execution limit. For longer-running tasks, consider ECS Fargate or EC2.
3. S3 Object Lock provides immutable storage with compliance features. Versioning must be enabled to use Object Lock.
4. Eliminate options that don't meet the core requirements. Look for solutions that are over-engineered, under-powered, or miss key constraints mentioned in the question.
5. This tests high-performing architecture design. Focus on scalability, performance optimization, and right-sizing resources."
938,939,TMC,"1. Focus on the key requirements: security. Always choose solutions that directly address these specific needs.
2. Eliminate options that don't meet the core requirements. Look for solutions that are over-engineered, under-powered, or miss key constraints mentioned in the question.
3. This tests secure architecture design. Focus on defense in depth, least privilege, and data protection."
939,940,TMC,"1. Focus on the key requirements: performance optimization. Always choose solutions that directly address these specific needs.
2. Eliminate options that don't meet the core requirements. Look for solutions that are over-engineered, under-powered, or miss key constraints mentioned in the question.
3. Apply the Cost Optimization pillar: right-size resources, use appropriate pricing models (on-demand vs reserved vs spot), and eliminate waste.
4. This tests cost-optimized architecture design. Focus on resource optimization, pricing models, and cost monitoring."
940,941,TMC,"1. Eliminate options that don't meet the core requirements. Look for solutions that are over-engineered, under-powered, or miss key constraints mentioned in the question.
2. Apply the Cost Optimization pillar: right-size resources, use appropriate pricing models (on-demand vs reserved vs spot), and eliminate waste.
3. This tests cost-optimized architecture design. Focus on resource optimization, pricing models, and cost monitoring."
941,942,TMCMA,"1. Focus on the key requirements: security. Always choose solutions that directly address these specific needs.
2. S3 Object Lock provides immutable storage with compliance features. Versioning must be enabled to use Object Lock.
3. Eliminate options that don't meet the core requirements. Look for solutions that are over-engineered, under-powered, or miss key constraints mentioned in the question.
4. This tests secure architecture design. Focus on defense in depth, least privilege, and data protection."
942,943,TMC,"1. Eliminate options that don't meet the core requirements. Look for solutions that are over-engineered, under-powered, or miss key constraints mentioned in the question.
2. This tests high-performing architecture design. Focus on scalability, performance optimization, and right-sizing resources.
3. Read the question carefully and identify all requirements before evaluating options.
4. Managed services are generally preferred over self-managed solutions for operational efficiency.
5. Consider the trade-offs between cost, performance, and operational complexity when choosing between options."
943,944,TMC,"1. S3 Object Lock provides immutable storage with compliance features. Versioning must be enabled to use Object Lock.
2. Eliminate options that don't meet the core requirements. Look for solutions that are over-engineered, under-powered, or miss key constraints mentioned in the question.
3. Apply the Cost Optimization pillar: right-size resources, use appropriate pricing models (on-demand vs reserved vs spot), and eliminate waste.
4. This tests cost-optimized architecture design. Focus on resource optimization, pricing models, and cost monitoring."
944,945,TMC,"1. Eliminate options that don't meet the core requirements. Look for solutions that are over-engineered, under-powered, or miss key constraints mentioned in the question.
2. Apply the Cost Optimization pillar: right-size resources, use appropriate pricing models (on-demand vs reserved vs spot), and eliminate waste.
3. This tests cost-optimized architecture design. Focus on resource optimization, pricing models, and cost monitoring."
945,946,TMC,"1. Focus on the key requirements: scalability. Always choose solutions that directly address these specific needs.
2. Remember Lambda's 15-minute execution limit. For longer-running tasks, consider ECS Fargate or EC2.
3. DynamoDB on-demand provides instant scaling without capacity planning, while provisioned capacity requires pre-planning but can be more cost-effective for predictable workloads.
4. Eliminate options that don't meet the core requirements. Look for solutions that are over-engineered, under-powered, or miss key constraints mentioned in the question.
5. This tests high-performing architecture design. Focus on scalability, performance optimization, and right-sizing resources."
946,947,TMC,"1. Focus on the key requirements: cost optimization, high availability. Always choose solutions that directly address these specific needs.
2. Remember Lambda's 15-minute execution limit. For longer-running tasks, consider ECS Fargate or EC2.
3. DynamoDB on-demand provides instant scaling without capacity planning, while provisioned capacity requires pre-planning but can be more cost-effective for predictable workloads.
4. Eliminate options that don't meet the core requirements. Look for solutions that are over-engineered, under-powered, or miss key constraints mentioned in the question.
5. Apply the Cost Optimization pillar: right-size resources, use appropriate pricing models (on-demand vs reserved vs spot), and eliminate waste."
947,948,TMC,"1. S3 Object Lock provides immutable storage with compliance features. Versioning must be enabled to use Object Lock.
2. Eliminate options that don't meet the core requirements. Look for solutions that are over-engineered, under-powered, or miss key constraints mentioned in the question.
3. Apply the Reliability pillar: design for failure, use multiple AZs, implement automated recovery, and choose managed services when possible.
4. This tests high-performing architecture design. Focus on scalability, performance optimization, and right-sizing resources."
948,949,TMC,"1. S3 Object Lock provides immutable storage with compliance features. Versioning must be enabled to use Object Lock.
2. Eliminate options that don't meet the core requirements. Look for solutions that are over-engineered, under-powered, or miss key constraints mentioned in the question.
3. This tests high-performing architecture design. Focus on scalability, performance optimization, and right-sizing resources."
949,950,TMC,"1. Focus on the key requirements: security. Always choose solutions that directly address these specific needs.
2. Remember Lambda's 15-minute execution limit. For longer-running tasks, consider ECS Fargate or EC2.
3. Eliminate options that don't meet the core requirements. Look for solutions that are over-engineered, under-powered, or miss key constraints mentioned in the question.
4. This tests secure architecture design. Focus on defense in depth, least privilege, and data protection."
950,951,TMC,"1. Focus on the key requirements: security. Always choose solutions that directly address these specific needs.
2. Eliminate options that don't meet the core requirements. Look for solutions that are over-engineered, under-powered, or miss key constraints mentioned in the question.
3. This tests secure architecture design. Focus on defense in depth, least privilege, and data protection."
951,952,TMCMA,"1. Remember Lambda's 15-minute execution limit. For longer-running tasks, consider ECS Fargate or EC2.
2. DynamoDB on-demand provides instant scaling without capacity planning, while provisioned capacity requires pre-planning but can be more cost-effective for predictable workloads.
3. S3 Object Lock provides immutable storage with compliance features. Versioning must be enabled to use Object Lock.
4. Eliminate options that don't meet the core requirements. Look for solutions that are over-engineered, under-powered, or miss key constraints mentioned in the question.
5. This tests high-performing architecture design. Focus on scalability, performance optimization, and right-sizing resources."
952,953,TMC,"1. DynamoDB on-demand provides instant scaling without capacity planning, while provisioned capacity requires pre-planning but can be more cost-effective for predictable workloads.
2. Eliminate options that don't meet the core requirements. Look for solutions that are over-engineered, under-powered, or miss key constraints mentioned in the question.
3. This tests resilient architecture design. Focus on fault tolerance, disaster recovery, and high availability patterns."
953,954,TMC,"1. Focus on the key requirements: security. Always choose solutions that directly address these specific needs.
2. Eliminate options that don't meet the core requirements. Look for solutions that are over-engineered, under-powered, or miss key constraints mentioned in the question.
3. This tests secure architecture design. Focus on defense in depth, least privilege, and data protection."
954,955,TMC,"1. Eliminate options that don't meet the core requirements. Look for solutions that are over-engineered, under-powered, or miss key constraints mentioned in the question.
2. This tests secure architecture design. Focus on defense in depth, least privilege, and data protection.
3. Read the question carefully and identify all requirements before evaluating options.
4. Managed services are generally preferred over self-managed solutions for operational efficiency.
5. Consider the trade-offs between cost, performance, and operational complexity when choosing between options."
955,956,TMC,"1. Focus on the key requirements: security. Always choose solutions that directly address these specific needs.
2. Eliminate options that don't meet the core requirements. Look for solutions that are over-engineered, under-powered, or miss key constraints mentioned in the question.
3. This tests secure architecture design. Focus on defense in depth, least privilege, and data protection."
956,957,TMC,"1. S3 Object Lock provides immutable storage with compliance features. Versioning must be enabled to use Object Lock.
2. Eliminate options that don't meet the core requirements. Look for solutions that are over-engineered, under-powered, or miss key constraints mentioned in the question.
3. This tests secure architecture design. Focus on defense in depth, least privilege, and data protection."
957,958,TMC,"1. S3 Object Lock provides immutable storage with compliance features. Versioning must be enabled to use Object Lock.
2. NAT Gateway is fully managed and preferred over NAT Instance for operational efficiency. NAT resources must be in public subnets to provide internet access to private subnets.
3. Eliminate options that don't meet the core requirements. Look for solutions that are over-engineered, under-powered, or miss key constraints mentioned in the question.
4. Apply the Cost Optimization pillar: right-size resources, use appropriate pricing models (on-demand vs reserved vs spot), and eliminate waste.
5. This tests cost-optimized architecture design. Focus on resource optimization, pricing models, and cost monitoring."
958,959,TMC,"1. Eliminate options that don't meet the core requirements. Look for solutions that are over-engineered, under-powered, or miss key constraints mentioned in the question.
2. This tests secure architecture design. Focus on defense in depth, least privilege, and data protection.
3. Read the question carefully and identify all requirements before evaluating options.
4. Managed services are generally preferred over self-managed solutions for operational efficiency.
5. Consider the trade-offs between cost, performance, and operational complexity when choosing between options."
959,960,TMC,"1. Focus on the key requirements: performance optimization. Always choose solutions that directly address these specific needs.
2. Remember Lambda's 15-minute execution limit. For longer-running tasks, consider ECS Fargate or EC2.
3. DynamoDB on-demand provides instant scaling without capacity planning, while provisioned capacity requires pre-planning but can be more cost-effective for predictable workloads.
4. Eliminate options that don't meet the core requirements. Look for solutions that are over-engineered, under-powered, or miss key constraints mentioned in the question.
5. This tests high-performing architecture design. Focus on scalability, performance optimization, and right-sizing resources."
960,961,TMC,"1. Remember Lambda's 15-minute execution limit. For longer-running tasks, consider ECS Fargate or EC2.
2. Eliminate options that don't meet the core requirements. Look for solutions that are over-engineered, under-powered, or miss key constraints mentioned in the question.
3. Apply the Cost Optimization pillar: right-size resources, use appropriate pricing models (on-demand vs reserved vs spot), and eliminate waste.
4. This tests resilient architecture design. Focus on fault tolerance, disaster recovery, and high availability patterns."
961,962,TMC,"1. Focus on the key requirements: security. Always choose solutions that directly address these specific needs.
2. Remember Lambda's 15-minute execution limit. For longer-running tasks, consider ECS Fargate or EC2.
3. S3 Object Lock provides immutable storage with compliance features. Versioning must be enabled to use Object Lock.
4. Eliminate options that don't meet the core requirements. Look for solutions that are over-engineered, under-powered, or miss key constraints mentioned in the question.
5. This tests secure architecture design. Focus on defense in depth, least privilege, and data protection."
962,963,TMC,"1. Focus on the key requirements: security. Always choose solutions that directly address these specific needs.
2. Remember Lambda's 15-minute execution limit. For longer-running tasks, consider ECS Fargate or EC2.
3. Eliminate options that don't meet the core requirements. Look for solutions that are over-engineered, under-powered, or miss key constraints mentioned in the question.
4. This tests secure architecture design. Focus on defense in depth, least privilege, and data protection."
963,964,TMC,"1. Focus on the key requirements: security. Always choose solutions that directly address these specific needs.
2. Remember Lambda's 15-minute execution limit. For longer-running tasks, consider ECS Fargate or EC2.
3. S3 Object Lock provides immutable storage with compliance features. Versioning must be enabled to use Object Lock.
4. Eliminate options that don't meet the core requirements. Look for solutions that are over-engineered, under-powered, or miss key constraints mentioned in the question.
5. This tests secure architecture design. Focus on defense in depth, least privilege, and data protection."
964,965,TMC,"1. Focus on the key requirements: performance optimization. Always choose solutions that directly address these specific needs.
2. Eliminate options that don't meet the core requirements. Look for solutions that are over-engineered, under-powered, or miss key constraints mentioned in the question.
3. This tests high-performing architecture design. Focus on scalability, performance optimization, and right-sizing resources."
965,966,TMC,"1. Focus on the key requirements: performance optimization. Always choose solutions that directly address these specific needs.
2. Remember Lambda's 15-minute execution limit. For longer-running tasks, consider ECS Fargate or EC2.
3. Eliminate options that don't meet the core requirements. Look for solutions that are over-engineered, under-powered, or miss key constraints mentioned in the question.
4. This tests high-performing architecture design. Focus on scalability, performance optimization, and right-sizing resources."
966,967,TMC,"1. Focus on the key requirements: security. Always choose solutions that directly address these specific needs.
2. Eliminate options that don't meet the core requirements. Look for solutions that are over-engineered, under-powered, or miss key constraints mentioned in the question.
3. This tests secure architecture design. Focus on defense in depth, least privilege, and data protection."
967,968,TMC,"1. Remember Lambda's 15-minute execution limit. For longer-running tasks, consider ECS Fargate or EC2.
2. Eliminate options that don't meet the core requirements. Look for solutions that are over-engineered, under-powered, or miss key constraints mentioned in the question.
3. This tests secure architecture design. Focus on defense in depth, least privilege, and data protection."
968,969,TMC,"1. Focus on the key requirements: security. Always choose solutions that directly address these specific needs.
2. Eliminate options that don't meet the core requirements. Look for solutions that are over-engineered, under-powered, or miss key constraints mentioned in the question.
3. This tests secure architecture design. Focus on defense in depth, least privilege, and data protection."
969,970,TMC,"1. S3 Object Lock provides immutable storage with compliance features. Versioning must be enabled to use Object Lock.
2. Eliminate options that don't meet the core requirements. Look for solutions that are over-engineered, under-powered, or miss key constraints mentioned in the question.
3. Apply the Cost Optimization pillar: right-size resources, use appropriate pricing models (on-demand vs reserved vs spot), and eliminate waste.
4. This tests cost-optimized architecture design. Focus on resource optimization, pricing models, and cost monitoring."
970,971,TMC,"1. Focus on the key requirements: high availability. Always choose solutions that directly address these specific needs.
2. Remember Lambda's 15-minute execution limit. For longer-running tasks, consider ECS Fargate or EC2.
3. S3 Object Lock provides immutable storage with compliance features. Versioning must be enabled to use Object Lock.
4. Eliminate options that don't meet the core requirements. Look for solutions that are over-engineered, under-powered, or miss key constraints mentioned in the question.
5. This tests high-performing architecture design. Focus on scalability, performance optimization, and right-sizing resources."
971,972,TMC,"1. Focus on the key requirements: security. Always choose solutions that directly address these specific needs.
2. S3 Object Lock provides immutable storage with compliance features. Versioning must be enabled to use Object Lock.
3. Eliminate options that don't meet the core requirements. Look for solutions that are over-engineered, under-powered, or miss key constraints mentioned in the question.
4. This tests secure architecture design. Focus on defense in depth, least privilege, and data protection."
972,973,TMC,"1. S3 Object Lock provides immutable storage with compliance features. Versioning must be enabled to use Object Lock.
2. Eliminate options that don't meet the core requirements. Look for solutions that are over-engineered, under-powered, or miss key constraints mentioned in the question.
3. Apply the Cost Optimization pillar: right-size resources, use appropriate pricing models (on-demand vs reserved vs spot), and eliminate waste.
4. This tests cost-optimized architecture design. Focus on resource optimization, pricing models, and cost monitoring."
973,974,TMC,"1. S3 Object Lock provides immutable storage with compliance features. Versioning must be enabled to use Object Lock.
2. Eliminate options that don't meet the core requirements. Look for solutions that are over-engineered, under-powered, or miss key constraints mentioned in the question.
3. This tests secure architecture design. Focus on defense in depth, least privilege, and data protection."
974,975,TMC,"1. Remember Lambda's 15-minute execution limit. For longer-running tasks, consider ECS Fargate or EC2.
2. Eliminate options that don't meet the core requirements. Look for solutions that are over-engineered, under-powered, or miss key constraints mentioned in the question.
3. Apply the Cost Optimization pillar: right-size resources, use appropriate pricing models (on-demand vs reserved vs spot), and eliminate waste.
4. This tests cost-optimized architecture design. Focus on resource optimization, pricing models, and cost monitoring."
975,976,TMC,"1. S3 Object Lock provides immutable storage with compliance features. Versioning must be enabled to use Object Lock.
2. Eliminate options that don't meet the core requirements. Look for solutions that are over-engineered, under-powered, or miss key constraints mentioned in the question.
3. This tests high-performing architecture design. Focus on scalability, performance optimization, and right-sizing resources."
976,977,TMC,"1. Focus on the key requirements: security. Always choose solutions that directly address these specific needs.
2. DynamoDB on-demand provides instant scaling without capacity planning, while provisioned capacity requires pre-planning but can be more cost-effective for predictable workloads.
3. NAT Gateway is fully managed and preferred over NAT Instance for operational efficiency. NAT resources must be in public subnets to provide internet access to private subnets.
4. Eliminate options that don't meet the core requirements. Look for solutions that are over-engineered, under-powered, or miss key constraints mentioned in the question.
5. This tests secure architecture design. Focus on defense in depth, least privilege, and data protection."
977,978,TMC,"1. Focus on the key requirements: security. Always choose solutions that directly address these specific needs.
2. S3 Object Lock provides immutable storage with compliance features. Versioning must be enabled to use Object Lock.
3. Eliminate options that don't meet the core requirements. Look for solutions that are over-engineered, under-powered, or miss key constraints mentioned in the question.
4. This tests resilient architecture design. Focus on fault tolerance, disaster recovery, and high availability patterns."
978,979,TMC,"1. Remember Lambda's 15-minute execution limit. For longer-running tasks, consider ECS Fargate or EC2.
2. DynamoDB on-demand provides instant scaling without capacity planning, while provisioned capacity requires pre-planning but can be more cost-effective for predictable workloads.
3. Eliminate options that don't meet the core requirements. Look for solutions that are over-engineered, under-powered, or miss key constraints mentioned in the question.
4. This tests high-performing architecture design. Focus on scalability, performance optimization, and right-sizing resources."
979,980,TMC,"1. S3 Object Lock provides immutable storage with compliance features. Versioning must be enabled to use Object Lock.
2. NAT Gateway is fully managed and preferred over NAT Instance for operational efficiency. NAT resources must be in public subnets to provide internet access to private subnets.
3. Eliminate options that don't meet the core requirements. Look for solutions that are over-engineered, under-powered, or miss key constraints mentioned in the question.
4. This tests secure architecture design. Focus on defense in depth, least privilege, and data protection."
980,981,TMC,"1. Eliminate options that don't meet the core requirements. Look for solutions that are over-engineered, under-powered, or miss key constraints mentioned in the question.
2. Apply the Cost Optimization pillar: right-size resources, use appropriate pricing models (on-demand vs reserved vs spot), and eliminate waste.
3. This tests cost-optimized architecture design. Focus on resource optimization, pricing models, and cost monitoring."
981,982,TMC,"1. Focus on the key requirements: high availability. Always choose solutions that directly address these specific needs.
2. Eliminate options that don't meet the core requirements. Look for solutions that are over-engineered, under-powered, or miss key constraints mentioned in the question.
3. Apply the Cost Optimization pillar: right-size resources, use appropriate pricing models (on-demand vs reserved vs spot), and eliminate waste.
4. This tests resilient architecture design. Focus on fault tolerance, disaster recovery, and high availability patterns."
982,983,TMC,"1. Spot Instances can be interrupted with 2-minute notice. Never use for stateful or critical workloads that cannot tolerate interruptions.
2. Eliminate options that don't meet the core requirements. Look for solutions that are over-engineered, under-powered, or miss key constraints mentioned in the question.
3. Apply the Cost Optimization pillar: right-size resources, use appropriate pricing models (on-demand vs reserved vs spot), and eliminate waste.
4. This tests cost-optimized architecture design. Focus on resource optimization, pricing models, and cost monitoring."
983,984,TMC,"1. Remember Lambda's 15-minute execution limit. For longer-running tasks, consider ECS Fargate or EC2.
2. S3 Object Lock provides immutable storage with compliance features. Versioning must be enabled to use Object Lock.
3. Eliminate options that don't meet the core requirements. Look for solutions that are over-engineered, under-powered, or miss key constraints mentioned in the question.
4. This tests high-performing architecture design. Focus on scalability, performance optimization, and right-sizing resources."
984,985,TMC,"1. Remember Lambda's 15-minute execution limit. For longer-running tasks, consider ECS Fargate or EC2.
2. Eliminate options that don't meet the core requirements. Look for solutions that are over-engineered, under-powered, or miss key constraints mentioned in the question.
3. This tests high-performing architecture design. Focus on scalability, performance optimization, and right-sizing resources."
985,986,TMC,"1. Focus on the key requirements: security. Always choose solutions that directly address these specific needs.
2. Eliminate options that don't meet the core requirements. Look for solutions that are over-engineered, under-powered, or miss key constraints mentioned in the question.
3. Apply the Reliability pillar: design for failure, use multiple AZs, implement automated recovery, and choose managed services when possible.
4. This tests secure architecture design. Focus on defense in depth, least privilege, and data protection."
986,987,TMC,"1. Focus on the key requirements: high availability, scalability, performance optimization. Always choose solutions that directly address these specific needs.
2. Spot Instances can be interrupted with 2-minute notice. Never use for stateful or critical workloads that cannot tolerate interruptions.
3. Eliminate options that don't meet the core requirements. Look for solutions that are over-engineered, under-powered, or miss key constraints mentioned in the question.
4. This tests high-performing architecture design. Focus on scalability, performance optimization, and right-sizing resources."
